user_id,username,email,achievements,repos,Gold,Silver,Bronze
499550,yyx990803,,71,183,0,0,0
810438,gaearon,dan.abramov@gmail.com,77,265,0,0,0
905434,ruanyf,yifeng.ruan@gmail.com,27,67,0,0,0
12994887,peng-zhihui,peng-zhihui@foxmail.com,0,55,0,0,0
66577,JakeWharton,j@ke.fyi,54,128,0,0,0
5550850,bradtraversy,traversymedia@gmail.com,47,259,0,0,0
170270,sindresorhus,sindresorhus@gmail.com,96,1063,0,0,0
25254,tj,tj@apex.sh,551,296,0,0,0
241138,karpathy,andrej.karpathy@gmail.com,8,48,0,0,0
110953,addyosmani,addyosmani@gmail.com,176,313,0,0,0
54322854,rafaballerini,contatorafaballerini@gmail.com,1,47,0,0,0
150330,getify,getify@gmail.com,399,65,0,0,0
1279609,llSourcell,,206,458,0,0,0
470058,michaelliao,askxuefeng@gmail.com,0,74,0,0,0
72895,geohot,,18,81,0,0,0
39191,paulirish,,119,331,0,0,0
176013,wesbos,wes@wesbos.com,67,335,0,0,0
80,ry,ry@tinyclouds.org,301,50,0,0,0
1500684,kentcdodds,me+github@kentcdodds.com,238,679,0,0,0
463230,taylorotwell,taylor@laravel.com,9,28,0,0,0
4248081,filipedeschamps,,0,18,0,0,0
5003903,StephenGrider,,12,117,0,0,0
7872329,benawad,,135,248,0,0,0
2254731,diego3g,diego.schell.f@gmail.com,161,61,0,0,0
8547538,buckyroberts,,23,42,0,0,0
4921183,kamranahmedse,kamranahmed.se@gmail.com,16,93,0,0,0
9838872,iamshaunjp,,2,106,0,0,0
2503423,daimajia,daimajia@gmail.com,8,72,0,0,0
4196,hadley,h.wickham@gmail.com,181,306,0,0,0
1,mojombo,tom@mojombo.com,62,64,0,0,0
39717099,WebDevSimplified,kyle@webdevsimplified.com,1,180,0,0,0
98681,mdo,markdotto@gmail.com,11,32,0,0,0
230541,mbostock,mike@ocks.org,1043,76,0,0,0
2281088,sdras,sarah.drasner@gmail.com,5,101,0,0,0
2,defunkt,,273,107,0,0,0
262641,douglascrockford,,0,16,0,0,0
327019,JacksonTian,shyvo1987@gmail.com,77,249,0,0,0
11247099,antfu,hi@antfu.me,39,269,0,0,0
788678,dmalan,malan@harvard.edu,3,18,0,0,0
1123322,kelseyhightower,kelsey.hightower@gmail.com,241,195,0,0,0
97088,mrdoob,,70,40,0,0,0
19408436,MorvanZhou,,1,37,0,0,0
3771963,jwasham,,1,31,0,0,0
2894642,gvanrossum,,12,25,0,0,0
42698533,kunal-kushwaha,kunalkushwaha453@gmail.com,1,158,0,0,0
472311,phodal,h@phodal.com,14,357,0,0,0
729648,cloudwu,cloudwu@gmail.com,53,128,0,0,0
343936,keijiro,keijiro@gmail.com,208,726,0,0,0
191758,shiffman,,56,154,0,0,0
378,tpope,tpope@tpope.net,56,88,0,0,0
20041231,krishnaik06,krishnaik06@gmail.com,0,254,0,0,0
1326112,tiangolo,tiangolo@gmail.com,1,61,0,0,0
7396,mitsuhiko,armin.ronacher@active-4.com,268,276,0,0,0
5458997,donnemartin,donne.martin@gmail.com,0,27,0,0,0
31110235,developedbyed,,0,72,0,0,0
1615,jeresig,jeresig@gmail.com,20,108,0,0,0
227486,chrisbanes,,21,42,0,0,0
773569,vczh,,9,13,0,0,0
65632,antirez,antirez@gmail.com,214,69,0,0,0
5618407,rasbt,,11,111,0,0,0
1169522,Trinea,trinea.cn@gmail.com,9,24,0,0,0
6509565,gamemann,christianmdeacon@gmail.com,10,120,0,0,0
7659,mattt,,57,79,0,0,0
481677,geerlingguy,,51,263,0,0,0
1073082,clowwindy,,28,51,0,0,0
359395,justjavac,justjavac@gmail.com,15,351,0,0,0
108653,lucidrains,lucidrains@gmail.com,27,236,0,0,0
35348871,techwithtim,,0,106,0,0,0
1305617,jlord,jlord@github.com,44,168,0,0,0
781659,jakevdp,,68,220,0,0,0
59545,loiane,,35,348,0,0,0
10825609,halfrost,i@halfrost.com,0,29,0,0,0
421857,mli,,1,20,0,0,0
8030945,codingforentrepreneurs,hello@teamcfe.com,6,162,0,0,0
1202528,johnpapa,,58,141,0,0,0
1019875,onevcat,onevcat@gmail.com,122,203,0,0,0
183223,JeffreyWay,jeffrey@laracasts.com,160,63,0,0,0
10172199,codediodeio,hello@fireship.io,39,63,0,0,0
42133389,john-smilga,,0,244,0,0,0
175836,LeaVerou,,563,93,0,0,0
4266663,SebLague,sebastlague@gmail.com,0,78,0,0,0
710255,fchollet,francois.chollet@gmail.com,10,15,0,0,0
233907,astaxie,xiemengjun@gmail.com,9,78,0,0,0
152970,xiaolai,lixiaolai@gmail.com,49,45,0,0,0
779050,Ovilia,me@zhangwenli.com,10,65,0,0,0
190846,RubyLouvre,cheng19840218@gmail.com,0,129,0,0,0
5439991,brunosimon,,5,72,0,0,0
1162160,Rich-Harris,richard.a.harris@gmail.com,108,355,0,0,0
53802153,ProgrammingHero1,,0,450,0,0,0
11951801,taniarascia,hello@taniarascia.com,97,49,0,0,0
396124,yinwang0,,4,20,0,0,0
2946214,unknwon,,11,37,0,0,0
7474657,jackfrued,,0,106,0,0,0
387866,goodfeli,,0,18,0,0,0
121766,feross,feross@feross.org,16,146,0,0,0
9582,josevalim,jose.valim@dashbit.co,140,21,0,0,0
35128,sorrycc,sorrycc@gmail.com,49,211,0,0,0
9287,isaacs,i@izs.me,1334,433,0,0,0
173412,spf13,steve.francia@gmail.com,13,105,0,0,0
8798027,angelabauer,,24,37,0,0,0
20297227,bailicangdu,1264889788@qq.com,0,22,0,0,0
3000285,trekhleb,,0,21,0,0,0
24898559,adrianhajdin,contact@jsmastery.pro,46,71,0,0,0
4732,jashkenas,jashkenas@gmail.com,388,23,0,0,0
6643122,maykbrito,,28,103,0,0,0
1290639,jadijadi,jadijadi@gmail.com,8,65,0,0,0
329591,wesm,,68,118,0,0,0
70,schacon,schacon@gmail.com,91,197,0,0,0
10704521,hongyangAndroid,623565791@qq.com,9,99,0,0,0
47313,fabpot,fabien@symfony.com,12,72,0,0,0
5877145,angusshire,angus.hung@berkeley.edu,0,18,0,0,0
1445228,jessfraz,,27,141,0,0,0
51362610,kubowania,,0,115,0,0,0
245270,BYVoid,,13,37,0,0,0
36901,unclebob,unclebob@cleancoder.com,31,53,0,0,0
13041,rauchg,rauchg@gmail.com,30,127,0,0,0
26119052,fengdu78,haiguang2000@qq.com,0,16,0,0,0
36225427,Code-Bullet,,0,27,0,0,0
6493255,draveness,i@draveness.me,27,50,0,0,0
382813,laruence,laruence@php.net,115,27,0,0,0
14139137,in28minutes,in28minutes@gmail.com,3,101,0,0,0
839283,ibireme,ibireme@gmail.com,2,22,0,0,0
76661,ageron,,18,61,0,0,0
69767,esin,andrey@esin.name,7,38,0,0,0
8121621,PanJiaChen,panfree23@gmail.com,6,72,0,0,0
1454517,cassidoo,,39,141,0,0,0
629429,hakimel,hakim.elhattab@gmail.com,16,27,0,0,0
35563440,KalleHallden,,0,53,0,0,0
105127,developit,,215,333,0,0,0
11997567,chiphuyen,,1,26,0,0,0
6692364,florinpop17,popflorin1705@yahoo.com,44,84,0,0,0
2715854,miguelgrinberg,,20,182,0,0,0
108380,rakyll,,13,224,0,0,0
9008063,Asabeneh,asabeneh@gmail.com,22,147,0,0,0
8266075,DIYgod,i@diygod.me,3,82,0,0,0
1310570,soumith,,77,166,0,0,0
81942,mathiasbynens,,58,573,0,0,0
4458174,ThePrimeagen,the.primeagen@gmail.com,0,167,0,0,0
1561955,midudev,miduga@gmail.com,11,179,0,0,0
56241,agentzh,agentzh@gmail.com,92,68,0,0,0
13146172,gopinav,,0,56,0,0,0
3624098,acdlite,hi@andrewclark.io,20,72,0,0,0
26037703,liyupi,592789970@qq.com,0,64,0,0,0
1153134,muan,,3,138,0,0,0
2681894,sandhikagalih,sandhikagalih@gmail.com,3,63,0,0,0
536297,fouber,fouber.NET@gmail.com,9,168,0,0,0
8784712,egoist,hi@egoist.dev,160,763,0,0,0
16066224,brianyu28,brian@brianyu.me,0,34,0,0,0
2230894,vbuterin,,9,49,0,0,0
1299,mitchellh,mitchell.hashimoto@gmail.com,96,136,0,0,0
999523,btholt,,11,136,0,0,0
2621,bradfitz,brad@danga.com,59,112,0,0,0
1014558,haoel,haoel@hotmail.com,6,23,0,0,0
12619420,iampawan,mtechviral@gmail.com,9,226,0,0,0
42710380,abuanwar072,abuanwar072@gmail.com,15,64,0,0,0
11458263,mqyqingfeng,mqyqingfeng@qq.com,0,29,0,0,0
2892,shanselman,scott@hanselman.com,45,196,0,0,0
10111,mattn,mattn.jp@gmail.com,1929,1861,0,0,0
100155,romannurik,,25,54,0,0,0
18186995,AYIDouble,,1,59,0,0,0
153183,sofish,,95,43,0,0,0
2015545,YunaiV,zhijiantianya@gmail.com,0,82,0,0,0
71552773,peter-kimanzi,,2,83,0,0,0
29150857,LukeSmithxyz,luke@lukesmith.xyz,6,29,0,0,0
2577440,tqchen,,2,33,0,0,0
93594,jakearchibald,,94,223,0,0,0
239676,necolas,,42,77,0,0,0
449558,amueller,t3kcit+githubspam@gmail.com,56,189,0,0,0
282759,benbalter,ben@balter.com,60,226,0,0,0
95136,davidfowl,,152,236,0,0,0
4,wycats,wycats@gmail.com,760,277,0,0,0
1195774,miloyip,miloyip@gmail.com,11,29,0,0,0
398893,zenorocha,,49,133,0,0,0
2352090,offensive-security,,0,27,0,0,0
7830161,QianMo,,0,37,0,0,0
231074,chenshuo,chenshuo@chenshuo.com,42,47,0,0,0
406394,evanw,,20,118,0,0,0
35374649,anuraghazra,hazru.anurag@gmail.com,29,158,0,0,0
29597,bvaughn,brian.david.vaughn@gmail.com,63,151,0,0,0
411832,samyk,git@samy.pl,10,143,0,0,0
38546,nzakas,,53,57,0,0,0
3817366,CoderMJLee,,0,15,0,0,0
58276,tomnomnom,mail@tomnomnom.com,41,98,0,0,0
869684,romainguy,romainguy@curious-creature.com,4,18,0,0,0
29451794,lydiahallie,,1,55,0,0,0
5359011,ustbhuangyi,,0,74,0,0,0
29880145,Snailclimb,,0,18,0,0,0
1655968,toddmotto,,47,76,0,0,0
5441280,mosh-hamedani,,1,16,0,0,0
15620553,ForrestKnight,forrest.knight.yt@gmail.com,0,21,0,0,0
179065,haileys,hailey@hailey.lol,176,318,0,0,0
455023,mgechev,mgechev@gmail.com,117,363,0,0,0
60048274,teteusAraujo,,0,17,0,0,0
6820,sophiebits,hi@sophiebits.com,28,164,0,0,0
4324516,robpike,,1,20,0,0,0
726566,wintercn,csf178@gmail.com,35,51,0,0,0
52171,mnielsen,mn@michaelnielsen.org,1,35,0,0,0
3438503,Klerith,,173,430,0,0,0
4323180,adamwathan,,28,168,0,0,0
10206539,engindemirog,engindemirog@gmail.com,0,27,0,0,0
5580297,tannerlinsley,,66,110,0,0,0
69156,chriscoyier,chriscoyier@gmail.com,155,50,0,0,0
302108,pjreddie,,0,46,0,0,0
403133,dennybritz,,5,61,0,0,0
5905296,Sentdex,harrison@pythonprogramming.net,6,31,0,0,0
10776230,aneagoie,,4,137,0,0,0
13897257,acenelio,acenelio@gmail.com,0,282,0,0,0
3391170,dyc87112,dyc87112@qq.com,0,56,0,0,0
1833474,wasabeef,,11,45,0,0,0
6288722,JohnHammond,,33,60,0,0,0
8461930,CleverProgrammer,qazi@cleverprogrammer.com,27,165,0,0,0
61658,colah,chris@colah.ca,1,53,0,0,0
3124,tenderlove,,732,340,0,0,0
17043402,mouredev,braismoure@mouredev.com,2,33,0,0,0
1475290,TheCherno,,2,34,0,0,0
5080126,wizardforcel,admin@flygon.net,13,72,0,0,0
2605401,kenjinote,,54,553,0,0,0
1882093,AllenDowney,downey@allendowney.com,21,132,0,0,0
3118295,i5ting,i5ting@126.com,11,893,0,0,0
100200,ryanflorence,rpflorence@gmail.com,789,249,0,0,0
4979648,ityouknow,ityouknow@126.com,5,28,0,0,0
2718714,jcjohnson,,24,35,0,0,0
25749407,kevin-powell,hi@kevinpowell.co,3,91,0,0,0
772,alex,alex.gaynor@gmail.com,80,526,0,0,0
163582,yihui,,54,107,0,0,0
290496,lepture,,58,198,0,0,0
817739,jvns,julia@jvns.ca,79,150,0,0,0
169705,fat,jacob.thornton@coinbase.com,23,44,0,0,0
5502029,typicode,typicode@gmail.com,0,73,0,0,0
16237870,Pierian-Data,,22,24,0,0,0
2911921,ChenYilong,luohanchenyilong@163.com,1,35,0,0,0
10652,igrigorik,ilya@grigorik.com,154,75,0,0,0
176295,jonhoo,jon@thesquareplanet.com,48,229,0,0,0
54473,joshlong,,95,49,0,0,0
952783,jamiebuilds,,144,669,0,0,0
1315101,yangshun,tay.yang.shun@gmail.com,47,92,0,0,0
3488554,jhaddix,,13,52,0,0,0
1365881,sokra,,7,124,0,0,0
4088573,liaohuqiu,liaohuqiu@gmail.com,7,127,0,0,0
15308811,MisterBooo,278166530@qq.com,0,88,0,0,0
48705673,CodeWithHarry,,3,19,0,0,0
104030,rsc,rsc@swtch.com,13,134,0,0,0
20723,audreyt,audreyt@audreyt.org,89,337,0,0,0
57312267,BEPb,,0,33,0,0,0
20826081,clementmihailescu,,0,11,0,0,0
3346407,carpedm20,,11,191,0,0,0
61248995,bedimcode,,0,87,0,0,0
46275,munificent,,55,42,0,0,0
8296040,GoesToEleven,todd.mcleod@fresnocitycollege.edu,19,57,0,0,0
16872370,Jack-Cherish,c411184003@gmail.com,0,17,0,0,0
15903809,macrozheng,macrozheng@126.com,0,17,0,0,0
1294760,easychen,,20,171,0,0,0
73924,koush,,313,356,0,0,0
9113740,leerob,me@leerob.io,3,42,0,0,0
1332805,craftzdog,,32,146,0,0,0
156269,fengmk2,fengmk2@gmail.com,81,204,0,0,0
359239,shiftkey,github@brendanforster.com,110,173,0,0,0
4454687,rengwuxian,rengwuxian@gmail.com,0,60,0,0,0
5214214,drakeet,drakeet@drakeet.com,15,15,0,0,0
24237865,skydoves,skydoves2@gmail.com,37,63,0,0,0
3604053,cusspvz,,5,161,0,0,0
2479967,rwieruch,,7,145,0,0,0
20520380,atilsamancioglu,,1,418,0,0,0
4060187,jaredpalmer,hello@jaredpalmer.com,113,180,0,0,0
533114,mercyblitz,mercyblitz@gmail.com,0,33,0,0,0
56682134,htr-tech,,3,29,0,0,0
6509492,justmarkham,,2,38,0,0,0
438920,fatih,,43,59,0,0,0
63648,sebmarkbage,sebastian@calyptus.eu,67,72,0,0,0
8060102,ErickWendel,erick.workspace@gmail.com,77,257,0,0,0
25128336,BilgisayarKavramlari,,0,13,0,0,0
19343,ai,andrey@sitnik.ru,19,71,0,0,0
80167324,meehawk,,0,84,0,0,0
8030961,cyanharlow,cyanharlow@gmail.com,0,16,0,0,0
977348,jordwalke,,18,122,0,0,0
161,ryanb,ryan@railscasts.com,63,63,0,0,0
456674,BurntSushi,,6,156,0,0,0
70382532,arthurspk,,0,161,0,0,0
52195,mcollina,matteo.collina@gmail.com,58,488,0,0,0
8554143,chokcoco,308695699@qq.com,1,66,0,0,0
13700,remy,remy@leftlogic.com,252,319,0,0,0
2057443,liuyubobobo,liuyubobobo@gmail.com,1,35,0,0,0
3346272,singwhatiwanna,singwhatiwanna@gmail.com,0,26,0,0,0
9159613,bojone,,0,101,0,0,0
2840,akitaonrails,,100,91,0,0,0
343491,pengzhile,,0,29,0,0,0
8199968,Elfocrash,nick@nickchapsas.com,2,48,0,0,0
159209,ahmetb,ahmetalpbalkan@gmail.com,29,213,0,0,0
8255800,521xueweihan,595666367@qq.com,11,133,0,0,0
733097,tangqiaoboy,,7,43,0,0,0
7987365,DeborahK,,0,78,0,0,0
8678661,Germey,cqc@cuiqingcai.com,9,183,0,0,0
5498438,Colt,,38,136,0,0,0
10770362,CarGuo,,0,53,0,0,0
439365,daneden,dan.eden@me.com,170,99,0,0,0
17604010,jasineri,,0,12,0,0,0
1571674,jtleek,,20,109,0,0,0
639601,zcbenz,,1,28,0,0,0
8855632,felangel,felangelov@gmail.com,293,114,0,0,0
7337301,topjohnwu,,1,45,0,0,0
1676321,jamesmontemagno,,155,334,0,0,0
10575098,springframeworkguru,,2,188,0,0,0
9877145,amitshekhariitbhu,amit.shekhar.iitbhu@gmail.com,40,52,0,0,0
9612,rdpeng,,0,78,0,0,0
20851561,simplesteph,,12,70,0,0,0
1101211,brendangregg,,51,42,0,0,0
53933333,philipplackner,,4,181,0,0,0
3603793,felipefialho,hi@felipefialho.com,15,32,0,0,0
37809113,hmaverickadams,,0,15,0,0,0
700826,junegunn,junegunn.c@gmail.com,36,145,0,0,0
25218,sebastianbergmann,sebastian@phpunit.de,24,70,0,0,0
6599979,bchiang7,brittany.chiang@gmail.com,26,63,0,0,0
1472352,overtrue,anzhengchao@gmail.com,29,114,0,0,0
306134,wcandillon,,50,160,0,0,0
49580304,noob-hackers,,1,24,0,0,0
3991845,willianjusten,willianjustenqui@gmail.com,6,106,0,0,0
2466701,JohnSundell,,62,64,0,0,0
1183441,abhishekkrthakur,,12,78,0,0,0
2725159,xufei,xu.fei@outlook.com,1,40,0,0,0
206848,Jinjiang,zhaojinjiang@me.com,0,67,0,0,0
782127,ardalis,steve@kentsmiths.com,12,240,0,0,0
17446480,mitchtabian,mitch@tabian.ca,436,176,0,0,0
58962,mxcl,mxcl@me.com,46,58,0,0,0
6508763,dalindev,dhuan023@gmail.com,5,26,0,0,0
624760,eddiejaoude,eddie@jaoudestudios.com,23,256,0,0,0
7581348,alyssaxuu,,0,15,0,0,0
507615,afc163,afc163@gmail.com,8,246,0,0,0
7525670,mxstbr,contact@mxstbr.com,20,276,0,0,0
39759,maxogden,,520,753,0,0,0
1905176,shengxinjing,316783812@qq.com,1,325,0,0,0
551151,Yangqing,jiayq@eecs.berkeley.edu,4,48,0,0,0
1225294,FiloSottile,github@filippo.io,68,81,0,0,0
7193438,stebsnusch,contact@stebs.dev,0,17,0,0,0
54278053,PatrickAlphaC,,72,225,0,0,0
1360604,android10,android10@fernandocejas.com,21,73,0,0,0
92839,mjackson,michael@jackson.us,77,174,0,0,0
103772,commonsguy,,6,22,0,0,0
86922,evilsocket,,36,154,0,0,0
50654,danielmiessler,daniel@danielmiessler.com,11,56,0,0,0
196477,f,,87,237,0,0,0
69136464,MosFazli,,0,65,0,0,0
706,tekkub,,214,22,0,0,0
1063891,oldratlee,oldratlee@gmail.com,29,50,0,0,0
1369170,notwaldorf,,9,84,0,0,0
5948934,nicknochnack,,8,164,0,0,0
82317,cheshire137,,13,113,0,0,0
7559318,lucasmontano,,2,26,0,0,0
17011,jskeet,skeet@pobox.com,107,70,0,0,0
652070,vinta,vinta.chen@gmail.com,3,26,0,0,0
1190634,rbgirshick,,0,17,0,0,0
1857282,dabit3,dabit3@gmail.com,345,375,0,0,0
3797675,stefanprodan,,27,84,0,0,0
364727,ericelliott,,294,133,0,0,0
5563315,Huxpro,,14,83,0,0,0
2829600,GrahamCampbell,,9,35,0,0,0
1383811,mattdesl,,333,617,0,0,0
190200,twostraws,paul@hackingwithswift.com,8,61,0,0,0
27786,steveklabnik,steve@steveklabnik.com,162,818,0,0,0
26716802,s0md3v,s0md3v@gmail.com,16,46,0,0,0
40702606,amigoscode,,0,44,0,0,0
47046,rsms,rasmus@notion.se,209,176,0,0,0
785317,cornflourblue,,7,179,0,0,0
2456832,ElzeroWebSchool,,1,31,0,0,0
31433211,Kwynto,,1,18,0,0,0
2723,holman,zach@zachholman.com,25,57,0,0,0
6553256,yuanming-hu,,0,49,0,0,0
1924757,junyanz,,0,14,0,0,0
3408176,TheLarkInn,selarkin@microsoft.com,53,260,0,0,0
1683811,hehonghui,,0,286,0,0,0
49599193,historicalsource,,0,314,0,0,0
15064847,mustafamuratcoskun,coskun.m.murat@gmail.com,13,31,0,0,0
5711185,phith0n,,26,61,0,0,0
1719223,rhiever,randal.s.olson@gmail.com,17,78,0,0,0
16095164,mschwarzmueller,,0,43,0,0,0
74385,rstacruz,,151,557,0,0,0
462761,jeffheaton,,2,55,0,0,0
13667358,fazt,fazt@faztweb.com,9,164,0,0,0
11837941,matheusbattisti,,2,98,0,0,0
7171,davecheney,,73,160,0,0,0
9853732,nahamsec,,6,21,0,0,0
915281,koushikkothagal,,4,57,0,0,0
5151193,byt3bl33d3r,byt3bl33d3r@pm.me,60,73,0,0,0
133019,swankjesse,jwilson@squareup.com,91,24,0,0,0
546885,nicklockwood,,45,97,0,0,0
1680273,jaywcjlove,kennyiseeyou@gmail.com,2,131,0,0,0
14251570,mstraughan86,,19,28,0,0,0
973269,barryvdh,barry@fruitcake.nl,42,290,0,0,0
88177839,HashLips,,0,21,0,0,0
327203,rougier,Nicolas.Rougier@inria.fr,52,269,0,0,0
16091562,Fndroid,,16,83,0,0,0
216080,nikic,github@npopov.com,73,98,0,0,0
64323124,cami-la,camiladsantoscavalcante@gmail.com,6,145,0,0,0
42032303,geektime-geekbang,,0,53,0,0,0
45469,ljharb,,11,220,0,0,0
12152583,swisskyrepo,,2,17,0,0,0
13198583,hackedteam,,0,53,0,0,0
7671983,emmabostian,,210,59,0,0,0
239742,petehunt,,28,184,0,0,0
90512,staltz,contact@staltz.com,43,368,0,0,0
85566,desandro,,84,69,0,0,0
3451712,jxnblk,,46,263,0,0,0
960133,ahmadawais,me@AhmadAwais.com,299,745,0,0,0
376661,mafintosh,mathiasbuus@gmail.com,429,914,0,0,0
649249,prakhar1989,prakhar@prakhar.me,72,154,0,0,0
13791385,omariosouto,,111,326,0,0,0
15341846,LaravelDaily,info@laraveldaily.com,2,307,0,0,0
17815,mpj,,131,142,0,0,0
10335230,coderwhy,,0,32,0,0,0
47347516,bubbliiiing,,0,123,0,0,0
23244943,kamilmysliwiec,mail@kamilmysliwiec.com,0,43,0,0,0
20859208,guolindev,,0,15,0,0,0
56260,nat,nat@github.com,3,13,0,0,0
49038,orta,git@orta.io,136,941,0,0,0
3646955,qiwsir,qiwsir@gmail.com,0,309,0,0,0
51851491,dataprofessor,,24,172,0,0,0
7304399,hussien89aa,,0,52,0,0,0
144427,marijnh,marijn@haverbeke.berlin,43,49,0,0,0
1909539,chenglou,chenglou92@gmail.com,38,163,0,0,0
22679022,davidbombal,,0,15,0,0,0
64469262,algorithmzuo,,0,15,0,0,0
5702664,rwightman,,19,70,0,0,0
171016,nihui,,20,167,0,0,0
37220920,labuladong,labuladong@foxmail.com,1,30,0,0,0
20165741,rrousselGit,darky12s@gmail.com,39,58,0,0,0
46163555,PySimpleGUI,,0,25,0,0,0
1254808,jgthms,,27,81,0,0,0
104387283,JCSIVO,,0,28,0,0,0
3035071,skywind3000,,14,128,0,0,0
4209276,sharkdp,,29,102,0,0,0
16750345,mrdbourke,,11,58,0,0,0
4624113,Magicianred,magicianred@gmail.com,1,1722,0,0,0
10578605,ZhangMYihua,yihuazhang2@gmail.com,2,142,0,0,0
1658058,evancz,,37,36,0,0,0
7929704,LingDong-,lingdong0618@hotmail.com,13,57,0,0,0
418638,nfultz,nfultz@gmail.com,8,190,0,0,0
242242,greenrobot,,14,21,0,0,0
12132898,Alvin9999,,0,98,0,0,0
1940490,dtolnay,dtolnay@gmail.com,2,101,0,0,0
15684156,crossoverJie,crossoverJie@gmail.com,0,98,0,0,0
6673982,MichalPaszkiewicz,,2,66,0,0,0
391987,lemire,lemire@gmail.com,52,277,0,0,0
7036736,vivekweb2013,vivekweb2013@gmail.com,6,21,0,0,0
313317,BrendanEich,,5,13,0,0,0
98638443,ValentineFernandes,,0,66,0,0,0
21979,appleboy,appleboy.tw@gmail.com,51,528,0,0,0
216426,planetoftheweb,ray@planetoftheweb.com,188,208,0,0,0
1476232,mikepenz,opensource@mikepenz.dev,11,90,0,0,0
512439,moxie0,,5,19,0,0,0
7760496,jojoldu,jojoldu@gmail.com,11,214,0,0,0
4279697,nswbmw,,4,127,0,0,0
7491283,rodrigobranas,rodrigo.branas@gmail.com,2,170,0,0,0
395137,Grafikart,,14,44,0,0,0
1820165,afollestad,,21,28,0,0,0
5457236,nunomaduro,enunomaduro@gmail.com,23,225,0,0,0
111951,mhevery,misko@hevery.com,25,72,0,0,0
2178243,antoniolg,c@antonioleiva.com,6,69,0,0,0
496048,zhangxinxu,,0,27,0,0,0
6792642,sebastianruder,sebastian@ruder.io,7,32,0,0,0
4198311,skyzh,iskyzh@gmail.com,55,95,0,0,0
1061138,evilcos,evilcos@gmail.com,5,11,0,0,0
33843378,divanov11,,1,87,0,0,0
2658040,BaseMax,MaxBaseCode@Gmail.Com,2,547,0,0,0
3192087,yanhaijing,yanhaijing@yeah.net,17,111,0,0,0
10633817,xuxueli,931591021@qq.com,0,13,0,0,0
547147,knadh,kailash@nadh.in,14,63,0,0,0
1147375,alsotang,alsotang@gmail.com,33,201,0,0,0
60375692,AlexTheAnalyst,,0,12,0,0,0
588473,hzoo,,40,187,0,0,0
520208,fogleman,michael.fogleman@gmail.com,73,141,0,0,0
22436957,amusi,1609951733@qq.com,0,255,0,0,0
4233744,tiann,twsxtd@gmail.com,9,111,0,0,0
10386605,aymericdamien,,1,12,0,0,0
617481,domenic,d@domenic.me,205,212,0,0,0
71256,TooTallNate,,189,366,0,0,0
25395,mourner,agafonkin@gmail.com,62,79,0,0,0
104498,jbogard,jimmy.bogard@gmail.com,518,139,0,0,0
253398,NARKOZ,hello@42na.in,12,94,0,0,0
1150114,LeonidasEsteban,,10,203,0,0,0
4299420,joyeecheung,joyeec9h3@gmail.com,31,97,0,0,0
14097,graydon,graydon@pobox.com,13,571,0,0,0
8636020,youngyangyang04,,0,37,0,0,0
599454,jennybc,,69,186,0,0,0
316498,akira-cn,akira.cn@gmail.com,18,116,0,0,0
89353,creationix,tim@creationix.com,427,479,0,0,0
238208,ebidel,,45,76,0,0,0
50130,leebyron,lee@leebyron.com,38,104,0,0,0
286616,kenwheeler,ken_wheeler@me.com,52,108,0,0,0
1128784,markerikson,,75,64,0,0,0
536854,huangz1990,,11,44,0,0,0
6764957,sw-yx,,76,645,0,0,0
522344,alanhamlett,,22,85,0,0,0
5424927,vakila,anjanavakil@gmail.com,3,36,0,0,0
22536595,liuhuanyong,lhy_in_blcu@126.com,0,87,0,0,0
6692932,joshwcomeau,,48,212,0,0,0
751944,csswizardry,,129,54,0,0,0
2933430,tylermcginnis,,31,135,0,0,0
12161158,LiveOverflow,liveoverflow@gmail.com,22,21,0,0,0
841039,jhcloos,,0,14,0,0,0
98177,JeffreyZhao,jeffz@live.com,82,35,0,0,0
6635511,gaoxiang12,gao.xiang.thu@gmail.com,0,45,0,0,0
177011,bagder,daniel@haxx.se,90,44,0,0,0
3849072,hellokaton,,76,87,0,0,0
3127317,sudheerj,,0,62,0,0,0
5898848,williamfiset,william.alexandre.fiset@gmail.com,0,19,0,0,0
7977505,eriklindernoren,eriklindernoren@gmail.com,0,24,0,0,0
3076393,KevinHock,kevin.hock.opentoall@gmail.com,0,43,0,0,0
9136322,wepe,masterwepon@163.com,2,28,0,0,0
1163554,ashleygwilliams,,176,351,0,0,0
579,mikeal,mikeal.rogers@gmail.com,210,484,0,0,0
671378,kevinsawicki,kevin@github.com,15,201,0,0,0
7262715,geeeeeeeeek,tongzhongyichina@gmail.com,3,52,0,0,0
985197,QuincyLarson,,58,53,0,0,0
7896101,ChrisTitusTech,,17,68,0,0,0
62077627,CharlesCreativeContent,,0,59,0,0,0
49262,jart,jtunney@gmail.com,55,201,0,0,0
824191,freddier,freddier@gmail.com,1,14,0,0,0
5518,huacnlee,huacnlee@gmail.com,137,141,0,0,0
1128849,mholt,,24,52,0,0,0
14146560,HcySunYang,HcySunYang@outlook.com,0,115,0,0,0
6843,jinzhu,wosmvp@gmail.com,32,97,0,0,0
49538132,NeuralNine,,0,12,0,0,0
3115348,hasherezade,,92,93,0,0,0
175697,jgilfelt,,21,34,0,0,0
934293,bevacqua,github@ponyfoo.com,41,291,0,0,0
140370,ornicar,,417,411,0,0,0
869950,KrauseFx,felix@krausefx.com,16,138,0,0,0
1767249,DanWahlin,dwahlin@xmlforasp.net,9,110,0,0,0
5803001,wx-chevalier,wxchevalier925@gmail.com,2,123,0,0,0
2992789,andrewjmead,,67,18,0,0,0
1411284,noopkat,,29,178,0,0,0
664177,posva,,17,284,0,0,0
31687149,coolsnowwolf,,0,35,0,0,0
346999,jph00,,43,57,0,0,0
41495,Shougo,Shougo.Matsu@gmail.com,94,146,0,0,0
251980,ming1016,ming1016@foxmail.com,1,21,0,0,0
227713,atian25,atian25@qq.com,29,88,0,0,0
59261823,hackingthemarkets,,5,67,0,0,0
825858,ncase,,25,120,0,0,0
2295542,chai2010,chaishushan@gmail.com,32,185,0,0,0
4466899,tjdevries,devries.timothyj@gmail.com,35,135,0,0,0
47400,rui314,rui314@gmail.com,16,41,0,0,0
1269537,guo-yu,i@guoyu.me,15,209,0,0,0
52870,soffes,sam@soffes.com,211,179,0,0,0
15247067,hansonwang99,hansonwang99@163.com,0,51,0,0,0
13326498,roboticcam,,0,13,0,0,0
1130906,eliben,,26,66,0,0,0
11069271,asLody,imlody@163.com,0,26,0,0,0
853712,sebmck,sebastian@rome.tools,32,39,0,0,0
220358,ankane,andrew@ankane.org,23,340,0,0,0
6771652,naveenanimation20,naveenanimation20@gmail.com,0,183,0,0,0
934140,lihaoyi,haoyi.sg@gmail.com,59,33,0,0,0
90985750,somekindofwallflower,,0,44,0,0,0
2572987,numbbbbb,lj925184928@gmail.com,30,65,0,0,0
2798204,Akryum,guillaume.b.chau@gmail.com,50,189,0,0,0
38851044,bigtreetech,,0,107,0,0,0
24217243,susanli2016,,467,34,0,0,0
2851492,Neo23x0,,41,128,0,0,0
3748,aphyr,,254,105,0,0,0
17978187,Blankj,blankj@qq.com,6,44,0,0,0
3095771,ashishpatel26,shriganesh.patel@gmail.com,60,1816,0,0,0
6260748,KeithGalli,,2,35,0,0,0
4332182,themsaid,themsaid@gmail.com,13,58,0,0,0
443562,vim-scripts,,0,5208,0,0,0
1254848,timbl,timbl@w3.org,3,15,0,0,0
1426799,felixrieseberg,felix@felixrieseberg.com,70,238,0,0,0
3233966,waylau,waylau521@gmail.com,2,127,0,0,0
74522790,wolfwarrier14,wolfwarrier14@gmail.com,0,41,0,0,0
326742,philipwalton,,6,62,0,0,0
64996,alexcrichton,alex@alexcrichton.com,1627,431,0,0,0
887,mislav,hi@mislav.net,169,185,0,0,0
4096485,AlexeyAB,,3,123,0,0,0
58493,steipete,steipete@gmail.com,270,76,0,0,0
627917,madeye,,18,39,0,0,0
5801867,fenixsoft,icyfenix@gmail.com,0,19,0,0,0
6358735,alexellis,alexellis2@gmail.com,214,416,0,0,0
3761578,fuzhengwei,,7,144,0,0,0
31996,avelino,,142,196,0,0,0
23387339,MichelliBrito,michelli.brito@decoderproject.com,0,27,0,0,0
103882,bbatsov,bozhidar@batsov.dev,5,135,0,0,0
884032,CamDavidsonPilon,cam.davidson.pilon@gmail.com,62,90,0,0,0
872310,JedWatson,,17,98,0,0,0
13062557,SensorsIot,,0,123,0,0,0
14241866,w3cj,cj@null.computer,92,162,0,0,0
553862,luizomf,luizomf@gmail.com,151,95,0,0,0
350836,dabeaz,dave@dabeaz.com,10,32,0,0,0
2698003,barretlee,barret.china@gmail.com,23,76,0,0,0
30091032,jishanshaikh4,,60,116,0,0,0
985607,dead-horse,,24,125,0,0,0
483853,freekmurze,,21,142,0,0,0
63262246,machadop1407,,0,92,0,0,0
12479470,azl397985856,azl397985856@gmail.com,31,144,0,0,0
6023444,lenve,wangsong0210@gmail.com,0,73,0,0,0
53217160,NobyDa,nobyda.support@icloud.com,1,11,0,0,0
19492591,sadikturan,sadikturan@gmail.com,0,14,0,0,0
1693164,una,una.kravets@gmail.com,68,179,0,0,0
27544,ept,,32,88,0,0,0
1456490,kesenhoo,kesenhoo@gmail.com,0,22,0,0,0
6318110,hardmaru,hardmaru@gmail.com,1,75,0,0,0
70011,Marak,,325,98,0,0,0
20308439,jdah,jdh@jdh.gg,4,12,0,0,0
1540855,oschina,oschina.net@gmail.com,0,24,0,0,0
2212006,bahmutov,gleb.bahmutov@gmail.com,31,1151,0,0,0
13170022,Ebazhanov,,29,81,0,0,0
81983264,JubayerRiyad,riyad_apple@yahoo.com,0,11,0,0,0
183678,Seldaek,j.boggiano@seld.be,33,254,0,0,0
92794,cyrilmottier,,18,22,0,0,0
1627804,Terry-Mao,iammao@vip.qq.com,0,34,0,0,0
11811888,KieSun,zx597813039@gmail.com,0,187,0,0,0
594614,driesvints,,13,11,0,0,0
865763,smallnest,,116,182,0,0,0
6751787,t3dotgg,,9,73,0,0,0
1988321,jasontaylordev,,0,65,0,0,0
1688997,coryhouse,,90,197,0,0,0
2237452,campoy,campoy@apple.com,95,149,0,0,0
5326890,hankcs,,14,86,0,0,0
5016453,giswqs,qwu18@utk.edu,73,237,0,0,0
73503432,learnwithsumit,,0,28,0,0,0
1810591,asottile,,16,82,0,0,0
17936,hmason,me@hilarymason.com,8,20,0,0,0
901179,lilianweng,lilian.wengweng@gmail.com,0,19,0,0,0
257,robbyrussell,,57,51,0,0,0
4606725,badtuxx,,1,48,0,0,0
404858,inconvergent,hi@inconvergent.net,12,68,0,0,0
17812136,answershuto,answershuto@gmail.com,0,30,0,0,0
17507675,Anuj-Kumar-Sharma,anuj55149@gmail.com,0,33,0,0,0
3676859,shuding,g@shud.in,87,141,0,0,0
50772274,patrickloeber,,0,37,0,0,0
285292,tonsky,niki@tonsky.me,31,97,0,0,0
11278675,vladilenm,,10,83,0,0,0
526301,yegor256,yegor256@gmail.com,6,154,0,0,0
106511,andrewrk,andrew@ziglang.org,237,205,0,0,0
17484616,WillKoehrsen,wjk68@case.edu,144,90,0,0,0
15007625,murtazahassan,,0,22,0,0,0
68232,rs,,19,116,0,0,0
6890948,JeffLi1993,,0,65,0,0,0
7413593,a8m,,1,101,0,0,0
9349459,mikepound,michael.pound@nottingham.ac.uk,0,11,0,0,0
352556,nickbutcher,,80,11,0,0,0
6158206,jindongwang,jindongwang@outlook.com,0,57,0,0,0
1327050,championswimmer,dev@championswimmer.in,61,327,0,0,0
544954,sahat,,18,185,0,0,0
411493,jeffersonsimaogoncalves,,12,798,0,0,0
490574,dai-shi,,55,130,0,0,0
2998890,florina-muntenescu,,6,17,0,0,0
5498964,changkun,hi@changkun.de,63,114,0,0,0
8445,zpao,paul@oshannessy.com,94,152,0,0,0
154256,Ocramius,ocramius@gmail.com,171,346,0,0,0
3785409,rfyiamcool,rfyiamcool@163.com,6,219,0,0,0
99944,fzaninotto,,24,44,0,0,0
6324199,timneutkens,,50,230,0,0,0
153167,bizz84,,188,106,0,0,0
16903644,kdn251,kdn251@nyu.edu,0,20,0,0,0
7856674,hustcc,i@hust.cc,11,88,0,0,0
173661,kripken,,99,97,0,0,0
13516,swannodette,david.nolen@gmail.com,499,150,0,0,0
67184,insidegui,insidegui@gmail.com,67,170,0,0,0
792287,BretFisher,bret@bretfisher.com,46,78,0,0,0
4610365,leixiaohua1020,leixiaohua1020@126.com,0,30,0,0,0
635902,luin,i@zihua.li,12,107,0,0,0
14153276,david-kariuki,,1,14,0,0,0
3670578,calebporzio,calebporzio@gmail.com,46,83,0,0,0
36863,migueldeicaza,miguel@gnome.org,115,167,0,0,0
5754972,florent37,champigny.florent@gmail.com,39,128,0,0,0
3654575,cmlsharp,chad@cs50.harvard.edu,8,19,0,0,0
5855893,lukeed,,12,324,0,0,0
163561,jlengstorf,jason@lengstorf.com,81,464,0,0,0
1920564,yeasy,,2,85,0,0,0
15711968,JessYanCoding,jess.yan.effort@gmail.com,0,26,0,0,0
1308313,joelgrus,,20,100,0,0,0
841551,pissang,shenyi.914@gmail.com,11,90,0,0,0
17316392,jakeliny,jakeliny.dev@gmail.com,29,58,0,0,0
2179708,minimaxir,max@minimaxir.com,13,136,0,0,0
464330,mcxiaoke,,342,76,0,0,0
3261985,karan,,12,140,0,0,0
234957,surma,surma@surma.dev,68,47,0,0,0
225407,anvaka,anvaka@gmail.com,36,312,0,0,0
9599,simonw,,263,629,0,0,0
2946769,unicodeveloper,prosperotemuyiwa@gmail.com,118,171,0,0,0
244586,blueimp,,1,35,0,0,0
14953,gregkh,greg@kroah.com,2,75,0,0,0
17535,zkat,kzm@zkat.tech,59,197,0,0,0
67381,philsturgeon,,96,66,0,0,0
2327556,chrisvfritz,,18,147,0,0,0
44921899,JohannesMilke,hello@johannesmilke.com,2,651,0,0,0
27985,rwaldron,waldron.rick@gmail.com,572,797,0,0,0
159840,hax,,23,179,0,0,0
1468993,krzysztofzablocki,krzysztof.zablocki@pixle.pl,35,37,0,0,0
350427,mikeash,mike@mikeash.com,113,55,0,0,0
11613311,hiteshchoudhary,hitesh@hiteshchoudhary.com,1,60,0,0,0
52220,asweigart,,1,230,0,0,0
6391776,nikitavoloboev,,6,47,0,0,0
237229,thedaviddias,thedaviddias@gmail.com,102,95,0,0,0
90494,brentvatne,brentvatne@gmail.com,94,549,0,0,0
72467,happypeter,,21,170,0,0,0
212984,lzyzsd,bruceinpeking@gmail.com,34,514,0,0,0
549365,SimonVT,simonvt@gmail.com,1,19,0,0,0
7312949,doodlewind,,5,103,0,0,0
62857,pydanny,,193,165,0,0,0
1301971,lazyprogrammer,,1,20,0,0,0
8949716,bingoogolapple,bingoogolapple@gmail.com,6,96,0,0,0
4328594,iamtrask,,4,78,0,0,0
1051509,SaraVieira,hey@iamsaravieira.com,132,403,0,0,0
28359525,ChristianLempa,christian.lempa@clcreative.de,0,11,0,0,0
16515708,jawil,jawil1024@gmail.com,0,26,0,0,0
25842655,vjanz,,13,62,0,0,0
304657,ekmett,ekmett@gmail.com,85,298,0,0,0
994718,dgrtwo,admiral.david@gmail.com,40,100,0,0,0
2077445,chyyuu,,0,281,0,0,0
3612017,serranoarevalo,,0,149,0,0,0
458654,rochacbruno,,312,251,0,0,0
24362914,biaochenxuying,,0,13,0,0,0
3734415,yangyangwithgnu,yangyangwithgnu@yeah.net,0,17,0,0,0
46655,darkwing,,47,141,0,0,0
1026848,dodola,dinophp@gmail.com,29,139,0,0,0
383701,bradfrost,brad@bradfrost.com,34,54,0,0,0
92474,ring04h,,1,44,0,0,0
17479434,luxplanjay,alexander.repeta@gmail.com,27,92,0,0,0
4405297,tshemsedinov,timur.shemsedinov@gmail.com,5,46,0,0,0
234279,lefticus,,23,101,0,0,0
1790075,bcaffo,,2,74,0,0,0
8571500,goldbergyoni,me@goldbergyoni.com,39,27,0,0,0
948896,camsong,neosoyn@gmail.com,42,96,0,0,0
658,stephencelis,me@stephencelis.com,42,124,0,0,0
393243,antonbabenko,anton@antonbabenko.com,44,30,0,0,0
165283,rexim,reximkut@gmail.com,60,71,0,0,0
896692,ageitgey,ageitgey@gmail.com,10,49,0,0,0
1390709,poteto,,218,144,0,0,0
5453359,xcatliu,xcatliu@gmail.com,6,202,0,0,0
901975,hunkim,hunkim@gmail.com,1,72,0,0,0
490779,hasinhayder,,108,176,0,0,0
3805558,orangetw,,17,42,0,0,0
901189,HackerPoet,,0,21,0,0,0
49404599,SpruceGabriela,,0,45,0,0,0
384546,cch123,cao1988228@163.com,2,172,0,0,0
24712956,sonnysangha,sonny.sangha@gmail.com,0,23,0,0,0
30073708,Avik-Jain,,0,19,0,0,0
358171,zedshaw,,13,31,0,0,0
20920490,AUTOMATIC1111,,2,35,0,0,0
59584407,frontend-joe,,0,66,0,0,0
6799467,dylanaraps,dylan.araps@gmail.com,0,102,0,0,0
1093738,davidkpiano,davidkpiano@gmail.com,142,152,0,0,0
4986881,LuNiZz,,1,35,0,0,0
1005781,casatwy,casatwy@casatwy.com,1,26,0,0,0
15000,felixge,,219,273,0,0,0
794999,tholman,timothy.w.holman@gmail.com,11,60,0,0,0
6912596,DanielHe4rt,idanielreiss@gmail.com,27,112,0,0,0
620768,soulmachine,,51,155,0,0,0
138296,gavofyork,i@gavwood.com,84,33,0,0,0
39620323,pwn20wndstuff,,1,57,0,0,0
2142,maccman,alex@alexmaccaw.com,136,230,0,0,0
31679671,gitdagray,,26,125,0,0,0
113947,arun-gupta,,86,152,0,0,0
2713445,zhangkaitao,,0,16,0,0,0
2704615,mmumshad,,0,70,0,0,0
2840504,Hendrixer,willscottmoss@gmail.com,25,149,0,0,0
7288,ariya,ariya.hidayat@gmail.com,31,47,0,0,0
2603,sstephenson,sam@sls.name,58,24,0,0,0
3328185,rootsongjc,,4,91,0,0,0
124075,dsyer,dsyer@vmware.com,41,401,0,0,0
1351884,code4craft,code4crafter@gmail.com,12,117,0,0,0
276834,kytrinyx,katrina.owen@gmail.com,4,121,0,0,0
197597,vjeux,vjeuxx@gmail.com,85,143,0,0,0
3739368,berwin,liubowen.dev@gmail.com,0,14,0,0,0
13543909,adeshpande3,aditdeshpande3@gmail.com,1,34,0,0,0
200876,yiminghe,yiminghe@gmail.com,10,78,0,0,0
7868704,Aakashdeveloper,,1,689,0,0,0
383994,jonschlinkert,,172,845,0,0,0
3526486,anishathalye,me@anishathalye.com,3,59,0,0,0
1156192,kevinzhow,kevinchou.c@gmail.com,27,66,0,0,0
171481,jpetazzo,,82,286,0,0,0
219689,lexrus,lexrus@gmail.com,54,65,0,0,0
89061,ogrisel,olivier.grisel@ensta.org,104,192,0,0,0
650752,carlosazaustre,cazaustre@gmail.com,12,239,0,0,0
919717,filiph,,38,155,0,0,0
47697490,romanofficial,roman.shaon@gmail.com,3,46,0,0,0
54641,rlerdorf,,50,83,0,0,0
116237,topaz,,0,16,0,0,0
1166785,wenshao,shaojin.wensj@alibaba-inc.com,1,102,0,0,0
5068797,EduardoPires,falecom@eduardopires.net.br,8,24,0,0,0
72989,kazupon,,34,275,0,0,0
42312878,k8gege,,0,35,0,0,0
52996966,bezkoder,,0,290,0,0,0
585534,gorhill,,8,24,0,0,0
128885,fly51fly,,0,11,0,0,0
104009,loopj,,42,75,0,0,0
2842176,XadillaX,i@233.dev,16,270,0,0,0
1197375,STRML,,13,368,0,0,0
498212,ashfurrow,ash@ashfurrow.com,76,277,0,0,0
872655,codefollower,,0,20,0,0,0
5114666,ryanmcdermott,ryantmcdermott@gmail.com,5,42,0,0,0
43296467,lucasrmagalhaes,lucasdarosa.ti@gmail.com,4,153,0,0,0
259374,dominictarr,,120,893,0,0,0
1231359,cssmagic,,10,84,0,0,0
6945922,rusty1s,matthias.fey@tu-dortmund.de,13,53,0,0,0
20924010,wangshub,rocksong.hit@gmail.com,32,96,0,0,0
2041322,hanxiao,han.xiao@jina.ai,7,104,0,0,0
29489915,loveBabbar,lovebabbar3@gmail.com,0,11,0,0,0
904724,Atinux,seb@nuxt.com,16,230,0,0,0
81068781,formidablae,,5,166,0,0,0
14026360,Himself65,himself65@outlook.com,13,218,0,0,0
874898,basarat,,78,423,0,0,0
45707,garybernhardt,,107,35,0,0,0
647,progrium,progrium@gmail.com,143,237,0,0,0
408570,sethvargo,seth@sethvargo.com,6,55,0,0,0
3826044,spacehuhn,,8,21,0,0,0
29944,ramalho,luciano@ramalho.org,72,206,0,0,0
22392,jherr,jherr@pobox.com,26,298,0,0,0
1269143,jfeinstein10,,0,21,0,0,0
195327,frenck,frenck@frenck.dev,19,122,0,0,0
46282114,datasciencescoop,,0,17,0,0,0
60659728,PKUFlyingPig,,0,79,0,0,0
8271660,jmportilla,,1,45,0,0,0
13643239,ines,ines@ines.io,8,16,0,0,0
477092,muaz-khan,muazkh@gmail.com,0,27,0,0,0
10355,jaredhanson,jaredhanson@gmail.com,6,413,0,0,0
14246466,TheOfficialFloW,theofficialflow1996@gmail.com,5,37,0,0,0
2307945,gentilkiwi,benjamin@gentilkiwi.com,4,17,0,0,0
478921,jserv,jserv.tw@gmail.com,17,116,0,0,0
1106500,markzhai,,3,62,0,0,0
4660275,sobolevn,,39,504,0,0,0
72339711,scoobytux,tu.lna07@gmail.com,0,41,0,0,0
78225,latentflip,phil@latentflip.com,119,354,0,0,0
13352,cpojer,christoph.pojer@gmail.com,43,139,0,0,0
3813847,AtsushiSakai,asakaig@gmail.com,22,206,0,0,0
1258877,madskristensen,,13,295,0,0,0
54051,cowboy,cowboy@rj3.net,417,131,0,0,0
17802178,gakonst,me@gakonst.com,16,221,0,0,0
14019524,surmon-china,i@surmon.me,7,49,0,0,0
1049575,hzlzh,,50,93,0,0,0
4030704,pedrovgs,,26,48,0,0,0
157106,kylemcdonald,,244,264,0,0,0
10759713,windiest,,0,40,0,0,0
2005841,sibelius,sibeliusseraphini@gmail.com,339,319,0,0,0
71047,KyleAMathews,mathews.kyle@gmail.com,61,516,0,0,0
16398479,ice1000,ice1000kotlin@foxmail.com,31,31,0,0,0
36354458,TommyZihao,,1,101,0,0,0
32428330,rachitiitr,,0,20,0,0,0
65703138,riti2409,ritikumariupadhyay24@gmail.com,0,101,0,0,0
1156077,tidwall,joshbaker77@gmail.com,41,188,0,0,0
10458518,MarcusNg,,1,75,0,0,0
3448663,XRobots,,0,84,0,0,0
3468483,Brooooooklyn,github@lyn.one,4,224,0,0,0
16593068,jas502n,,1,523,0,0,0
14884487,jmzeng1314,jmzeng1314@163.com,0,67,0,0,0
246302,josephmisiti,,142,236,0,0,0
25154432,YunYouJun,me@yunyoujun.cn,1,167,0,0,0
18049290,yygmind,,0,12,0,0,0
124872,jedisct1,,780,384,0,0,0
40471760,kulikov-dev,,5,24,0,0,0
21032758,RameshMF,ramesh24fadatare@gmail.com,0,238,0,0,0
1170130,geekcomputers,,0,13,0,0,0
999588,nolimits4web,nolimits4web@gmail.com,39,24,0,0,0
125011,MikeMcQuaid,mike@mikemcquaid.com,0,33,0,0,0
1381301,ppwwyyxx,,17,71,0,0,0
53035239,cryptotyler,,0,29,0,0,0
191335,peppy,pe@ppy.sh,70,80,0,0,0
71636,peas,paulo.silveira@caelum.com.br,25,16,0,0,0
4039449,samuelcolvin,s@muelcolvin.com,105,236,0,0,0
10412193,gsdios,gsdios@126.com,0,16,0,0,0
32107652,MariyaSha,,0,53,0,0,0
1706326,alvarotrigo,,28,78,0,0,0
1631477,glaucia86,glaucia_lemos86@hotmail.com,96,448,0,0,0
378279,oblador,joel@oblador.se,1,102,0,0,0
13421975,jeasonlzy,liaojeason@126.com,0,13,0,0,0
1933673,itorr,,2,54,0,0,0
587614,shu223,shuichi0526@gmail.com,19,68,0,0,0
19977,haacked,,37,92,0,0,0
474988,btford,,6,278,0,0,0
68904509,Sen-Takatsuki,,0,12,0,0,0
17202261,velopert,public.velopert@gmail.com,33,90,0,0,0
349336,iliakan,,732,136,0,0,0
194400,nelsonic,,34,310,0,0,0
131416,nathanmarz,nathan@nathanmarz.com,68,34,0,0,0
89202,yigit,,3,56,0,0,0
98387,marcan,marcan@marcan.st,42,77,0,0,0
16822641,ndb796,dongbinna@postech.ac.kr,0,213,0,0,0
2058167,jlevy,joshua@cal.berkeley.edu,4,28,0,0,0
130929,hrydgard,hrydgard@gmail.com,4,51,0,0,0
88684372,4nalog,,0,14,0,0,0
50132805,zendy199x,,1,123,0,0,0
2410234,sunnyxx,sunyuan1713@gmail.com,4,29,0,0,0
7970947,ascoders,576625322@qq.com,7,86,0,0,0
841395,dongweiming,ciici123@hotmail.com,31,95,0,0,0
1380747,alexjlockwood,,104,68,0,0,0
67512,dougwilson,,1,31,0,0,0
554369,willmcgugan,willmcgugan@gmail.com,19,35,0,0,0
101659,matryer,,34,109,0,0,0
42798758,dirambora,diramboraofficial@gmail.com,0,20,0,0,0
487669,fdaciuk,,83,197,0,0,0
931655,devxoul,devxoul@gmail.com,84,202,0,0,0
26830727,bjmashibing,,1,22,0,0,0
1519870,trueadm,,42,62,0,0,0
1029298,ssloy,,0,47,0,0,0
383,kangax,kangax@gmail.com,118,82,0,0,0
31127917,trimstray,trimstray@gmail.com,1,17,0,0,0
19634224,brightmart,brightmart@hotmail.com,0,40,0,0,0
647359,tomchristie,,59,27,0,0,0
57015305,simondevyoutube,,0,44,0,0,0
661450,arvidn,arvid@libtorrent.org,1,52,0,0,0
3167953,lijiejie,,3,19,0,0,0
40774,cloudhead,alexis@cloudhead.io,73,90,0,0,0
730492,falvojr,falvojr@gmail.com,7,52,0,0,0
91827,donnfelker,donn@donnfelker.com,45,73,0,0,0
480346,lh3,lh3@me.com,48,110,0,0,0
13757818,krisnova,krisnova@github.com,31,384,0,0,0
57224,dunglas,kevin@dunglas.fr,32,393,0,0,0
47092464,jdevstatic,,15,92,0,0,0
549654,diracdeltas,,10,100,0,0,0
17031,jlongster,,225,237,0,0,0
10634210,AdiChat,,3,21,0,0,0
28184926,anisul-Islam,anisul2010s@yahoo.co.uk,0,99,0,0,0
4583066,apaszke,adam.paszke@gmail.com,19,71,0,0,0
49931,chloerei,,5,61,0,0,0
32883077,deeplearningturkiye,,0,11,0,0,0
6166576,zce,w@zce.me,30,192,0,0,0
32688,erica,erica@ericasadun.com,464,78,0,0,0
965305,andrebaltieri,,360,380,0,0,0
9664363,EvanBacon,baconbrix@gmail.com,18,261,0,0,0
5985247,charliegerard,charlie.a.gerard@gmail.com,34,112,0,0,0
9796998,GcsSloop,GcsSloop@gmail.com,0,36,0,0,0
3709715,cclauss,cclauss@me.com,34,3775,0,0,0
2346725,xtaci,,3,134,0,0,0
15663219,yunjey,,11,12,0,0,0
2022803,vhf,victor@draft.li,15,138,0,0,0
238531,indutny,,53,378,0,0,0
164476,photonstorm,rdavey@gmail.com,23,51,0,0,0
3391906,ivaylokenov,,2,62,0,0,0
2262490,RehabMan,racerrehabman@gmail.com,0,57,0,0,0
40530440,s4vitar,s4vitarx@gmail.com,3,12,0,0,0
346914,patriciogonzalezvivo,,37,137,0,0,0
128577,odrotbohm,info@odrotbohm.de,93,106,0,0,0
8000987,GokuMohandas,gokumd@gmail.com,0,15,0,0,0
1429529,vitorfs,vitor@freitas.com,28,46,0,0,0
1148717,emilk,emil.ernerfeldt@gmail.com,18,66,0,0,0
165401,rogerwang,roger@nwjs.io,3,24,0,0,0
5139030,slidenerd,slidenerd@gmail.com,6,110,0,0,0
32314,tmcw,,1800,256,0,0,0
574696,paulmillr,paul+gh@paulmillr.com,29,88,0,0,0
857609,adamchainz,me@adamj.eu,27,1254,0,0,0
5907064,candycat1992,lelefeng1992@gmail.com,5,15,0,0,0
6998954,M0nica,github@aboutmonica.com,16,185,0,0,0
216296,IgorMinar,,13,151,0,0,0
48022589,LauraBeatris,,15,92,0,0,0
306708,dbader,mail@dbader.org,8,48,0,0,0
8696482,tmwilliamlin168,,0,29,0,0,0
15976103,yihong0618,zouzou0208@gmail.com,10,72,0,0,0
347290,bytemaster,,3,33,0,0,0
71638737,AkshatRastogi-1nC0re,,0,58,0,0,0
10395817,liyasthomas,liyascthomas@gmail.com,9,36,0,0,0
1726061,Justineo,justice360@gmail.com,7,139,0,0,0
759645,jrosebr1,,6,11,0,0,0
97219,egonSchiele,,34,103,0,0,0
13534988,yanzhenjie,im.yanzhenjie@gmail.com,1,30,0,0,0
22699926,Developer-Y,,0,12,0,0,0
62127078,briancodex,,0,44,0,0,0
78577,csharpfritz,,19,181,0,0,0
18311786,shenweichen,weichenswc@163.com,0,21,0,0,0
10708977,hfiref0x,,56,29,0,0,0
15814408,3gstudent,,3,90,0,0,0
5954907,awesomekling,,23,15,0,0,0
6232,mhartl,michael@michaelhartl.com,1,93,0,0,0
155238,nikomatsakis,niko@alum.mit.edu,459,224,0,0,0
246234,cer,,14,31,0,0,0
1060,andrew,,195,308,0,0,0
249088,DamianEdwards,damian@damianedwards.com,61,86,0,0,0
11920560,liuchuo,,1,45,0,0,0
6892666,stemmlerjs,khalil@khalilstemmler.com,51,121,0,0,0
15352619,dusty-nv,dustinf@nvidia.com,6,40,0,0,0
709451,Jarred-Sumner,jarred@jarredsumner.com,281,232,0,0,0
83844,nvie,me@nvie.com,49,56,0,0,0
5158436,pi0,pooya@pi0.io,74,317,0,0,0
3432700,SelmanKahya,selmankahya@hotmail.com,5,22,0,0,0
839559,FrankFang,,98,520,0,0,0
8615343,Dreamacro,,2,18,0,0,0
804684,mpociot,,49,203,0,0,0
7346661,fatedier,fatedier@gmail.com,1,62,0,0,0
15975792,c0ny1,,0,19,0,0,0
32831059,opengineer,,0,22,0,0,0
1268691,juliangarnier,hello@julian.gr,0,18,0,0,0
303201,JamesNK,,16,60,0,0,0
39107975,Kr328,,14,70,0,0,0
283842,nolanlawson,nolan@nolanlawson.com,622,442,0,0,0
672172,nayuki,,0,29,0,0,0
2036040,codebytere,shelley.vohr@gmail.com,4,91,0,0,0
118015,benbjohnson,benbjohnson@yahoo.com,54,162,0,0,0
15079146,yzhao062,zhaoy@cmu.edu,0,31,0,0,0
53333506,calistus-igwilo,ebunilo@yahoo.com,6,84,0,0,0
12969662,aspittel,,21,135,0,0,0
5576781,lanxuezaipiao,lanxuezaipiao@163.com,1,52,0,0,0
49030804,rodrigorgtic,rodrigo.rgtic@gmail.com,11,150,0,0,0
1023379,JordanSchuetz,,50,22,0,0,0
19967403,manjunath5496,manjunath5496@gmail.com,0,1564,0,0,0
8456633,jesseduffield,jessedduffield@gmail.com,1,58,0,0,0
6916170,segunadebayo,joseshegs@gmail.com,30,34,0,0,0
4269898,terrytangyuan,terrytangyuan@gmail.com,9,125,0,0,0
6800565,lidangzzz,,26,29,0,0,0
2119355,Atcold,alfredo.canziani@gmail.com,9,58,0,0,0
187922,ademilter,ademilter@gmail.com,70,67,0,0,0
5441976,wu-sheng,,17,122,0,0,0
8736212,tw93,tw93@qq.com,7,21,0,0,0
