{
    "items": [
        {
            "badge_counts": {
                "bronze": 62,
                "silver": 50,
                "gold": 3
            },
            "account_id": 15868,
            "is_employee": false,
            "last_modified_date": 1656330300,
            "last_access_date": 1677198923,
            "reputation_change_year": 70,
            "reputation_change_quarter": 70,
            "reputation_change_month": 0,
            "reputation_change_week": 0,
            "reputation_change_day": 0,
            "reputation": 14889,
            "creation_date": 1225783418,
            "user_type": "registered",
            "user_id": 33969,
            "accept_rate": 95,
            "location": "Sydney, Australia",
            "website_url": "http://leftlobed.wordpress.com",
            "link": "https://stackoverflow.com/users/33969/reddog",
            "profile_image": "https://www.gravatar.com/avatar/84cac0fa5789fee40e1f51b19c30b95c?s=256&d=identicon&r=PG",
            "display_name": "Reddog"
        },
        {
            "badge_counts": {
                "bronze": 71,
                "silver": 58,
                "gold": 9
            },
            "account_id": 300633,
            "is_employee": false,
            "last_modified_date": 1654809600,
            "last_access_date": 1678346344,
            "reputation_change_year": 48,
            "reputation_change_quarter": 48,
            "reputation_change_month": 10,
            "reputation_change_week": 0,
            "reputation_change_day": 0,
            "reputation": 14889,
            "creation_date": 1297158130,
            "user_type": "registered",
            "user_id": 607874,
            "accept_rate": 100,
            "location": "Moscow, Russia",
            "website_url": "http://ruisoftware.com/",
            "link": "https://stackoverflow.com/users/607874/jose-rui-santos",
            "profile_image": "https://www.gravatar.com/avatar/197c7872b07e643bfe4c2e3adb2949de?s=256&d=identicon&r=PG",
            "display_name": "Jose Rui Santos"
        },
        {
            "badge_counts": {
                "bronze": 84,
                "silver": 67,
                "gold": 11
            },
            "account_id": 14250,
            "is_employee": false,
            "last_modified_date": 1666462202,
            "last_access_date": 1677506625,
            "reputation_change_year": 178,
            "reputation_change_quarter": 178,
            "reputation_change_month": 10,
            "reputation_change_week": 10,
            "reputation_change_day": 0,
            "reputation": 14888,
            "creation_date": 1224293108,
            "user_type": "registered",
            "user_id": 29152,
            "accept_rate": 61,
            "location": "United States",
            "website_url": "",
            "link": "https://stackoverflow.com/users/29152/duckmaestro",
            "profile_image": "https://www.gravatar.com/avatar/deee1379ed13c9a1542b787601bbd738?s=256&d=identicon&r=PG",
            "display_name": "DuckMaestro"
        },
        {
            "badge_counts": {
                "bronze": 27,
                "silver": 31,
                "gold": 2
            },
            "account_id": 27829,
            "is_employee": false,
            "last_modified_date": 1668269400,
            "last_access_date": 1678209514,
            "reputation_change_year": 70,
            "reputation_change_quarter": 70,
            "reputation_change_month": 20,
            "reputation_change_week": 0,
            "reputation_change_day": 0,
            "reputation": 14888,
            "creation_date": 1236188973,
            "user_type": "registered",
            "user_id": 73820,
            "accept_rate": 33,
            "location": "Washington",
            "website_url": "http://stackoverflow.com/users/73820/tranmq",
            "link": "https://stackoverflow.com/users/73820/tranmq",
            "profile_image": "https://www.gravatar.com/avatar/96e9a4cd2318a5cab9934da859f9f0eb?s=256&d=identicon&r=PG&f=1",
            "display_name": "tranmq"
        },
        {
            "badge_counts": {
                "bronze": 59,
                "silver": 44,
                "gold": 7
            },
            "account_id": 1312249,
            "is_employee": false,
            "last_modified_date": 1635275100,
            "last_access_date": 1678373145,
            "reputation_change_year": 140,
            "reputation_change_quarter": 140,
            "reputation_change_month": 20,
            "reputation_change_week": 0,
            "reputation_change_day": 0,
            "reputation": 14888,
            "creation_date": 1331319952,
            "user_type": "registered",
            "user_id": 1260020,
            "accept_rate": 78,
            "location": "EET/EEST",
            "website_url": "https://simov.github.io/",
            "link": "https://stackoverflow.com/users/1260020/simo",
            "profile_image": "https://i.stack.imgur.com/f3mT4.jpg?s=256&g=1",
            "display_name": "simo"
        },
        {
            "badge_counts": {
                "bronze": 119,
                "silver": 79,
                "gold": 19
            },
            "account_id": 2406465,
            "is_employee": false,
            "last_modified_date": 1670444100,
            "last_access_date": 1678283419,
            "reputation_change_year": 119,
            "reputation_change_quarter": 119,
            "reputation_change_month": 0,
            "reputation_change_week": 0,
            "reputation_change_day": 0,
            "reputation": 14888,
            "creation_date": 1361639528,
            "user_type": "registered",
            "user_id": 2102794,
            "accept_rate": 45,
            "location": "India",
            "website_url": "http://saikirans.com",
            "link": "https://stackoverflow.com/users/2102794/sai",
            "profile_image": "https://i.stack.imgur.com/BrKf5.jpg?s=256&g=1",
            "display_name": "Sai"
        },
        {
            "badge_counts": {
                "bronze": 42,
                "silver": 24,
                "gold": 4
            },
            "account_id": 7086289,
            "is_employee": false,
            "last_modified_date": 1661854800,
            "last_access_date": 1678336008,
            "reputation_change_year": 25,
            "reputation_change_quarter": 25,
            "reputation_change_month": 0,
            "reputation_change_week": 0,
            "reputation_change_day": 0,
            "reputation": 14888,
            "creation_date": 1444305380,
            "user_type": "registered",
            "user_id": 5423014,
            "location": "India",
            "website_url": "",
            "link": "https://stackoverflow.com/users/5423014/sahil-gulati",
            "profile_image": "https://lh4.googleusercontent.com/-LedJv00TwTo/AAAAAAAAAAI/AAAAAAAAABg/VcxlC1usm_Y/photo.jpg?sz=256",
            "display_name": "Sahil Gulati"
        },
        {
            "badge_counts": {
                "bronze": 85,
                "silver": 70,
                "gold": 22
            },
            "account_id": 6363,
            "is_employee": false,
            "last_modified_date": 1661191800,
            "last_access_date": 1567465189,
            "reputation_change_year": 60,
            "reputation_change_quarter": 60,
            "reputation_change_month": 0,
            "reputation_change_week": 0,
            "reputation_change_day": 0,
            "reputation": 14887,
            "creation_date": 1221526373,
            "user_type": "registered",
            "user_id": 10675,
            "accept_rate": 77,
            "website_url": "http://209.20.84.60",
            "link": "https://stackoverflow.com/users/10675/jake",
            "profile_image": "https://www.gravatar.com/avatar/60ec02712bff98ec228a2faf7a97c579?s=256&d=identicon&r=PG",
            "display_name": "Jake"
        },
        {
            "badge_counts": {
                "bronze": 96,
                "silver": 62,
                "gold": 21
            },
            "account_id": 39130,
            "is_employee": false,
            "last_modified_date": 1676157000,
            "last_access_date": 1669281242,
            "reputation_change_year": 30,
            "reputation_change_quarter": 30,
            "reputation_change_month": 0,
            "reputation_change_week": 0,
            "reputation_change_day": 0,
            "reputation": 14887,
            "creation_date": 1243372229,
            "user_type": "registered",
            "user_id": 112765,
            "accept_rate": 91,
            "location": "WA",
            "website_url": "",
            "link": "https://stackoverflow.com/users/112765/dreadwail",
            "profile_image": "https://www.gravatar.com/avatar/7fc08a3fdbc3e903bd25960e2a00e35a?s=256&d=identicon&r=PG",
            "display_name": "dreadwail"
        },
        {
            "badge_counts": {
                "bronze": 119,
                "silver": 83,
                "gold": 25
            },
            "account_id": 91958,
            "is_employee": false,
            "last_modified_date": 1649953501,
            "last_access_date": 1678294902,
            "reputation_change_year": 99,
            "reputation_change_quarter": 99,
            "reputation_change_month": 30,
            "reputation_change_week": 20,
            "reputation_change_day": 0,
            "reputation": 14887,
            "creation_date": 1263660788,
            "user_type": "registered",
            "user_id": 252253,
            "accept_rate": 62,
            "website_url": "",
            "link": "https://stackoverflow.com/users/252253/james",
            "profile_image": "https://www.gravatar.com/avatar/2057c9a8fb934a4aa7f0fbac2d8349d5?s=256&d=identicon&r=PG&f=1",
            "display_name": "James"
        },
        {
            "badge_counts": {
                "bronze": 346,
                "silver": 194,
                "gold": 81
            },
            "account_id": 150839,
            "is_employee": false,
            "last_modified_date": 1674929400,
            "last_access_date": 1671284894,
            "reputation_change_year": 200,
            "reputation_change_quarter": 200,
            "reputation_change_month": 30,
            "reputation_change_week": 20,
            "reputation_change_day": 10,
            "reputation": 14887,
            "creation_date": 1276241747,
            "user_type": "registered",
            "user_id": 364312,
            "accept_rate": 97,
            "link": "https://stackoverflow.com/users/364312/oshirowanen",
            "profile_image": "https://www.gravatar.com/avatar/a9d9ccf351e01162fbe6fc962b5e79db?s=256&d=identicon&r=PG",
            "display_name": "oshirowanen"
        },
        {
            "badge_counts": {
                "bronze": 52,
                "silver": 47,
                "gold": 4
            },
            "account_id": 98089,
            "is_employee": false,
            "last_modified_date": 1647864001,
            "last_access_date": 1678378249,
            "reputation_change_year": 60,
            "reputation_change_quarter": 60,
            "reputation_change_month": 0,
            "reputation_change_week": 0,
            "reputation_change_day": 0,
            "reputation": 14886,
            "creation_date": 1265235045,
            "user_type": "registered",
            "user_id": 265712,
            "accept_rate": 80,
            "location": "Russia, Moscow",
            "link": "https://stackoverflow.com/users/265712/meze",
            "profile_image": "https://www.gravatar.com/avatar/a4bc3f87eec1b2f99f41a8a034cc0d1d?s=256&d=identicon&r=PG",
            "display_name": "meze"
        },
        {
            "badge_counts": {
                "bronze": 78,
                "silver": 55,
                "gold": 15
            },
            "account_id": 30,
            "is_employee": false,
            "last_modified_date": 1675436700,
            "last_access_date": 1678356493,
            "reputation_change_year": 19,
            "reputation_change_quarter": 19,
            "reputation_change_month": 0,
            "reputation_change_week": 0,
            "reputation_change_day": 0,
            "reputation": 14885,
            "creation_date": 1217594695,
            "user_type": "registered",
            "user_id": 39,
            "accept_rate": 63,
            "location": "Istanbul, Turkey",
            "website_url": "http://huseyint.com/",
            "link": "https://stackoverflow.com/users/39/huseyint",
            "profile_image": "https://www.gravatar.com/avatar/ea7063d6a51a923ca945008d137aaaa0?s=256&d=identicon&r=PG",
            "display_name": "huseyint"
        },
        {
            "badge_counts": {
                "bronze": 76,
                "silver": 54,
                "gold": 4
            },
            "account_id": 24801,
            "is_employee": false,
            "last_modified_date": 1653444900,
            "last_access_date": 1678376615,
            "reputation_change_year": 74,
            "reputation_change_quarter": 74,
            "reputation_change_month": 18,
            "reputation_change_week": 18,
            "reputation_change_day": 0,
            "reputation": 14885,
            "creation_date": 1233920334,
            "user_type": "registered",
            "user_id": 63293,
            "accept_rate": 50,
            "location": "Winterthur, Schweiz",
            "website_url": "http://www.frostnova.ch",
            "link": "https://stackoverflow.com/users/63293/peter-walser",
            "profile_image": "https://www.gravatar.com/avatar/5c999a83e9a479fea7efaf65feb1e6fc?s=256&d=identicon&r=PG",
            "display_name": "Peter Walser"
        },
        {
            "badge_counts": {
                "bronze": 103,
                "silver": 53,
                "gold": 8
            },
            "account_id": 28144,
            "is_employee": false,
            "last_modified_date": 1671719700,
            "last_access_date": 1667679859,
            "reputation_change_year": 113,
            "reputation_change_quarter": 113,
            "reputation_change_month": 10,
            "reputation_change_week": 0,
            "reputation_change_day": 0,
            "reputation": 14885,
            "creation_date": 1236370238,
            "user_type": "registered",
            "user_id": 74861,
            "accept_rate": 100,
            "location": "Sheffield, UK",
            "website_url": "",
            "link": "https://stackoverflow.com/users/74861/fraser",
            "profile_image": "https://i.stack.imgur.com/OyuRB.jpg?s=256&g=1",
            "display_name": "Fraser"
        },
        {
            "badge_counts": {
                "bronze": 48,
                "silver": 29,
                "gold": 10
            },
            "account_id": 979572,
            "is_employee": false,
            "last_modified_date": 1668700805,
            "last_access_date": 1673630233,
            "reputation_change_year": 240,
            "reputation_change_quarter": 240,
            "reputation_change_month": 70,
            "reputation_change_week": 60,
            "reputation_change_day": 10,
            "reputation": 14885,
            "creation_date": 1318872263,
            "user_type": "registered",
            "user_id": 999676,
            "accept_rate": 57,
            "link": "https://stackoverflow.com/users/999676/jasmine",
            "profile_image": "https://www.gravatar.com/avatar/d79b593c2c65eba8f545e3f8cefcb0ba?s=256&d=identicon&r=PG",
            "display_name": "Jasmine"
        },
        {
            "badge_counts": {
                "bronze": 58,
                "silver": 50,
                "gold": 2
            },
            "account_id": 15188,
            "is_employee": false,
            "last_modified_date": 1672486500,
            "last_access_date": 1678136394,
            "reputation_change_year": 30,
            "reputation_change_quarter": 30,
            "reputation_change_month": 10,
            "reputation_change_week": 10,
            "reputation_change_day": 10,
            "reputation": 14879,
            "creation_date": 1225120650,
            "user_type": "registered",
            "user_id": 31818,
            "location": "Pittsburgh, PA",
            "website_url": "",
            "link": "https://stackoverflow.com/users/31818/seh",
            "profile_image": "https://www.gravatar.com/avatar/3487ce6ed9ec277bac79a838537b46a8?s=256&d=identicon&r=PG",
            "display_name": "seh"
        },
        {
            "badge_counts": {
                "bronze": 35,
                "silver": 28,
                "gold": 4
            },
            "account_id": 26350,
            "is_employee": false,
            "last_modified_date": 1676638500,
            "last_access_date": 1678377497,
            "reputation_change_year": 954,
            "reputation_change_quarter": 954,
            "reputation_change_month": 153,
            "reputation_change_week": 103,
            "reputation_change_day": 25,
            "reputation": 14879,
            "creation_date": 1235060294,
            "user_type": "registered",
            "user_id": 68490,
            "accept_rate": 20,
            "location": "Sweden",
            "website_url": "https://www.nestenius.se",
            "link": "https://stackoverflow.com/users/68490/tore-nestenius",
            "profile_image": "https://www.gravatar.com/avatar/b3c70bbc491ede87ae5682c561af07d2?s=256&d=identicon&r=PG",
            "display_name": "Tore Nestenius"
        },
        {
            "badge_counts": {
                "bronze": 76,
                "silver": 58,
                "gold": 13
            },
            "account_id": 31611,
            "is_employee": false,
            "last_modified_date": 1619749800,
            "last_access_date": 1673893723,
            "reputation_change_year": 40,
            "reputation_change_quarter": 40,
            "reputation_change_month": 10,
            "reputation_change_week": 10,
            "reputation_change_day": 0,
            "reputation": 14879,
            "creation_date": 1238796584,
            "user_type": "registered",
            "user_id": 86937,
            "accept_rate": 84,
            "location": "Nomad",
            "website_url": "http://twitter.com/joshleitzel",
            "link": "https://stackoverflow.com/users/86937/josh-leitzel",
            "profile_image": "https://www.gravatar.com/avatar/705d94e64541f42bb14f0c96b577e259?s=256&d=identicon&r=PG",
            "display_name": "Josh Leitzel"
        },
        {
            "badge_counts": {
                "bronze": 93,
                "silver": 59,
                "gold": 10
            },
            "account_id": 75676,
            "is_employee": false,
            "last_modified_date": 1669943107,
            "last_access_date": 1678298391,
            "reputation_change_year": 50,
            "reputation_change_quarter": 50,
            "reputation_change_month": 30,
            "reputation_change_week": 20,
            "reputation_change_day": 20,
            "reputation": 14879,
            "creation_date": 1258982985,
            "user_type": "registered",
            "user_id": 217019,
            "accept_rate": 89,
            "location": "Tokyo, Japan",
            "website_url": "http://www.puroguramingu.com",
            "link": "https://stackoverflow.com/users/217019/mateusz-dymczyk",
            "profile_image": "https://www.gravatar.com/avatar/ede807eedb7fe77242664741f91627f7?s=256&d=identicon&r=PG",
            "display_name": "Mateusz Dymczyk"
        },
        {
            "badge_counts": {
                "bronze": 102,
                "silver": 73,
                "gold": 21
            },
            "account_id": 29084,
            "is_employee": false,
            "last_modified_date": 1671830102,
            "last_access_date": 1677787441,
            "reputation_change_year": 162,
            "reputation_change_quarter": 162,
            "reputation_change_month": 10,
            "reputation_change_week": 0,
            "reputation_change_day": 0,
            "reputation": 14878,
            "creation_date": 1237131413,
            "user_type": "registered",
            "user_id": 78297,
            "accept_rate": 69,
            "link": "https://stackoverflow.com/users/78297/bart",
            "profile_image": "https://www.gravatar.com/avatar/282e3164af0560f065f883e3e755cc85?s=256&d=identicon&r=PG",
            "display_name": "bart"
        },
        {
            "badge_counts": {
                "bronze": 65,
                "silver": 51,
                "gold": 3
            },
            "account_id": 87296,
            "is_employee": false,
            "last_modified_date": 1675766100,
            "last_access_date": 1617783140,
            "reputation_change_year": 20,
            "reputation_change_quarter": 20,
            "reputation_change_month": 0,
            "reputation_change_week": 0,
            "reputation_change_day": 0,
            "reputation": 14878,
            "creation_date": 1262406852,
            "user_type": "registered",
            "user_id": 242169,
            "location": "London, United Kingdom",
            "website_url": "http://coldwa.st/e",
            "link": "https://stackoverflow.com/users/242169/mikhail-glushenkov",
            "profile_image": "https://www.gravatar.com/avatar/784316336915cd51997764d5896961fa?s=256&d=identicon&r=PG",
            "display_name": "Mikhail Glushenkov"
        },
        {
            "badge_counts": {
                "bronze": 62,
                "silver": 40,
                "gold": 13
            },
            "account_id": 46687,
            "is_employee": false,
            "last_modified_date": 1652482800,
            "last_access_date": 1626230008,
            "reputation_change_year": 90,
            "reputation_change_quarter": 90,
            "reputation_change_month": 0,
            "reputation_change_week": 0,
            "reputation_change_day": 0,
            "reputation": 14877,
            "creation_date": 1247573296,
            "user_type": "registered",
            "user_id": 138030,
            "accept_rate": 36,
            "location": "Bangalore, India",
            "website_url": "http://rakeshtechieshankar.blogspot.com",
            "link": "https://stackoverflow.com/users/138030/rakesh",
            "profile_image": "https://www.gravatar.com/avatar/7fd70fb599d55a9639e248231d1f81ba?s=256&d=identicon&r=PG",
            "display_name": "Rakesh"
        },
        {
            "badge_counts": {
                "bronze": 67,
                "silver": 45,
                "gold": 8
            },
            "account_id": 56058,
            "is_employee": false,
            "last_modified_date": 1677348600,
            "last_access_date": 1678243538,
            "reputation_change_year": 300,
            "reputation_change_quarter": 300,
            "reputation_change_month": 20,
            "reputation_change_week": 10,
            "reputation_change_day": 0,
            "reputation": 14877,
            "creation_date": 1251988225,
            "user_type": "registered",
            "user_id": 167920,
            "accept_rate": 59,
            "location": "Washington, DC, USA",
            "website_url": "",
            "link": "https://stackoverflow.com/users/167920/wallace-kelly",
            "profile_image": "https://www.gravatar.com/avatar/308b00d422a823768355eff1391ea639?s=256&d=identicon&r=PG",
            "display_name": "Wallace Kelly"
        },
        {
            "badge_counts": {
                "bronze": 92,
                "silver": 45,
                "gold": 3
            },
            "account_id": 1579764,
            "is_employee": false,
            "last_modified_date": 1668605700,
            "last_access_date": 1678378399,
            "reputation_change_year": 40,
            "reputation_change_quarter": 40,
            "reputation_change_month": 10,
            "reputation_change_week": 0,
            "reputation_change_day": 0,
            "reputation": 14877,
            "creation_date": 1340081665,
            "user_type": "registered",
            "user_id": 1465387,
            "accept_rate": 95,
            "location": "Versailles, France",
            "website_url": "https://github.com/sebastian-c",
            "link": "https://stackoverflow.com/users/1465387/sebastian-c",
            "profile_image": "https://www.gravatar.com/avatar/3ad9125ecbef5bfdf50aeb10d2c16502?s=256&d=identicon&r=PG",
            "display_name": "sebastian-c"
        },
        {
            "badge_counts": {
                "bronze": 103,
                "silver": 70,
                "gold": 20
            },
            "account_id": 10979,
            "is_employee": false,
            "last_modified_date": 1643418303,
            "last_access_date": 1678366540,
            "reputation_change_year": 170,
            "reputation_change_quarter": 170,
            "reputation_change_month": 50,
            "reputation_change_week": 40,
            "reputation_change_day": 10,
            "reputation": 14875,
            "creation_date": 1222160985,
            "user_type": "registered",
            "user_id": 20986,
            "accept_rate": 91,
            "location": "Geneva, Switzerland",
            "website_url": "",
            "link": "https://stackoverflow.com/users/20986/barth",
            "profile_image": "https://www.gravatar.com/avatar/18b82d405bba825060fca4624210e950?s=256&d=identicon&r=PG",
            "display_name": "Barth"
        },
        {
            "badge_counts": {
                "bronze": 90,
                "silver": 51,
                "gold": 6
            },
            "account_id": 325651,
            "is_employee": false,
            "last_modified_date": 1673268003,
            "last_access_date": 1670983771,
            "reputation_change_year": 60,
            "reputation_change_quarter": 60,
            "reputation_change_month": 0,
            "reputation_change_week": 0,
            "reputation_change_day": 0,
            "reputation": 14875,
            "creation_date": 1299418999,
            "user_type": "registered",
            "user_id": 646960,
            "accept_rate": 80,
            "location": "San Francisco",
            "website_url": "http://loisdiqual.com",
            "link": "https://stackoverflow.com/users/646960/ldiqual",
            "profile_image": "https://www.gravatar.com/avatar/375e4ce8a9731933f3facc865e73d5ee?s=256&d=identicon&r=PG",
            "display_name": "ldiqual"
        },
        {
            "badge_counts": {
                "bronze": 79,
                "silver": 53,
                "gold": 7
            },
            "account_id": 467560,
            "is_employee": false,
            "last_modified_date": 1636297938,
            "last_access_date": 1678379319,
            "reputation_change_year": 150,
            "reputation_change_quarter": 150,
            "reputation_change_month": 10,
            "reputation_change_week": 10,
            "reputation_change_day": 0,
            "reputation": 14875,
            "creation_date": 1312211891,
            "user_type": "registered",
            "user_id": 873025,
            "accept_rate": 90,
            "location": "Sweden",
            "website_url": "",
            "link": "https://stackoverflow.com/users/873025/felix-glas",
            "profile_image": "https://www.gravatar.com/avatar/31e67c765c9119bfb44ba5bc31173191?s=256&d=identicon&r=PG&f=1",
            "display_name": "Felix Glas"
        },
        {
            "badge_counts": {
                "bronze": 73,
                "silver": 61,
                "gold": 18
            },
            "account_id": 8666,
            "is_employee": false,
            "last_modified_date": 1607615571,
            "last_access_date": 1438229450,
            "reputation_change_year": 80,
            "reputation_change_quarter": 80,
            "reputation_change_month": 0,
            "reputation_change_week": 0,
            "reputation_change_day": 0,
            "reputation": 14873,
            "creation_date": 1221653480,
            "user_type": "registered",
            "user_id": 15716,
            "accept_rate": 52,
            "location": "Seattle, WA",
            "link": "https://stackoverflow.com/users/15716/jan-zich",
            "profile_image": "https://www.gravatar.com/avatar/cf9aa638c8b88afd8133317e9c873c79?s=256&d=identicon&r=PG",
            "display_name": "Jan Zich"
        },
        {
            "badge_counts": {
                "bronze": 27,
                "silver": 25,
                "gold": 6
            },
            "account_id": 106468,
            "is_employee": false,
            "last_modified_date": 1673097000,
            "last_access_date": 1432724117,
            "reputation_change_year": 40,
            "reputation_change_quarter": 40,
            "reputation_change_month": 0,
            "reputation_change_week": 0,
            "reputation_change_day": 0,
            "reputation": 14873,
            "creation_date": 1267450387,
            "user_type": "registered",
            "user_id": 283630,
            "accept_rate": 94,
            "link": "https://stackoverflow.com/users/283630/rob",
            "profile_image": "https://www.gravatar.com/avatar/c451ed182b70e0f3c9f5977df986c162?s=256&d=identicon&r=PG",
            "display_name": "Rob"
        },
        {
            "badge_counts": {
                "bronze": 57,
                "silver": 42,
                "gold": 9
            },
            "account_id": 50308,
            "is_employee": false,
            "last_modified_date": 1669275600,
            "last_access_date": 1678035476,
            "reputation_change_year": 50,
            "reputation_change_quarter": 50,
            "reputation_change_month": 10,
            "reputation_change_week": 0,
            "reputation_change_day": 0,
            "reputation": 14872,
            "creation_date": 1249336284,
            "user_type": "registered",
            "user_id": 150020,
            "accept_rate": 92,
            "link": "https://stackoverflow.com/users/150020/nathan-fig",
            "profile_image": "https://www.gravatar.com/avatar/1a0dc1240b2df145b8d195b5bb2497e8?s=256&d=identicon&r=PG",
            "display_name": "Nathan Fig"
        },
        {
            "badge_counts": {
                "bronze": 109,
                "silver": 55,
                "gold": 9
            },
            "account_id": 303829,
            "is_employee": false,
            "last_modified_date": 1676760600,
            "last_access_date": 1677981873,
            "reputation_change_year": 170,
            "reputation_change_quarter": 170,
            "reputation_change_month": 10,
            "reputation_change_week": 0,
            "reputation_change_day": 0,
            "reputation": 14872,
            "creation_date": 1297425702,
            "user_type": "registered",
            "user_id": 613004,
            "accept_rate": 91,
            "location": "Portland, Oregon",
            "website_url": "http://careers.stackoverflow.com/mhfaust",
            "link": "https://stackoverflow.com/users/613004/faust",
            "profile_image": "https://i.stack.imgur.com/x1S05.jpg?s=256&g=1",
            "display_name": "Faust"
        },
        {
            "badge_counts": {
                "bronze": 49,
                "silver": 44,
                "gold": 3
            },
            "account_id": 298876,
            "is_employee": false,
            "last_modified_date": 1622770500,
            "last_access_date": 1643144839,
            "reputation_change_year": 40,
            "reputation_change_quarter": 40,
            "reputation_change_month": 10,
            "reputation_change_week": 10,
            "reputation_change_day": 0,
            "reputation": 14871,
            "creation_date": 1296983539,
            "user_type": "registered",
            "user_id": 605142,
            "website_url": "",
            "link": "https://stackoverflow.com/users/605142/duri",
            "profile_image": "https://www.gravatar.com/avatar/2bcfc7adff4299d05ebc6c5b338e9b51?s=256&d=identicon&r=PG",
            "display_name": "duri"
        },
        {
            "badge_counts": {
                "bronze": 126,
                "silver": 82,
                "gold": 21
            },
            "account_id": 383149,
            "is_employee": false,
            "last_modified_date": 1658841000,
            "last_access_date": 1670705786,
            "reputation_change_year": 60,
            "reputation_change_quarter": 60,
            "reputation_change_month": 10,
            "reputation_change_week": 0,
            "reputation_change_day": 0,
            "reputation": 14871,
            "creation_date": 1304543226,
            "user_type": "registered",
            "user_id": 738811,
            "accept_rate": 95,
            "location": "Poland",
            "website_url": "",
            "link": "https://stackoverflow.com/users/738811/scdmb",
            "profile_image": "https://www.gravatar.com/avatar/e49dde252b7e0e32f5e8a6c86d61682e?s=256&d=identicon&r=PG",
            "display_name": "scdmb"
        },
        {
            "badge_counts": {
                "bronze": 84,
                "silver": 50,
                "gold": 10
            },
            "account_id": 9602796,
            "is_employee": false,
            "last_modified_date": 1636341300,
            "last_access_date": 1678201197,
            "reputation_change_year": 310,
            "reputation_change_quarter": 310,
            "reputation_change_month": 30,
            "reputation_change_week": 10,
            "reputation_change_day": 0,
            "reputation": 14871,
            "creation_date": 1478580550,
            "user_type": "registered",
            "user_id": 7129694,
            "accept_rate": 73,
            "location": "Delhi, India",
            "website_url": "",
            "link": "https://stackoverflow.com/users/7129694/ashutosh-jha",
            "profile_image": "https://i.stack.imgur.com/beMK2.jpg?s=256&g=1",
            "display_name": "Ashutosh Jha"
        },
        {
            "badge_counts": {
                "bronze": 45,
                "silver": 31,
                "gold": 1
            },
            "account_id": 73187,
            "is_employee": false,
            "last_modified_date": 1656324900,
            "last_access_date": 1678153068,
            "reputation_change_year": 30,
            "reputation_change_quarter": 30,
            "reputation_change_month": 10,
            "reputation_change_week": 0,
            "reputation_change_day": 0,
            "reputation": 14869,
            "creation_date": 1258174251,
            "user_type": "registered",
            "user_id": 210908,
            "location": "Collegeville, Pennsylvania United States",
            "website_url": "http://joebooth-consulting.com",
            "link": "https://stackoverflow.com/users/210908/sparky",
            "profile_image": "https://www.gravatar.com/avatar/3d74f4d66e8d9486069771de638c6087?s=256&d=identicon&r=PG",
            "display_name": "Sparky"
        },
        {
            "badge_counts": {
                "bronze": 81,
                "silver": 60,
                "gold": 11
            },
            "account_id": 104321,
            "is_employee": false,
            "last_modified_date": 1674737400,
            "last_access_date": 1677867542,
            "reputation_change_year": 27,
            "reputation_change_quarter": 27,
            "reputation_change_month": 20,
            "reputation_change_week": 20,
            "reputation_change_day": 10,
            "reputation": 14869,
            "creation_date": 1266869684,
            "user_type": "registered",
            "user_id": 278976,
            "accept_rate": 94,
            "location": "Vancouver, British Columbia, Canada",
            "website_url": "",
            "link": "https://stackoverflow.com/users/278976/homer6",
            "profile_image": "https://www.gravatar.com/avatar/34cc004837df03c2228cf536ebf3221b?s=256&d=identicon&r=PG",
            "display_name": "Homer6"
        },
        {
            "badge_counts": {
                "bronze": 224,
                "silver": 131,
                "gold": 44
            },
            "account_id": 909063,
            "is_employee": false,
            "last_modified_date": 1675585800,
            "last_access_date": 1678304107,
            "reputation_change_year": 228,
            "reputation_change_quarter": 228,
            "reputation_change_month": 20,
            "reputation_change_week": 10,
            "reputation_change_day": 10,
            "reputation": 14869,
            "creation_date": 1315945144,
            "user_type": "registered",
            "user_id": 943340,
            "accept_rate": 84,
            "location": "United States",
            "website_url": "http://www.phpfreaks.com/",
            "link": "https://stackoverflow.com/users/943340/googlebot",
            "profile_image": "https://www.gravatar.com/avatar/f7b5b9f0164c4854a8c9f148ddc97c8e?s=256&d=identicon&r=PG",
            "display_name": "Googlebot"
        },
        {
            "badge_counts": {
                "bronze": 40,
                "silver": 36,
                "gold": 4
            },
            "account_id": 1098,
            "is_employee": false,
            "last_modified_date": 1657624800,
            "last_access_date": 1630687034,
            "reputation_change_year": 70,
            "reputation_change_quarter": 70,
            "reputation_change_month": 0,
            "reputation_change_week": 0,
            "reputation_change_day": 0,
            "reputation": 14867,
            "creation_date": 1218819831,
            "user_type": "registered",
            "user_id": 1456,
            "accept_rate": 67,
            "location": "London, United Kingdom",
            "website_url": "http://robinminto.com",
            "link": "https://stackoverflow.com/users/1456/robin-minto",
            "profile_image": "https://www.gravatar.com/avatar/7639ead080da88a1c4b1da9062c4291f?s=256&d=identicon&r=PG",
            "display_name": "Robin Minto"
        },
        {
            "badge_counts": {
                "bronze": 56,
                "silver": 35,
                "gold": 4
            },
            "account_id": 70152,
            "is_employee": false,
            "last_modified_date": 1654125000,
            "last_access_date": 1677714181,
            "reputation_change_year": 80,
            "reputation_change_quarter": 80,
            "reputation_change_month": 0,
            "reputation_change_week": 0,
            "reputation_change_day": 0,
            "reputation": 14867,
            "creation_date": 1257438319,
            "user_type": "registered",
            "user_id": 203705,
            "accept_rate": 69,
            "location": "Portland, OR, USA",
            "website_url": "http://www.linkedin.com/pub/benjamin-burns/2/629/505",
            "link": "https://stackoverflow.com/users/203705/ben-burns",
            "profile_image": "https://www.gravatar.com/avatar/ef847bdde7b4a6e07b874da7c59f287b?s=256&d=identicon&r=PG",
            "display_name": "Ben Burns"
        },
        {
            "badge_counts": {
                "bronze": 124,
                "silver": 73,
                "gold": 14
            },
            "account_id": 2415056,
            "is_employee": false,
            "last_modified_date": 1673386804,
            "last_access_date": 1678336643,
            "reputation_change_year": 81,
            "reputation_change_quarter": 81,
            "reputation_change_month": 0,
            "reputation_change_week": 0,
            "reputation_change_day": 0,
            "reputation": 14866,
            "creation_date": 1361837241,
            "user_type": "registered",
            "user_id": 2109289,
            "accept_rate": 56,
            "website_url": "",
            "link": "https://stackoverflow.com/users/2109289/alex",
            "profile_image": "https://www.gravatar.com/avatar/3ebb5eb2f3c91f6e2904a74abae0f675?s=256&d=identicon&r=PG",
            "display_name": "Alex"
        },
        {
            "badge_counts": {
                "bronze": 95,
                "silver": 68,
                "gold": 13
            },
            "account_id": 990928,
            "is_employee": false,
            "last_modified_date": 1676339701,
            "last_access_date": 1677822428,
            "reputation_change_year": -16,
            "reputation_change_quarter": -16,
            "reputation_change_month": 0,
            "reputation_change_week": 0,
            "reputation_change_day": 0,
            "reputation": 14864,
            "creation_date": 1319268783,
            "user_type": "registered",
            "user_id": 1008278,
            "accept_rate": 67,
            "location": "Near the Edge of the World..!",
            "website_url": "https://VenomVendor.com/",
            "link": "https://stackoverflow.com/users/1008278/venomvendor",
            "profile_image": "https://www.gravatar.com/avatar/5d751e2e43f29815d97b9e9f8a40e854?s=256&d=identicon&r=PG",
            "display_name": "VenomVendor"
        },
        {
            "badge_counts": {
                "bronze": 78,
                "silver": 52,
                "gold": 23
            },
            "account_id": 1303830,
            "is_employee": false,
            "last_modified_date": 1607614940,
            "last_access_date": 1675707463,
            "reputation_change_year": 38,
            "reputation_change_quarter": 38,
            "reputation_change_month": 30,
            "reputation_change_week": 10,
            "reputation_change_day": 0,
            "reputation": 14864,
            "creation_date": 1331066657,
            "user_type": "registered",
            "user_id": 1253219,
            "accept_rate": 94,
            "location": "Scottville, MI",
            "website_url": "http://N/A",
            "link": "https://stackoverflow.com/users/1253219/linger",
            "profile_image": "https://i.stack.imgur.com/XVVdO.png?s=256&g=1",
            "display_name": "Linger"
        },
        {
            "badge_counts": {
                "bronze": 75,
                "silver": 56,
                "gold": 4
            },
            "account_id": 54494,
            "is_employee": false,
            "last_modified_date": 1675872617,
            "last_access_date": 1677426703,
            "reputation_change_year": 110,
            "reputation_change_quarter": 110,
            "reputation_change_month": 0,
            "reputation_change_week": 0,
            "reputation_change_day": 0,
            "reputation": 14863,
            "creation_date": 1251228992,
            "user_type": "registered",
            "user_id": 163024,
            "accept_rate": 88,
            "website_url": "https://mattschwartz.net",
            "link": "https://stackoverflow.com/users/163024/matt-s",
            "profile_image": "https://www.gravatar.com/avatar/9dec2f8ed018ccdfd74f506656a9e530?s=256&d=identicon&r=PG",
            "display_name": "Matt S"
        },
        {
            "badge_counts": {
                "bronze": 85,
                "silver": 65,
                "gold": 10
            },
            "account_id": 230263,
            "is_employee": false,
            "last_modified_date": 1672905000,
            "last_access_date": 1678281774,
            "reputation_change_year": 130,
            "reputation_change_quarter": 130,
            "reputation_change_month": 30,
            "reputation_change_week": 0,
            "reputation_change_day": 0,
            "reputation": 14861,
            "creation_date": 1288626861,
            "user_type": "registered",
            "user_id": 493762,
            "accept_rate": 88,
            "location": "Birmingham, United Kingdom",
            "website_url": "http://www.chris-spittles.co.uk",
            "link": "https://stackoverflow.com/users/493762/chris-spittles",
            "profile_image": "https://www.gravatar.com/avatar/1bd9c9499a1af0456fdc16696bf70726?s=256&d=identicon&r=PG",
            "display_name": "Chris Spittles"
        },
        {
            "badge_counts": {
                "bronze": 182,
                "silver": 106,
                "gold": 22
            },
            "account_id": 77737,
            "is_employee": false,
            "last_modified_date": 1673662200,
            "last_access_date": 1676079614,
            "reputation_change_year": 110,
            "reputation_change_quarter": 110,
            "reputation_change_month": 10,
            "reputation_change_week": 0,
            "reputation_change_day": 0,
            "reputation": 14860,
            "creation_date": 1259620562,
            "user_type": "registered",
            "user_id": 221683,
            "accept_rate": 71,
            "website_url": "",
            "link": "https://stackoverflow.com/users/221683/ian-warburton",
            "profile_image": "https://www.gravatar.com/avatar/388a81b5ba3fb41d8a06a4d5cd9ce2dc?s=256&d=identicon&r=PG",
            "display_name": "Ian Warburton"
        },
        {
            "badge_counts": {
                "bronze": 59,
                "silver": 40,
                "gold": 4
            },
            "account_id": 361298,
            "is_employee": false,
            "last_modified_date": 1652900700,
            "last_access_date": 1678373198,
            "reputation_change_year": 30,
            "reputation_change_quarter": 30,
            "reputation_change_month": 0,
            "reputation_change_week": 0,
            "reputation_change_day": 0,
            "reputation": 14860,
            "creation_date": 1302602044,
            "user_type": "registered",
            "user_id": 703808,
            "accept_rate": 75,
            "location": "Breda, The Netherlands",
            "website_url": "http://www.yonego.nl",
            "link": "https://stackoverflow.com/users/703808/wesley-van-opdorp",
            "profile_image": "https://www.gravatar.com/avatar/cc31877741c6e0dc972292cf1162fb20?s=256&d=identicon&r=PG",
            "display_name": "Wesley van Opdorp"
        },
        {
            "badge_counts": {
                "bronze": 50,
                "silver": 32,
                "gold": 2
            },
            "account_id": 895964,
            "is_employee": false,
            "last_modified_date": 1662844800,
            "last_access_date": 1678086331,
            "reputation_change_year": 66,
            "reputation_change_quarter": 66,
            "reputation_change_month": 8,
            "reputation_change_week": -2,
            "reputation_change_day": 0,
            "reputation": 14860,
            "creation_date": 1315415538,
            "user_type": "registered",
            "user_id": 933250,
            "accept_rate": 77,
            "location": "Bangalore, India",
            "website_url": "",
            "link": "https://stackoverflow.com/users/933250/shashi",
            "profile_image": "https://i.stack.imgur.com/FhtHM.jpg?s=256&g=1",
            "display_name": "Shashi"
        },
        {
            "badge_counts": {
                "bronze": 42,
                "silver": 37,
                "gold": 6
            },
            "account_id": 1186,
            "is_employee": false,
            "last_modified_date": 1607615636,
            "last_access_date": 1678154024,
            "reputation_change_year": 90,
            "reputation_change_quarter": 90,
            "reputation_change_month": 0,
            "reputation_change_week": 0,
            "reputation_change_day": 0,
            "reputation": 14858,
            "creation_date": 1218918325,
            "user_type": "registered",
            "user_id": 1578,
            "accept_rate": 100,
            "location": "San Francisco, CA",
            "website_url": "http://stevegury.github.com",
            "link": "https://stackoverflow.com/users/1578/steve-gury",
            "profile_image": "https://www.gravatar.com/avatar/13025a7ce7409a9f4c137bdb32245ff7?s=256&d=identicon&r=PG",
            "display_name": "Steve Gury"
        },
        {
            "badge_counts": {
                "bronze": 50,
                "silver": 48,
                "gold": 6
            },
            "account_id": 5474,
            "is_employee": false,
            "last_modified_date": 1573688709,
            "last_access_date": 1674771210,
            "reputation_change_year": 90,
            "reputation_change_quarter": 90,
            "reputation_change_month": 0,
            "reputation_change_week": 0,
            "reputation_change_day": 0,
            "reputation": 14858,
            "creation_date": 1221497780,
            "user_type": "registered",
            "user_id": 8819,
            "accept_rate": 90,
            "location": "Colorado, United States",
            "website_url": "http://blog.cerris.com",
            "link": "https://stackoverflow.com/users/8819/ryan",
            "profile_image": "https://www.gravatar.com/avatar/1e4e8e8e23ab56938797ddb1b9ad9fef?s=256&d=identicon&r=PG",
            "display_name": "Ryan"
        },
        {
            "badge_counts": {
                "bronze": 26,
                "silver": 22,
                "gold": 6
            },
            "account_id": 28488,
            "is_employee": false,
            "last_modified_date": 1668359100,
            "last_access_date": 1639379971,
            "reputation_change_year": 120,
            "reputation_change_quarter": 120,
            "reputation_change_month": 0,
            "reputation_change_week": 0,
            "reputation_change_day": 0,
            "reputation": 14857,
            "creation_date": 1236693367,
            "user_type": "registered",
            "user_id": 76146,
            "accept_rate": 78,
            "website_url": "",
            "link": "https://stackoverflow.com/users/76146/aler",
            "profile_image": "https://www.gravatar.com/avatar/42791cadd55830917d960e1bc96490ad?s=256&d=identicon&r=PG",
            "display_name": "Aler"
        },
        {
            "badge_counts": {
                "bronze": 18,
                "silver": 17,
                "gold": 4
            },
            "account_id": 1070003,
            "is_employee": false,
            "last_modified_date": 1672966500,
            "last_access_date": 1676538052,
            "reputation_change_year": 210,
            "reputation_change_quarter": 210,
            "reputation_change_month": 20,
            "reputation_change_week": 10,
            "reputation_change_day": 10,
            "reputation": 14857,
            "creation_date": 1322491085,
            "user_type": "registered",
            "user_id": 1069533,
            "accept_rate": 71,
            "location": "Bristol, UK",
            "website_url": "",
            "link": "https://stackoverflow.com/users/1069533/antony",
            "profile_image": "https://www.gravatar.com/avatar/9d6a76f01f17a8e85724ea436445454d?s=256&d=identicon&r=PG",
            "display_name": "Antony"
        },
        {
            "badge_counts": {
                "bronze": 48,
                "silver": 27,
                "gold": 5
            },
            "account_id": 2422126,
            "is_employee": false,
            "last_modified_date": 1641513904,
            "last_access_date": 1563955752,
            "reputation_change_year": 220,
            "reputation_change_quarter": 220,
            "reputation_change_month": 30,
            "reputation_change_week": 30,
            "reputation_change_day": 0,
            "reputation": 14857,
            "creation_date": 1361960211,
            "user_type": "registered",
            "user_id": 2114871,
            "accept_rate": 95,
            "website_url": "",
            "link": "https://stackoverflow.com/users/2114871/iberbeu",
            "profile_image": "https://www.gravatar.com/avatar/32014397a1d14951a2f9170e1805766f?s=256&d=identicon&r=PG",
            "display_name": "iberbeu"
        },
        {
            "badge_counts": {
                "bronze": 86,
                "silver": 53,
                "gold": 11
            },
            "account_id": 4863127,
            "is_employee": false,
            "last_modified_date": 1671016800,
            "last_access_date": 1678179998,
            "reputation_change_year": 170,
            "reputation_change_quarter": 170,
            "reputation_change_month": 0,
            "reputation_change_week": 0,
            "reputation_change_day": 0,
            "reputation": 14857,
            "creation_date": 1407499509,
            "user_type": "registered",
            "user_id": 3922207,
            "accept_rate": 63,
            "location": "Payakumbuh, Sumatera Barat, Indonesia",
            "website_url": "",
            "link": "https://stackoverflow.com/users/3922207/anggrayudi-h",
            "profile_image": "https://i.stack.imgur.com/ktCUi.jpg?s=256&g=1",
            "display_name": "Anggrayudi H"
        },
        {
            "badge_counts": {
                "bronze": 140,
                "silver": 98,
                "gold": 9
            },
            "account_id": 40731,
            "is_employee": false,
            "last_modified_date": 1648089484,
            "last_access_date": 1670376551,
            "reputation_change_year": 0,
            "reputation_change_quarter": 0,
            "reputation_change_month": 0,
            "reputation_change_week": 0,
            "reputation_change_day": 0,
            "reputation": 14856,
            "creation_date": 1244215758,
            "user_type": "registered",
            "user_id": 118091,
            "accept_rate": 76,
            "location": "San Francisco, CA, USA",
            "website_url": "http://www.runmad.com/",
            "link": "https://stackoverflow.com/users/118091/runmad",
            "profile_image": "https://www.gravatar.com/avatar/d4c22538c7612950c757b02e09ee5f47?s=256&d=identicon&r=PG",
            "display_name": "runmad"
        },
        {
            "badge_counts": {
                "bronze": 55,
                "silver": 44,
                "gold": 5
            },
            "account_id": 77708,
            "is_employee": false,
            "last_modified_date": 1654343400,
            "last_access_date": 1639274820,
            "reputation_change_year": 40,
            "reputation_change_quarter": 40,
            "reputation_change_month": 10,
            "reputation_change_week": 10,
            "reputation_change_day": 0,
            "reputation": 14856,
            "creation_date": 1259614251,
            "user_type": "registered",
            "user_id": 221619,
            "accept_rate": 90,
            "website_url": "http://cpprocks.com",
            "link": "https://stackoverflow.com/users/221619/alex-korban",
            "profile_image": "https://www.gravatar.com/avatar/244fea777fb02ca92f656e21503ac7fd?s=256&d=identicon&r=PG",
            "display_name": "Alex Korban"
        },
        {
            "badge_counts": {
                "bronze": 106,
                "silver": 73,
                "gold": 14
            },
            "account_id": 27701,
            "is_employee": false,
            "last_modified_date": 1658081100,
            "last_access_date": 1678308938,
            "reputation_change_year": 50,
            "reputation_change_quarter": 50,
            "reputation_change_month": 10,
            "reputation_change_week": 0,
            "reputation_change_day": 0,
            "reputation": 14853,
            "creation_date": 1236111140,
            "user_type": "registered",
            "user_id": 73381,
            "accept_rate": 91,
            "location": "Lombard, IL, United States",
            "website_url": "http://www.RobPaulson.com",
            "link": "https://stackoverflow.com/users/73381/rob-p",
            "profile_image": "https://i.stack.imgur.com/Hsume.png?s=256&g=1",
            "display_name": "Rob P."
        },
        {
            "badge_counts": {
                "bronze": 49,
                "silver": 41,
                "gold": 10
            },
            "account_id": 147204,
            "is_employee": false,
            "last_modified_date": 1669673105,
            "last_access_date": 1678304374,
            "reputation_change_year": 120,
            "reputation_change_quarter": 120,
            "reputation_change_month": 30,
            "reputation_change_week": 10,
            "reputation_change_day": 0,
            "reputation": 14853,
            "creation_date": 1275632099,
            "user_type": "registered",
            "user_id": 358163,
            "accept_rate": 88,
            "location": "Karachi, Pakistan",
            "website_url": "http://www.linkedin.com/in/talhaahmedkhan",
            "link": "https://stackoverflow.com/users/358163/talha-ahmed-khan",
            "profile_image": "https://i.stack.imgur.com/B2CBQ.jpg?s=256&g=1",
            "display_name": "Talha Ahmed Khan"
        },
        {
            "badge_counts": {
                "bronze": 145,
                "silver": 70,
                "gold": 16
            },
            "account_id": 216289,
            "is_employee": false,
            "last_modified_date": 1655512800,
            "last_access_date": 1673960113,
            "reputation_change_year": 130,
            "reputation_change_quarter": 130,
            "reputation_change_month": 20,
            "reputation_change_week": 20,
            "reputation_change_day": 0,
            "reputation": 14852,
            "creation_date": 1286701788,
            "user_type": "registered",
            "user_id": 471436,
            "accept_rate": 91,
            "location": "Z&#252;rich, Switzerland",
            "website_url": "http://functional-games.de",
            "link": "https://stackoverflow.com/users/471436/lanbo",
            "profile_image": "https://www.gravatar.com/avatar/ac8bf979af0a8c220805fb61477d7c98?s=256&d=identicon&r=PG",
            "display_name": "Lanbo"
        },
        {
            "badge_counts": {
                "bronze": 62,
                "silver": 53,
                "gold": 3
            },
            "account_id": 363599,
            "is_employee": false,
            "last_modified_date": 1654805400,
            "last_access_date": 1678322423,
            "reputation_change_year": 215,
            "reputation_change_quarter": 215,
            "reputation_change_month": 30,
            "reputation_change_week": 20,
            "reputation_change_day": 0,
            "reputation": 14852,
            "creation_date": 1302765097,
            "user_type": "registered",
            "user_id": 707451,
            "location": "Shanghai, China",
            "website_url": "",
            "link": "https://stackoverflow.com/users/707451/shaochuancs",
            "profile_image": "https://www.gravatar.com/avatar/65a47c94af57fb83fb6489ea5d2cedcc?s=256&d=identicon&r=PG",
            "display_name": "shaochuancs"
        },
        {
            "badge_counts": {
                "bronze": 60,
                "silver": 40,
                "gold": 3
            },
            "account_id": 557969,
            "is_employee": false,
            "last_modified_date": 1668426600,
            "last_access_date": 1678364029,
            "reputation_change_year": 110,
            "reputation_change_quarter": 110,
            "reputation_change_month": 20,
            "reputation_change_week": 0,
            "reputation_change_day": 0,
            "reputation": 14852,
            "creation_date": 1314740263,
            "user_type": "registered",
            "user_id": 920568,
            "accept_rate": 83,
            "location": "London, UK",
            "website_url": "http://www.webniraj.com",
            "link": "https://stackoverflow.com/users/920568/niraj-shah",
            "profile_image": "https://i.stack.imgur.com/jZI7G.png?s=256&g=1",
            "display_name": "Niraj Shah"
        },
        {
            "badge_counts": {
                "bronze": 112,
                "silver": 76,
                "gold": 23
            },
            "account_id": 203322,
            "is_employee": false,
            "last_modified_date": 1651139105,
            "last_access_date": 1660765115,
            "reputation_change_year": 148,
            "reputation_change_quarter": 148,
            "reputation_change_month": 40,
            "reputation_change_week": 10,
            "reputation_change_day": 10,
            "reputation": 14851,
            "creation_date": 1284748243,
            "user_type": "registered",
            "user_id": 450913,
            "accept_rate": 88,
            "website_url": "",
            "link": "https://stackoverflow.com/users/450913/orad",
            "profile_image": "https://www.gravatar.com/avatar/8697727ab104f2d1307c0736fff5ec03?s=256&d=identicon&r=PG",
            "display_name": "orad"
        },
        {
            "badge_counts": {
                "bronze": 26,
                "silver": 28,
                "gold": 2
            },
            "account_id": 452523,
            "is_employee": false,
            "last_modified_date": 1638355801,
            "last_access_date": 1387652124,
            "reputation_change_year": 30,
            "reputation_change_quarter": 30,
            "reputation_change_month": 0,
            "reputation_change_week": 0,
            "reputation_change_day": 0,
            "reputation": 14851,
            "creation_date": 1310932140,
            "user_type": "registered",
            "user_id": 849004,
            "website_url": "",
            "link": "https://stackoverflow.com/users/849004/thatguy",
            "profile_image": "https://www.gravatar.com/avatar/6df4342e4f83b746febf38898aa6fd21?s=256&d=identicon&r=PG",
            "display_name": "ThatGuy"
        },
        {
            "badge_counts": {
                "bronze": 129,
                "silver": 81,
                "gold": 22
            },
            "account_id": 1310337,
            "is_employee": false,
            "last_modified_date": 1673279100,
            "last_access_date": 1678374571,
            "reputation_change_year": 30,
            "reputation_change_quarter": 30,
            "reputation_change_month": 0,
            "reputation_change_week": 0,
            "reputation_change_day": 0,
            "reputation": 14851,
            "creation_date": 1331263658,
            "user_type": "registered",
            "user_id": 2769729,
            "accept_rate": 60,
            "location": "Santa Monica, California",
            "website_url": "http://www.butterflyvista.com/",
            "link": "https://stackoverflow.com/users/2769729/sarah-weinberger",
            "profile_image": "https://i.stack.imgur.com/BowZi.png?s=256&g=1",
            "display_name": "Sarah Weinberger"
        },
        {
            "badge_counts": {
                "bronze": 276,
                "silver": 119,
                "gold": 36
            },
            "account_id": 1174097,
            "is_employee": false,
            "last_modified_date": 1670440200,
            "last_access_date": 1675173778,
            "reputation_change_year": 80,
            "reputation_change_quarter": 80,
            "reputation_change_month": 20,
            "reputation_change_week": 10,
            "reputation_change_day": 10,
            "reputation": 14850,
            "creation_date": 1326642497,
            "user_type": "registered",
            "user_id": 1150534,
            "accept_rate": 66,
            "location": "Wales",
            "website_url": "",
            "link": "https://stackoverflow.com/users/1150534/richlewis",
            "profile_image": "https://www.gravatar.com/avatar/043af7a7ebf89595bebc3364f933d648?s=256&d=identicon&r=PG",
            "display_name": "Richlewis"
        },
        {
            "badge_counts": {
                "bronze": 77,
                "silver": 50,
                "gold": 3
            },
            "account_id": 1384996,
            "is_employee": false,
            "last_modified_date": 1653547800,
            "last_access_date": 1676292361,
            "reputation_change_year": 60,
            "reputation_change_quarter": 60,
            "reputation_change_month": 10,
            "reputation_change_week": 10,
            "reputation_change_day": 10,
            "reputation": 14850,
            "creation_date": 1333706984,
            "user_type": "registered",
            "user_id": 1317221,
            "accept_rate": 100,
            "website_url": "http://stackoverflow.com/users/1317221/user1317221-g",
            "link": "https://stackoverflow.com/users/1317221/user1317221-g",
            "profile_image": "https://i.stack.imgur.com/uhV1Z.png?s=256&g=1",
            "display_name": "user1317221_G"
        },
        {
            "badge_counts": {
                "bronze": 52,
                "silver": 36,
                "gold": 2
            },
            "account_id": 1480182,
            "is_employee": false,
            "last_modified_date": 1607614900,
            "last_access_date": 1678063688,
            "reputation_change_year": 250,
            "reputation_change_quarter": 250,
            "reputation_change_month": 10,
            "reputation_change_week": 10,
            "reputation_change_day": 0,
            "reputation": 14850,
            "creation_date": 1336749190,
            "user_type": "registered",
            "user_id": 1389756,
            "accept_rate": 67,
            "location": "Italy",
            "website_url": "http://silviomarano.tk",
            "link": "https://stackoverflow.com/users/1389756/silverstorm",
            "profile_image": "https://www.gravatar.com/avatar/d25f979086cd4cc8fe28c3e7f55d3670?s=256&d=identicon&r=PG",
            "display_name": "Silverstorm"
        },
        {
            "badge_counts": {
                "bronze": 30,
                "silver": 22,
                "gold": 3
            },
            "account_id": 1194918,
            "is_employee": false,
            "last_modified_date": 1661877300,
            "last_access_date": 1675218531,
            "reputation_change_year": 420,
            "reputation_change_quarter": 420,
            "reputation_change_month": 50,
            "reputation_change_week": 20,
            "reputation_change_day": 0,
            "reputation": 14849,
            "creation_date": 1327404158,
            "user_type": "registered",
            "user_id": 1166854,
            "accept_rate": 25,
            "link": "https://stackoverflow.com/users/1166854/tanel-tammik",
            "profile_image": "https://graph.facebook.com/649869589/picture?type=large",
            "display_name": "Tanel Tammik"
        },
        {
            "badge_counts": {
                "bronze": 28,
                "silver": 11,
                "gold": 2
            },
            "account_id": 11420690,
            "is_employee": false,
            "last_modified_date": 1644817500,
            "last_access_date": 1678377627,
            "reputation_change_year": 360,
            "reputation_change_quarter": 360,
            "reputation_change_month": 10,
            "reputation_change_week": 10,
            "reputation_change_day": 0,
            "reputation": 14849,
            "creation_date": 1532269719,
            "user_type": "registered",
            "user_id": 10118270,
            "link": "https://stackoverflow.com/users/10118270/mike",
            "profile_image": "https://www.gravatar.com/avatar/d4d02f5140e2c09fe0425854f39a6596?s=256&d=identicon&r=PG",
            "display_name": "Mike"
        },
        {
            "badge_counts": {
                "bronze": 153,
                "silver": 88,
                "gold": 27
            },
            "account_id": 85255,
            "is_employee": false,
            "last_modified_date": 1678205700,
            "last_access_date": 1678330133,
            "reputation_change_year": 200,
            "reputation_change_quarter": 200,
            "reputation_change_month": 30,
            "reputation_change_week": 30,
            "reputation_change_day": 10,
            "reputation": 14847,
            "creation_date": 1261592598,
            "user_type": "registered",
            "user_id": 237815,
            "accept_rate": 54,
            "website_url": "",
            "link": "https://stackoverflow.com/users/237815/ccleve",
            "profile_image": "https://www.gravatar.com/avatar/c9543ef1a255a84cf53ac3a0c8f43106?s=256&d=identicon&r=PG",
            "display_name": "ccleve"
        },
        {
            "badge_counts": {
                "bronze": 6,
                "silver": 17,
                "gold": 3
            },
            "account_id": 138055,
            "is_employee": false,
            "last_modified_date": 1637258100,
            "last_access_date": 1510785659,
            "reputation_change_year": 60,
            "reputation_change_quarter": 60,
            "reputation_change_month": 0,
            "reputation_change_week": 0,
            "reputation_change_day": 0,
            "reputation": 14847,
            "creation_date": 1274067920,
            "user_type": "registered",
            "user_id": 342728,
            "website_url": "",
            "link": "https://stackoverflow.com/users/342728/albruno",
            "profile_image": "https://www.gravatar.com/avatar/aa47ad4291294ff9dcb0900b1257ed67?s=256&d=identicon&r=PG",
            "display_name": "albruno"
        },
        {
            "badge_counts": {
                "bronze": 83,
                "silver": 68,
                "gold": 4
            },
            "account_id": 1386933,
            "is_employee": false,
            "last_modified_date": 1668430501,
            "last_access_date": 1678368487,
            "reputation_change_year": 160,
            "reputation_change_quarter": 160,
            "reputation_change_month": 10,
            "reputation_change_week": 10,
            "reputation_change_day": 10,
            "reputation": 14847,
            "creation_date": 1333783608,
            "user_type": "registered",
            "user_id": 1318739,
            "accept_rate": 100,
            "location": "Czech Republic",
            "website_url": "",
            "link": "https://stackoverflow.com/users/1318739/mari%c3%a1n-%c4%8cern%c3%bd",
            "profile_image": "https://www.gravatar.com/avatar/dc6f3b55d0597a01252f26f36db94353?s=256&d=identicon&r=PG",
            "display_name": "Mari&#225;n Čern&#253;"
        },
        {
            "badge_counts": {
                "bronze": 93,
                "silver": 73,
                "gold": 14
            },
            "account_id": 83617,
            "is_employee": false,
            "last_modified_date": 1651861500,
            "last_access_date": 1678212558,
            "reputation_change_year": 180,
            "reputation_change_quarter": 180,
            "reputation_change_month": 30,
            "reputation_change_week": 30,
            "reputation_change_day": 0,
            "reputation": 14846,
            "creation_date": 1225255717,
            "user_type": "registered",
            "user_id": 234288,
            "accept_rate": 86,
            "website_url": "",
            "link": "https://stackoverflow.com/users/234288/tim-lovell-smith",
            "profile_image": "https://www.gravatar.com/avatar/59527fa76c2b1cd0fc3ac48ff2e781fb?s=256&d=identicon&r=PG",
            "display_name": "Tim Lovell-Smith"
        },
        {
            "badge_counts": {
                "bronze": 70,
                "silver": 81,
                "gold": 6
            },
            "account_id": 391142,
            "is_employee": false,
            "last_modified_date": 1661967000,
            "last_access_date": 1678347168,
            "reputation_change_year": 206,
            "reputation_change_quarter": 206,
            "reputation_change_month": 20,
            "reputation_change_week": 10,
            "reputation_change_day": 0,
            "reputation": 14846,
            "creation_date": 1305250721,
            "user_type": "registered",
            "user_id": 751641,
            "accept_rate": 72,
            "location": "Moscow, Russia",
            "website_url": "",
            "link": "https://stackoverflow.com/users/751641/denis-kutlubaev",
            "profile_image": "https://i.stack.imgur.com/SBrqM.jpg?s=256&g=1",
            "display_name": "Denis Kutlubaev"
        },
        {
            "badge_counts": {
                "bronze": 91,
                "silver": 50,
                "gold": 6
            },
            "account_id": 7424649,
            "is_employee": false,
            "last_modified_date": 1673429100,
            "last_access_date": 1678377454,
            "reputation_change_year": 330,
            "reputation_change_quarter": 330,
            "reputation_change_month": 60,
            "reputation_change_week": 20,
            "reputation_change_day": 10,
            "reputation": 14846,
            "creation_date": 1515936895,
            "user_type": "registered",
            "user_id": 9215780,
            "location": "Dhaka, Bangladesh",
            "website_url": "https://www.kaggle.com/ipythonx",
            "link": "https://stackoverflow.com/users/9215780/innat",
            "profile_image": "https://i.stack.imgur.com/taLWA.png?s=256&g=1",
            "display_name": "Innat"
        },
        {
            "badge_counts": {
                "bronze": 29,
                "silver": 24,
                "gold": 6
            },
            "account_id": 187750,
            "is_employee": false,
            "last_modified_date": 1670681101,
            "last_access_date": 1395038622,
            "reputation_change_year": 40,
            "reputation_change_quarter": 40,
            "reputation_change_month": 0,
            "reputation_change_week": 0,
            "reputation_change_day": 0,
            "reputation": 14843,
            "creation_date": 1282286395,
            "user_type": "registered",
            "user_id": 426041,
            "accept_rate": 73,
            "link": "https://stackoverflow.com/users/426041/frank-bozzo",
            "profile_image": "https://www.gravatar.com/avatar/bac9b91329a560987eb681c71c7eeb97?s=256&d=identicon&r=PG",
            "display_name": "Frank Bozzo"
        },
        {
            "badge_counts": {
                "bronze": 123,
                "silver": 64,
                "gold": 24
            },
            "account_id": 3773810,
            "is_employee": false,
            "last_modified_date": 1652268600,
            "last_access_date": 1643130223,
            "reputation_change_year": 370,
            "reputation_change_quarter": 370,
            "reputation_change_month": 30,
            "reputation_change_week": 20,
            "reputation_change_day": 0,
            "reputation": 14843,
            "creation_date": 1391792997,
            "user_type": "registered",
            "user_id": 3284878,
            "accept_rate": 51,
            "location": "Israel",
            "website_url": "",
            "link": "https://stackoverflow.com/users/3284878/aviv-cohn",
            "profile_image": "https://www.gravatar.com/avatar/d324c610856d2626e9b719eb4135b3cb?s=256&d=identicon&r=PG&f=1",
            "display_name": "Aviv Cohn"
        },
        {
            "badge_counts": {
                "bronze": 42,
                "silver": 49,
                "gold": 2
            },
            "account_id": 89560,
            "is_employee": false,
            "last_modified_date": 1658154300,
            "last_access_date": 1634549414,
            "reputation_change_year": 50,
            "reputation_change_quarter": 50,
            "reputation_change_month": 10,
            "reputation_change_week": 0,
            "reputation_change_day": 0,
            "reputation": 14842,
            "creation_date": 1263034272,
            "user_type": "registered",
            "user_id": 247020,
            "location": "Wellington, New Zealand",
            "website_url": "https://sanityinc.com",
            "link": "https://stackoverflow.com/users/247020/sanityinc",
            "profile_image": "https://www.gravatar.com/avatar/04f3babefa4ba85e7904b40e6846e217?s=256&d=identicon&r=PG",
            "display_name": "sanityinc"
        },
        {
            "badge_counts": {
                "bronze": 49,
                "silver": 39,
                "gold": 3
            },
            "account_id": 64504,
            "is_employee": false,
            "last_modified_date": 1658154300,
            "last_access_date": 1644789096,
            "reputation_change_year": 50,
            "reputation_change_quarter": 50,
            "reputation_change_month": 20,
            "reputation_change_week": 20,
            "reputation_change_day": 0,
            "reputation": 14841,
            "creation_date": 1255587281,
            "user_type": "registered",
            "user_id": 190376,
            "website_url": "",
            "link": "https://stackoverflow.com/users/190376/reid-barton",
            "profile_image": "https://www.gravatar.com/avatar/cd8280c5e1491b8cf55760750ed97dec?s=256&d=identicon&r=PG",
            "display_name": "Reid Barton"
        },
        {
            "badge_counts": {
                "bronze": 29,
                "silver": 20,
                "gold": 2
            },
            "account_id": 363640,
            "is_employee": false,
            "last_modified_date": 1614026100,
            "last_access_date": 1472648975,
            "reputation_change_year": 310,
            "reputation_change_quarter": 310,
            "reputation_change_month": 80,
            "reputation_change_week": 50,
            "reputation_change_day": 0,
            "reputation": 14841,
            "creation_date": 1302768437,
            "user_type": "registered",
            "user_id": 707521,
            "location": "Hamburg",
            "website_url": "",
            "link": "https://stackoverflow.com/users/707521/markohiel",
            "profile_image": "https://i.stack.imgur.com/oN4Mg.png?s=256&g=1",
            "display_name": "MarkoHiel"
        },
        {
            "badge_counts": {
                "bronze": 31,
                "silver": 26,
                "gold": 3
            },
            "account_id": 1204553,
            "is_employee": false,
            "last_modified_date": 1648513500,
            "last_access_date": 1678337509,
            "reputation_change_year": 75,
            "reputation_change_quarter": 75,
            "reputation_change_month": 10,
            "reputation_change_week": 10,
            "reputation_change_day": 0,
            "reputation": 14841,
            "creation_date": 1327704183,
            "user_type": "registered",
            "user_id": 1174526,
            "location": "Washington DC Area",
            "website_url": "http://luisdelarosa.com",
            "link": "https://stackoverflow.com/users/1174526/louielouie",
            "profile_image": "https://www.gravatar.com/avatar/c9875bc8337d01abb83c41532db37fd0?s=256&d=identicon&r=PG",
            "display_name": "louielouie"
        },
        {
            "badge_counts": {
                "bronze": 35,
                "silver": 24,
                "gold": 2
            },
            "account_id": 1459856,
            "is_employee": false,
            "last_modified_date": 1658154300,
            "last_access_date": 1678317573,
            "reputation_change_year": 30,
            "reputation_change_quarter": 30,
            "reputation_change_month": 10,
            "reputation_change_week": 10,
            "reputation_change_day": 0,
            "reputation": 14841,
            "creation_date": 1336120016,
            "user_type": "registered",
            "user_id": 1374461,
            "website_url": "https://github.com/Jasper-M",
            "link": "https://stackoverflow.com/users/1374461/jasper-m",
            "profile_image": "https://www.gravatar.com/avatar/541fe7eb28782e457c7cd83db9a5694f?s=256&d=identicon&r=PG",
            "display_name": "Jasper-M"
        },
        {
            "badge_counts": {
                "bronze": 127,
                "silver": 76,
                "gold": 16
            },
            "account_id": 103784,
            "is_employee": false,
            "last_modified_date": 1666222800,
            "last_access_date": 1677478334,
            "reputation_change_year": 60,
            "reputation_change_quarter": 60,
            "reputation_change_month": 0,
            "reputation_change_week": 0,
            "reputation_change_day": 0,
            "reputation": 14840,
            "creation_date": 1266696141,
            "user_type": "registered",
            "user_id": 2045611,
            "accept_rate": 91,
            "location": "Waterloo, ON, Canada",
            "website_url": "",
            "link": "https://stackoverflow.com/users/2045611/cam",
            "profile_image": "https://www.gravatar.com/avatar/74ed58457a9b1cb04f854ae5ca531ca5?s=256&d=identicon&r=PG",
            "display_name": "Cam"
        },
        {
            "badge_counts": {
                "bronze": 90,
                "silver": 57,
                "gold": 10
            },
            "account_id": 6820,
            "is_employee": false,
            "last_modified_date": 1664482200,
            "last_access_date": 1678267403,
            "reputation_change_year": 78,
            "reputation_change_quarter": 78,
            "reputation_change_month": 10,
            "reputation_change_week": 10,
            "reputation_change_day": 0,
            "reputation": 14839,
            "creation_date": 1221556804,
            "user_type": "registered",
            "user_id": 11589,
            "accept_rate": 74,
            "link": "https://stackoverflow.com/users/11589/shodanex",
            "profile_image": "https://www.gravatar.com/avatar/54f226385450ee11f20bd512d15e3888?s=256&d=identicon&r=PG",
            "display_name": "shodanex"
        },
        {
            "badge_counts": {
                "bronze": 80,
                "silver": 62,
                "gold": 17
            },
            "account_id": 37396,
            "is_employee": false,
            "last_modified_date": 1654537209,
            "last_access_date": 1678328741,
            "reputation_change_year": 240,
            "reputation_change_quarter": 240,
            "reputation_change_month": 0,
            "reputation_change_week": 0,
            "reputation_change_day": 0,
            "reputation": 14839,
            "creation_date": 1242290568,
            "user_type": "registered",
            "user_id": 106906,
            "accept_rate": 78,
            "location": "Broomfield, CO, USA",
            "website_url": "https://dogsnog.blog/about",
            "link": "https://stackoverflow.com/users/106906/dogweather",
            "profile_image": "https://www.gravatar.com/avatar/d246a4b19295137980d6c6f831eba665?s=256&d=identicon&r=PG",
            "display_name": "Dogweather"
        },
        {
            "badge_counts": {
                "bronze": 56,
                "silver": 39,
                "gold": 2
            },
            "account_id": 3851476,
            "is_employee": false,
            "last_modified_date": 1666222503,
            "last_access_date": 1678217958,
            "reputation_change_year": 110,
            "reputation_change_quarter": 110,
            "reputation_change_month": 30,
            "reputation_change_week": 10,
            "reputation_change_day": 0,
            "reputation": 14838,
            "creation_date": 1389640769,
            "user_type": "registered",
            "user_id": 3191557,
            "accept_rate": 100,
            "location": "Kiel",
            "website_url": "",
            "link": "https://stackoverflow.com/users/3191557/dhke",
            "profile_image": "https://www.gravatar.com/avatar/ffa6013ed93cfff5ef56f1ddf63956b1?s=256&d=identicon&r=PG&f=1",
            "display_name": "dhke"
        },
        {
            "badge_counts": {
                "bronze": 42,
                "silver": 35,
                "gold": 1
            },
            "account_id": 62956,
            "is_employee": false,
            "last_modified_date": 1651894800,
            "last_access_date": 1671635396,
            "reputation_change_year": 20,
            "reputation_change_quarter": 20,
            "reputation_change_month": 10,
            "reputation_change_week": 0,
            "reputation_change_day": 0,
            "reputation": 14836,
            "creation_date": 1255030658,
            "user_type": "registered",
            "user_id": 186674,
            "location": "Mountain View, California",
            "website_url": "http://www.google.com/+ClaudioCherubino",
            "link": "https://stackoverflow.com/users/186674/claudio-cherubino",
            "profile_image": "https://www.gravatar.com/avatar/b44af4c864ed892b4ddba6ef3afd00c0?s=256&d=identicon&r=PG",
            "display_name": "Claudio Cherubino"
        },
        {
            "badge_counts": {
                "bronze": 126,
                "silver": 80,
                "gold": 16
            },
            "account_id": 202683,
            "is_employee": false,
            "last_modified_date": 1656316500,
            "last_access_date": 1660113806,
            "reputation_change_year": 110,
            "reputation_change_quarter": 110,
            "reputation_change_month": 30,
            "reputation_change_week": 20,
            "reputation_change_day": 0,
            "reputation": 14836,
            "creation_date": 1225301956,
            "user_type": "registered",
            "user_id": 449902,
            "accept_rate": 98,
            "location": "United States",
            "website_url": "http://rbailey.wordpress.com/",
            "link": "https://stackoverflow.com/users/449902/rlb-usa",
            "profile_image": "https://www.gravatar.com/avatar/e4d02d2f0d957567d161d72e18d40292?s=256&d=identicon&r=PG",
            "display_name": "rlb.usa"
        },
        {
            "badge_counts": {
                "bronze": 27,
                "silver": 20,
                "gold": 3
            },
            "account_id": 11414448,
            "is_employee": false,
            "last_modified_date": 1675429200,
            "last_access_date": 1644192833,
            "reputation_change_year": -10,
            "reputation_change_quarter": -10,
            "reputation_change_month": 0,
            "reputation_change_week": 0,
            "reputation_change_day": 0,
            "reputation": 14836,
            "creation_date": 1501045903,
            "user_type": "registered",
            "user_id": 8367626,
            "location": "Houston, TX, United States",
            "website_url": "",
            "link": "https://stackoverflow.com/users/8367626/mary",
            "profile_image": "https://i.stack.imgur.com/Vlgmz.jpg?s=256&g=1",
            "display_name": "Mary"
        },
        {
            "badge_counts": {
                "bronze": 32,
                "silver": 27,
                "gold": 7
            },
            "account_id": 961815,
            "is_employee": false,
            "last_modified_date": 1636496442,
            "last_access_date": 1676002910,
            "reputation_change_year": 110,
            "reputation_change_quarter": 110,
            "reputation_change_month": 10,
            "reputation_change_week": 0,
            "reputation_change_day": 0,
            "reputation": 14834,
            "creation_date": 1318127907,
            "user_type": "registered",
            "user_id": 985998,
            "accept_rate": 75,
            "location": "Earth",
            "website_url": "https://medium.com/@Cuadraman",
            "link": "https://stackoverflow.com/users/985998/cuadraman",
            "profile_image": "https://www.gravatar.com/avatar/862e3481a71903871a667e1f243fd9c5?s=256&d=identicon&r=PG",
            "display_name": "cuadraman"
        },
        {
            "badge_counts": {
                "bronze": 53,
                "silver": 52,
                "gold": 5
            },
            "account_id": 13447,
            "is_employee": false,
            "last_modified_date": 1674566400,
            "last_access_date": 1649520800,
            "reputation_change_year": 70,
            "reputation_change_quarter": 70,
            "reputation_change_month": 0,
            "reputation_change_week": 0,
            "reputation_change_day": 0,
            "reputation": 14833,
            "creation_date": 1223706955,
            "user_type": "registered",
            "user_id": 27024,
            "location": "Los Angeles, CA",
            "website_url": "http://wry.me",
            "link": "https://stackoverflow.com/users/27024/darius-bacon",
            "profile_image": "https://www.gravatar.com/avatar/1aae9883d2921230028d55beaca477b0?s=256&d=identicon&r=PG",
            "display_name": "Darius Bacon"
        },
        {
            "badge_counts": {
                "bronze": 69,
                "silver": 59,
                "gold": 2
            },
            "account_id": 119893,
            "is_employee": false,
            "last_modified_date": 1607615276,
            "last_access_date": 1677770450,
            "reputation_change_year": 30,
            "reputation_change_quarter": 30,
            "reputation_change_month": 10,
            "reputation_change_week": 0,
            "reputation_change_day": 0,
            "reputation": 14833,
            "creation_date": 1270734092,
            "user_type": "registered",
            "user_id": 311941,
            "accept_rate": 75,
            "location": "Istanbul, Turkey",
            "website_url": "http://merttorun.com",
            "link": "https://stackoverflow.com/users/311941/edgerunner",
            "profile_image": "https://www.gravatar.com/avatar/2bddc871970b42c4666972d26babe0ce?s=256&d=identicon&r=PG",
            "display_name": "edgerunner"
        },
        {
            "badge_counts": {
                "bronze": 125,
                "silver": 84,
                "gold": 22
            },
            "account_id": 82107,
            "is_employee": false,
            "last_modified_date": 1655511600,
            "last_access_date": 1669149704,
            "reputation_change_year": 50,
            "reputation_change_quarter": 50,
            "reputation_change_month": 20,
            "reputation_change_week": 10,
            "reputation_change_day": 0,
            "reputation": 14832,
            "creation_date": 1260782064,
            "user_type": "registered",
            "user_id": 644669,
            "accept_rate": 69,
            "website_url": "",
            "link": "https://stackoverflow.com/users/644669/zakaria",
            "profile_image": "https://i.stack.imgur.com/g4sai.jpg?s=256&g=1",
            "display_name": "Zakaria"
        },
        {
            "badge_counts": {
                "bronze": 70,
                "silver": 55,
                "gold": 11
            },
            "account_id": 71887,
            "is_employee": false,
            "last_modified_date": 1654807800,
            "last_access_date": 1678110447,
            "reputation_change_year": 110,
            "reputation_change_quarter": 110,
            "reputation_change_month": 20,
            "reputation_change_week": 20,
            "reputation_change_day": 0,
            "reputation": 14831,
            "creation_date": 1257855795,
            "user_type": "registered",
            "user_id": 207756,
            "accept_rate": 80,
            "location": "Nigeria",
            "website_url": "http://www.sampsonorson.com",
            "link": "https://stackoverflow.com/users/207756/orson",
            "profile_image": "https://i.stack.imgur.com/9XOal.png?s=256&g=1",
            "display_name": "Orson"
        },
        {
            "badge_counts": {
                "bronze": 31,
                "silver": 27,
                "gold": 5
            },
            "account_id": 104558,
            "is_employee": false,
            "last_modified_date": 1632333900,
            "last_access_date": 1678193624,
            "reputation_change_year": 120,
            "reputation_change_quarter": 120,
            "reputation_change_month": 10,
            "reputation_change_week": 10,
            "reputation_change_day": 0,
            "reputation": 14831,
            "creation_date": 1266930464,
            "user_type": "registered",
            "user_id": 279482,
            "accept_rate": 67,
            "location": "New York, NY, United States",
            "website_url": "",
            "link": "https://stackoverflow.com/users/279482/hazem-salama",
            "profile_image": "https://i.stack.imgur.com/Mei94.jpg?s=256&g=1",
            "display_name": "Hazem Salama"
        },
        {
            "badge_counts": {
                "bronze": 45,
                "silver": 32,
                "gold": 7
            },
            "account_id": 174365,
            "is_employee": false,
            "last_modified_date": 1678190400,
            "last_access_date": 1670999616,
            "reputation_change_year": 400,
            "reputation_change_quarter": 400,
            "reputation_change_month": 20,
            "reputation_change_week": 0,
            "reputation_change_day": 10,
            "reputation": 14831,
            "creation_date": 1258051998,
            "user_type": "registered",
            "user_id": 403681,
            "accept_rate": 95,
            "location": "Toronto, ON, Canada",
            "website_url": "http://henrysoftware.ca",
            "link": "https://stackoverflow.com/users/403681/rakka-rage",
            "profile_image": "https://www.gravatar.com/avatar/47bef36c0ac00df73c1dd48a7de8bec4?s=256&d=identicon&r=PG",
            "display_name": "Rakka Rage"
        },
        {
            "badge_counts": {
                "bronze": 70,
                "silver": 48,
                "gold": 9
            },
            "account_id": 198151,
            "is_employee": false,
            "last_modified_date": 1661516701,
            "last_access_date": 1678036852,
            "reputation_change_year": 140,
            "reputation_change_quarter": 140,
            "reputation_change_month": 30,
            "reputation_change_week": 20,
            "reputation_change_day": 10,
            "reputation": 14831,
            "creation_date": 1283964529,
            "user_type": "registered",
            "user_id": 442650,
            "accept_rate": 66,
            "location": "New York, NY, USA",
            "website_url": "https://www.linkedin.com/in/jonathanvanasco/",
            "link": "https://stackoverflow.com/users/442650/jonathan-vanasco",
            "profile_image": "https://graph.facebook.com/728395557/picture?type=large",
            "display_name": "Jonathan Vanasco"
        },
        {
            "badge_counts": {
                "bronze": 49,
                "silver": 41,
                "gold": 2
            },
            "account_id": 1143694,
            "is_employee": false,
            "last_modified_date": 1667934001,
            "last_access_date": 1677698859,
            "reputation_change_year": 70,
            "reputation_change_quarter": 70,
            "reputation_change_month": 20,
            "reputation_change_week": 10,
            "reputation_change_day": 0,
            "reputation": 14831,
            "creation_date": 1325546185,
            "user_type": "registered",
            "user_id": 1126943,
            "location": "Warsaw, Poland",
            "website_url": "",
            "link": "https://stackoverflow.com/users/1126943/zch",
            "profile_image": "https://i.stack.imgur.com/yeuHw.png?s=256&g=1",
            "display_name": "zch"
        },
        {
            "badge_counts": {
                "bronze": 74,
                "silver": 45,
                "gold": 10
            },
            "account_id": 1616032,
            "is_employee": false,
            "last_modified_date": 1661505000,
            "last_access_date": 1678288182,
            "reputation_change_year": 10,
            "reputation_change_quarter": 10,
            "reputation_change_month": 0,
            "reputation_change_week": 0,
            "reputation_change_day": 0,
            "reputation": 14830,
            "creation_date": 1341103315,
            "user_type": "registered",
            "user_id": 1493698,
            "accept_rate": 43,
            "location": "United Kingdom",
            "website_url": "https://antonylau.com",
            "link": "https://stackoverflow.com/users/1493698/antony",
            "profile_image": "https://www.gravatar.com/avatar/9e7c031c5cf00d3e703c7f87db514803?s=256&d=identicon&r=PG",
            "display_name": "Antony"
        },
        {
            "badge_counts": {
                "bronze": 112,
                "silver": 63,
                "gold": 13
            },
            "account_id": 46703,
            "is_employee": false,
            "last_modified_date": 1662249905,
            "last_access_date": 1678372196,
            "reputation_change_year": 40,
            "reputation_change_quarter": 40,
            "reputation_change_month": 10,
            "reputation_change_week": 10,
            "reputation_change_day": 0,
            "reputation": 14829,
            "creation_date": 1247578279,
            "user_type": "registered",
            "user_id": 138071,
            "accept_rate": 92,
            "location": "Argentina",
            "website_url": "https://www.linkedin.com/in/andresdescalzo/",
            "link": "https://stackoverflow.com/users/138071/andres-descalzo",
            "profile_image": "https://www.gravatar.com/avatar/d6468f441fdf3940cea18ff5b7f1d3e3?s=256&d=identicon&r=PG",
            "display_name": "andres descalzo"
        }
    ],
    "has_more": true,
    "quota_max": 10000,
    "quota_remaining": 7843
}