{
    "items": [
        {
            "badge_counts": {
                "bronze": 28,
                "silver": 30,
                "gold": 1
            },
            "account_id": 243679,
            "is_employee": false,
            "last_modified_date": 1607615174,
            "last_access_date": 1469747954,
            "reputation_change_year": 18,
            "reputation_change_quarter": 18,
            "reputation_change_month": 0,
            "reputation_change_week": 0,
            "reputation_change_day": 0,
            "reputation": 7360,
            "creation_date": 1290427082,
            "user_type": "registered",
            "user_id": 516027,
            "location": "Beijing, China",
            "website_url": "http://www.buding.cn",
            "link": "https://stackoverflow.com/users/516027/faylon",
            "profile_image": "https://www.gravatar.com/avatar/69843ce804f53bfebd468381ee667a6c?s=256&d=identicon&r=PG",
            "display_name": "faylon"
        },
        {
            "badge_counts": {
                "bronze": 64,
                "silver": 49,
                "gold": 4
            },
            "account_id": 398197,
            "is_employee": false,
            "last_modified_date": 1654434300,
            "last_access_date": 1678264056,
            "reputation_change_year": 30,
            "reputation_change_quarter": 30,
            "reputation_change_month": 0,
            "reputation_change_week": 0,
            "reputation_change_day": 0,
            "reputation": 7360,
            "creation_date": 1305895408,
            "user_type": "registered",
            "user_id": 762747,
            "accept_rate": 73,
            "location": "Stockholm, Sweden",
            "website_url": "http://amit.aawaara.com/",
            "link": "https://stackoverflow.com/users/762747/amit-saxena",
            "profile_image": "https://www.gravatar.com/avatar/2e07fdac9a5b0de8a17a0e5b6a77acef?s=256&d=identicon&r=PG",
            "display_name": "amit_saxena"
        },
        {
            "badge_counts": {
                "bronze": 48,
                "silver": 32,
                "gold": 3
            },
            "account_id": 1184380,
            "is_employee": false,
            "last_modified_date": 1678206000,
            "last_access_date": 1677895913,
            "reputation_change_year": 0,
            "reputation_change_quarter": 0,
            "reputation_change_month": -10,
            "reputation_change_week": -10,
            "reputation_change_day": 0,
            "reputation": 7360,
            "creation_date": 1326982046,
            "user_type": "registered",
            "user_id": 1158666,
            "accept_rate": 75,
            "location": "Philadelphia, PA",
            "website_url": "",
            "link": "https://stackoverflow.com/users/1158666/bort",
            "profile_image": "https://www.gravatar.com/avatar/f3b768ad1a2cea4ba168ae9d7a930662?s=256&d=identicon&r=PG",
            "display_name": "Bort"
        },
        {
            "badge_counts": {
                "bronze": 16,
                "silver": 17,
                "gold": 1
            },
            "account_id": 1751757,
            "is_employee": false,
            "last_modified_date": 1656030900,
            "last_access_date": 1638881521,
            "reputation_change_year": 90,
            "reputation_change_quarter": 90,
            "reputation_change_month": 20,
            "reputation_change_week": 20,
            "reputation_change_day": 0,
            "reputation": 7360,
            "creation_date": 1353658601,
            "user_type": "registered",
            "user_id": 1846914,
            "accept_rate": 88,
            "location": "Warsaw, Poland",
            "website_url": "https://twitter.com/szymon_kurek",
            "link": "https://stackoverflow.com/users/1846914/liosan",
            "profile_image": "https://www.gravatar.com/avatar/51065d9b8035f42177d2155b45b66154?s=256&d=identicon&r=PG",
            "display_name": "Liosan"
        },
        {
            "badge_counts": {
                "bronze": 25,
                "silver": 24,
                "gold": 5
            },
            "account_id": 346815,
            "is_employee": false,
            "last_modified_date": 1631135400,
            "last_access_date": 1677691659,
            "reputation_change_year": 120,
            "reputation_change_quarter": 120,
            "reputation_change_month": 20,
            "reputation_change_week": 10,
            "reputation_change_day": 10,
            "reputation": 7359,
            "creation_date": 1301328358,
            "user_type": "registered",
            "user_id": 680550,
            "accept_rate": 77,
            "website_url": "",
            "link": "https://stackoverflow.com/users/680550/pedram",
            "profile_image": "https://www.gravatar.com/avatar/21d3ac939d9d8c0dd82644fab788b733?s=256&d=identicon&r=PG",
            "display_name": "Pedram"
        },
        {
            "badge_counts": {
                "bronze": 84,
                "silver": 51,
                "gold": 6
            },
            "account_id": 380090,
            "is_employee": false,
            "last_modified_date": 1677543300,
            "last_access_date": 1678356959,
            "reputation_change_year": 207,
            "reputation_change_quarter": 207,
            "reputation_change_month": 0,
            "reputation_change_week": 0,
            "reputation_change_day": 0,
            "reputation": 7359,
            "creation_date": 1304307209,
            "user_type": "registered",
            "user_id": 733889,
            "accept_rate": 53,
            "location": "Kinshasa, Democratic Republic of the Congo",
            "website_url": "http://www.bellash.co.uk",
            "link": "https://stackoverflow.com/users/733889/bellash",
            "profile_image": "https://i.stack.imgur.com/Qn4KM.jpg?s=256&g=1",
            "display_name": "Bellash"
        },
        {
            "badge_counts": {
                "bronze": 3,
                "silver": 13,
                "gold": 2
            },
            "account_id": 1226965,
            "is_employee": false,
            "last_modified_date": 1658256300,
            "last_access_date": 1334802606,
            "reputation_change_year": 10,
            "reputation_change_quarter": 10,
            "reputation_change_month": 0,
            "reputation_change_week": 0,
            "reputation_change_day": 0,
            "reputation": 7359,
            "creation_date": 1328663557,
            "user_type": "registered",
            "user_id": 1196072,
            "location": "United States",
            "website_url": "http://developer.aiwgame.com",
            "link": "https://stackoverflow.com/users/1196072/android-developer",
            "profile_image": "https://www.gravatar.com/avatar/359780bfe334a28bbfe1d3bd8af4977d?s=256&d=identicon&r=PG",
            "display_name": "Android Developer"
        },
        {
            "badge_counts": {
                "bronze": 87,
                "silver": 59,
                "gold": 3
            },
            "account_id": 3691447,
            "is_employee": false,
            "last_modified_date": 1671016050,
            "last_access_date": 1678186925,
            "reputation_change_year": 180,
            "reputation_change_quarter": 180,
            "reputation_change_month": 10,
            "reputation_change_week": 0,
            "reputation_change_day": 0,
            "reputation": 7359,
            "creation_date": 1386324059,
            "user_type": "registered",
            "user_id": 3073945,
            "accept_rate": 90,
            "location": "Dhaka, Bangladesh",
            "website_url": "https://mesukcse08.medium.com/",
            "link": "https://stackoverflow.com/users/3073945/md-sajedul-karim",
            "profile_image": "https://i.stack.imgur.com/Dig4I.jpg?s=256&g=1",
            "display_name": "Md. Sajedul Karim"
        },
        {
            "badge_counts": {
                "bronze": 37,
                "silver": 22,
                "gold": 3
            },
            "account_id": 7666017,
            "is_employee": false,
            "last_modified_date": 1669833303,
            "last_access_date": 1678373742,
            "reputation_change_year": 150,
            "reputation_change_quarter": 150,
            "reputation_change_month": 40,
            "reputation_change_week": 20,
            "reputation_change_day": 10,
            "reputation": 7359,
            "creation_date": 1453197661,
            "user_type": "registered",
            "user_id": 5809720,
            "location": "Bengaluru, Karnataka, India",
            "website_url": "",
            "link": "https://stackoverflow.com/users/5809720/sagar-gangwal",
            "profile_image": "https://i.stack.imgur.com/zNAXD.jpg?s=256&g=1",
            "display_name": "Sagar Gangwal"
        },
        {
            "badge_counts": {
                "bronze": 84,
                "silver": 51,
                "gold": 21
            },
            "account_id": 8577286,
            "is_employee": false,
            "last_modified_date": 1652113500,
            "last_access_date": 1678379489,
            "reputation_change_year": 240,
            "reputation_change_quarter": 240,
            "reputation_change_month": 20,
            "reputation_change_week": 10,
            "reputation_change_day": 0,
            "reputation": 7359,
            "creation_date": 1465116908,
            "user_type": "registered",
            "user_id": 6426229,
            "accept_rate": 80,
            "location": "Lisbon, Portugal",
            "link": "https://stackoverflow.com/users/6426229/radex",
            "profile_image": "https://lh4.googleusercontent.com/-d4LpnU-bOis/AAAAAAAAAAI/AAAAAAAAAFg/7PJbhWKlyRQ/photo.jpg?sz=256",
            "display_name": "Radex"
        },
        {
            "badge_counts": {
                "bronze": 28,
                "silver": 14,
                "gold": 3
            },
            "account_id": 6543768,
            "is_employee": false,
            "last_modified_date": 1675152300,
            "last_access_date": 1678371323,
            "reputation_change_year": 73,
            "reputation_change_quarter": 73,
            "reputation_change_month": 10,
            "reputation_change_week": 10,
            "reputation_change_day": 0,
            "reputation": 7359,
            "creation_date": 1496612647,
            "user_type": "registered",
            "user_id": 8111755,
            "location": "Bergen, Norway",
            "website_url": "https://notvalid.gov",
            "link": "https://stackoverflow.com/users/8111755/christian-sloper",
            "profile_image": "https://www.gravatar.com/avatar/ba44734a0f158430bbb9c7d84d92cbc3?s=256&d=identicon&r=PG",
            "display_name": "Christian Sloper"
        },
        {
            "badge_counts": {
                "bronze": 73,
                "silver": 40,
                "gold": 10
            },
            "account_id": 468996,
            "is_employee": false,
            "last_modified_date": 1674858900,
            "last_access_date": 1678279221,
            "reputation_change_year": -60,
            "reputation_change_quarter": -60,
            "reputation_change_month": 0,
            "reputation_change_week": 0,
            "reputation_change_day": 0,
            "reputation": 7358,
            "creation_date": 1312311655,
            "user_type": "registered",
            "user_id": 875295,
            "accept_rate": 85,
            "location": "Paris, France",
            "website_url": "",
            "link": "https://stackoverflow.com/users/875295/lezebulon",
            "profile_image": "https://i.stack.imgur.com/1rKE0.jpg?s=256&g=1",
            "display_name": "lezebulon"
        },
        {
            "badge_counts": {
                "bronze": 55,
                "silver": 38,
                "gold": 4
            },
            "account_id": 472514,
            "is_employee": false,
            "last_modified_date": 1675796707,
            "last_access_date": 1678267192,
            "reputation_change_year": 88,
            "reputation_change_quarter": 88,
            "reputation_change_month": 50,
            "reputation_change_week": 40,
            "reputation_change_day": 0,
            "reputation": 7358,
            "creation_date": 1312565837,
            "user_type": "registered",
            "user_id": 881032,
            "accept_rate": 67,
            "location": "Vienna, Austria",
            "website_url": "http://cyanjoe.com",
            "link": "https://stackoverflow.com/users/881032/lumio",
            "profile_image": "https://www.gravatar.com/avatar/39c20ce29b213acf91e9339ed3ebc5a7?s=256&d=identicon&r=PG",
            "display_name": "lumio"
        },
        {
            "badge_counts": {
                "bronze": 40,
                "silver": 24,
                "gold": 5
            },
            "account_id": 1355715,
            "is_employee": false,
            "last_modified_date": 1643974785,
            "last_access_date": 1677953394,
            "reputation_change_year": 390,
            "reputation_change_quarter": 390,
            "reputation_change_month": 30,
            "reputation_change_week": 10,
            "reputation_change_day": 0,
            "reputation": 7358,
            "creation_date": 1332800228,
            "user_type": "registered",
            "user_id": 1294150,
            "accept_rate": 24,
            "location": "Berlin, Germany",
            "website_url": "",
            "link": "https://stackoverflow.com/users/1294150/ponsuyambu",
            "profile_image": "https://i.stack.imgur.com/vyetp.jpg?s=256&g=1",
            "display_name": "Ponsuyambu"
        },
        {
            "badge_counts": {
                "bronze": 25,
                "silver": 24,
                "gold": 1
            },
            "account_id": 1825119,
            "is_employee": false,
            "last_modified_date": 1664208281,
            "last_access_date": 1670911872,
            "reputation_change_year": 48,
            "reputation_change_quarter": 48,
            "reputation_change_month": 0,
            "reputation_change_week": 0,
            "reputation_change_day": 0,
            "reputation": 7358,
            "creation_date": 1347196432,
            "user_type": "registered",
            "user_id": 1658147,
            "location": "San Francisco, CA, United States",
            "website_url": "https://leovandriel.com",
            "link": "https://stackoverflow.com/users/1658147/leo",
            "profile_image": "https://www.gravatar.com/avatar/6cda5bd6c8bb72127a1769dbf983ead4?s=256&d=identicon&r=PG&f=1",
            "display_name": "leo"
        },
        {
            "badge_counts": {
                "bronze": 31,
                "silver": 20,
                "gold": 2
            },
            "account_id": 2451818,
            "is_employee": false,
            "last_modified_date": 1636496400,
            "last_access_date": 1665886864,
            "reputation_change_year": 30,
            "reputation_change_quarter": 30,
            "reputation_change_month": 0,
            "reputation_change_week": 0,
            "reputation_change_day": 0,
            "reputation": 7358,
            "creation_date": 1362527850,
            "user_type": "registered",
            "user_id": 2137903,
            "location": "Vancouver, Canada",
            "website_url": "",
            "link": "https://stackoverflow.com/users/2137903/amy",
            "profile_image": "https://www.gravatar.com/avatar/6ed50dcd342c85507c58b96b28ce9ead?s=256&d=identicon&r=PG",
            "display_name": "Amy"
        },
        {
            "badge_counts": {
                "bronze": 50,
                "silver": 33,
                "gold": 8
            },
            "account_id": 2637371,
            "is_employee": false,
            "last_modified_date": 1671420625,
            "last_access_date": 1678040613,
            "reputation_change_year": 10,
            "reputation_change_quarter": 10,
            "reputation_change_month": 0,
            "reputation_change_week": 0,
            "reputation_change_day": 0,
            "reputation": 7358,
            "creation_date": 1366013891,
            "user_type": "registered",
            "user_id": 2281717,
            "accept_rate": 75,
            "location": "USA",
            "website_url": "https://www.facebook.com/andrew.sirenko/",
            "link": "https://stackoverflow.com/users/2281717/andrews",
            "profile_image": "https://www.gravatar.com/avatar/e429d09754f195fb65ad39496a7278a2?s=256&d=identicon&r=PG",
            "display_name": "AndrewS"
        },
        {
            "badge_counts": {
                "bronze": 32,
                "silver": 27,
                "gold": 1
            },
            "account_id": 3856284,
            "is_employee": false,
            "last_modified_date": 1617836701,
            "last_access_date": 1594838809,
            "reputation_change_year": 60,
            "reputation_change_quarter": 60,
            "reputation_change_month": 0,
            "reputation_change_week": 0,
            "reputation_change_day": 0,
            "reputation": 7358,
            "creation_date": 1389721788,
            "user_type": "registered",
            "user_id": 3195128,
            "website_url": "",
            "link": "https://stackoverflow.com/users/3195128/ucsunil",
            "profile_image": "https://www.gravatar.com/avatar/cec920c02d0a4c1409b2387773b249fb?s=256&d=identicon&r=PG&f=1",
            "display_name": "ucsunil"
        },
        {
            "badge_counts": {
                "bronze": 34,
                "silver": 22,
                "gold": 2
            },
            "account_id": 4768379,
            "is_employee": false,
            "last_modified_date": 1676318100,
            "last_access_date": 1678234030,
            "reputation_change_year": 46,
            "reputation_change_quarter": 46,
            "reputation_change_month": 0,
            "reputation_change_week": 0,
            "reputation_change_day": 0,
            "reputation": 7358,
            "creation_date": 1405703213,
            "user_type": "registered",
            "user_id": 3853907,
            "accept_rate": 80,
            "location": "Seattle",
            "website_url": "",
            "link": "https://stackoverflow.com/users/3853907/ian-price",
            "profile_image": "https://i.stack.imgur.com/kU7qK.png?s=256&g=1",
            "display_name": "Ian Price"
        },
        {
            "badge_counts": {
                "bronze": 42,
                "silver": 32,
                "gold": 4
            },
            "account_id": 3695748,
            "is_employee": false,
            "last_modified_date": 1661876700,
            "last_access_date": 1678106731,
            "reputation_change_year": 70,
            "reputation_change_quarter": 70,
            "reputation_change_month": 0,
            "reputation_change_week": 0,
            "reputation_change_day": 0,
            "reputation": 7358,
            "creation_date": 1414417342,
            "user_type": "registered",
            "user_id": 4186037,
            "accept_rate": 93,
            "location": "London, United Kingdom",
            "website_url": "https://www.linkedin.com/in/piotrberebecki",
            "link": "https://stackoverflow.com/users/4186037/piotr-berebecki",
            "profile_image": "https://i.stack.imgur.com/NqahN.jpg?s=256&g=1",
            "display_name": "Piotr Berebecki"
        },
        {
            "badge_counts": {
                "bronze": 30,
                "silver": 38,
                "gold": 2
            },
            "account_id": 5889032,
            "is_employee": false,
            "last_modified_date": 1676667900,
            "last_access_date": 1675445694,
            "reputation_change_year": 186,
            "reputation_change_quarter": 186,
            "reputation_change_month": 10,
            "reputation_change_week": 0,
            "reputation_change_day": 0,
            "reputation": 7358,
            "creation_date": 1425550361,
            "user_type": "registered",
            "user_id": 4636217,
            "location": "Tallinn, Estonia",
            "website_url": "https://bloomlab.blogspot.com/",
            "link": "https://stackoverflow.com/users/4636217/am0wa",
            "profile_image": "https://i.stack.imgur.com/Z4LYX.png?s=256&g=1",
            "display_name": "am0wa"
        },
        {
            "badge_counts": {
                "bronze": 25,
                "silver": 28,
                "gold": 2
            },
            "account_id": 30463,
            "is_employee": false,
            "last_modified_date": 1607615460,
            "last_access_date": 1678357265,
            "reputation_change_year": 120,
            "reputation_change_quarter": 120,
            "reputation_change_month": 0,
            "reputation_change_week": 0,
            "reputation_change_day": 0,
            "reputation": 7357,
            "creation_date": 1238073465,
            "user_type": "registered",
            "user_id": 83108,
            "location": "Sofia, Bulgaria",
            "website_url": "http://kouber.saparev.com/",
            "link": "https://stackoverflow.com/users/83108/kouber-saparev",
            "profile_image": "https://i.stack.imgur.com/ZIfZI.png?s=256&g=1",
            "display_name": "Kouber Saparev"
        },
        {
            "badge_counts": {
                "bronze": 92,
                "silver": 70,
                "gold": 14
            },
            "account_id": 49260,
            "is_employee": false,
            "last_modified_date": 1573687087,
            "last_access_date": 1365526277,
            "reputation_change_year": 30,
            "reputation_change_quarter": 30,
            "reputation_change_month": 0,
            "reputation_change_week": 0,
            "reputation_change_day": 0,
            "reputation": 7357,
            "creation_date": 1248804568,
            "user_type": "registered",
            "user_id": 146588,
            "accept_rate": 50,
            "link": "https://stackoverflow.com/users/146588/malcomtucker",
            "profile_image": "https://www.gravatar.com/avatar/1fc4341d1a1590708993722da258c011?s=256&d=identicon&r=PG",
            "display_name": "MalcomTucker"
        },
        {
            "badge_counts": {
                "bronze": 77,
                "silver": 39,
                "gold": 8
            },
            "account_id": 156745,
            "is_employee": false,
            "last_modified_date": 1670647200,
            "last_access_date": 1678365437,
            "reputation_change_year": 60,
            "reputation_change_quarter": 60,
            "reputation_change_month": 10,
            "reputation_change_week": 0,
            "reputation_change_day": 0,
            "reputation": 7357,
            "creation_date": 1277296479,
            "user_type": "registered",
            "user_id": 374215,
            "accept_rate": 86,
            "website_url": "https://www.linkedin.com/in/morgansegalis/",
            "link": "https://stackoverflow.com/users/374215/thesquad",
            "profile_image": "https://www.gravatar.com/avatar/b1c1e73049a6fe4932e4408c6ccd875b?s=256&d=identicon&r=PG&f=1",
            "display_name": "TheSquad"
        },
        {
            "badge_counts": {
                "bronze": 34,
                "silver": 24,
                "gold": 2
            },
            "account_id": 952147,
            "is_employee": false,
            "last_modified_date": 1673660700,
            "last_access_date": 1678376260,
            "reputation_change_year": 106,
            "reputation_change_quarter": 106,
            "reputation_change_month": 0,
            "reputation_change_week": 0,
            "reputation_change_day": 0,
            "reputation": 7357,
            "creation_date": 1317716957,
            "user_type": "registered",
            "user_id": 978057,
            "location": "Internet",
            "website_url": "http://www.xe-development.com",
            "link": "https://stackoverflow.com/users/978057/lj%e1%9b%83",
            "profile_image": "https://www.gravatar.com/avatar/48ffbf7ae58c70cde1ac9772f314b8f2?s=256&d=identicon&r=PG",
            "display_name": "LJᛃ"
        },
        {
            "badge_counts": {
                "bronze": 22,
                "silver": 21,
                "gold": 3
            },
            "account_id": 1293556,
            "is_employee": false,
            "last_modified_date": 1587404700,
            "last_access_date": 1678227254,
            "reputation_change_year": 70,
            "reputation_change_quarter": 70,
            "reputation_change_month": 10,
            "reputation_change_week": 10,
            "reputation_change_day": 0,
            "reputation": 7357,
            "creation_date": 1330695545,
            "user_type": "registered",
            "user_id": 1245184,
            "accept_rate": 100,
            "website_url": "",
            "link": "https://stackoverflow.com/users/1245184/berzophus",
            "profile_image": "https://www.gravatar.com/avatar/6413f95949020f74f627b6e853211110?s=256&d=identicon&r=PG",
            "display_name": "Ber&#39;Zophus"
        },
        {
            "badge_counts": {
                "bronze": 44,
                "silver": 37,
                "gold": 2
            },
            "account_id": 2359236,
            "is_employee": false,
            "last_modified_date": 1672752000,
            "last_access_date": 1656107210,
            "reputation_change_year": 70,
            "reputation_change_quarter": 70,
            "reputation_change_month": 20,
            "reputation_change_week": 0,
            "reputation_change_day": 0,
            "reputation": 7357,
            "creation_date": 1360704921,
            "user_type": "registered",
            "user_id": 2066336,
            "accept_rate": 73,
            "website_url": "",
            "link": "https://stackoverflow.com/users/2066336/ckersch",
            "profile_image": "https://www.gravatar.com/avatar/72cd920d78828efba1631ce2638d1d41?s=256&d=identicon&r=PG",
            "display_name": "ckersch"
        },
        {
            "badge_counts": {
                "bronze": 42,
                "silver": 38,
                "gold": 4
            },
            "account_id": 100612,
            "is_employee": false,
            "last_modified_date": 1656329700,
            "last_access_date": 1666696662,
            "reputation_change_year": 30,
            "reputation_change_quarter": 30,
            "reputation_change_month": 0,
            "reputation_change_week": 0,
            "reputation_change_day": 0,
            "reputation": 7356,
            "creation_date": 1265897706,
            "user_type": "registered",
            "user_id": 271125,
            "accept_rate": 75,
            "website_url": "",
            "link": "https://stackoverflow.com/users/271125/elmarquis",
            "profile_image": "https://www.gravatar.com/avatar/06d594f9c5013e2f2bfa7fbf5651d213?s=256&d=identicon&r=PG",
            "display_name": "elMarquis"
        },
        {
            "badge_counts": {
                "bronze": 90,
                "silver": 61,
                "gold": 14
            },
            "account_id": 105470,
            "is_employee": false,
            "last_modified_date": 1665192000,
            "last_access_date": 1602487729,
            "reputation_change_year": 20,
            "reputation_change_quarter": 20,
            "reputation_change_month": 10,
            "reputation_change_week": 10,
            "reputation_change_day": 0,
            "reputation": 7356,
            "creation_date": 1267117840,
            "user_type": "registered",
            "user_id": 281434,
            "accept_rate": 86,
            "link": "https://stackoverflow.com/users/281434/soren-qvist",
            "profile_image": "https://www.gravatar.com/avatar/1e71ebb0841c637fc3947c39188cce2a?s=256&d=identicon&r=PG",
            "display_name": "soren.qvist"
        },
        {
            "badge_counts": {
                "bronze": 31,
                "silver": 30,
                "gold": 4
            },
            "account_id": 417451,
            "is_employee": false,
            "last_modified_date": 1652904600,
            "last_access_date": 1677383160,
            "reputation_change_year": 10,
            "reputation_change_quarter": 10,
            "reputation_change_month": 0,
            "reputation_change_week": 0,
            "reputation_change_day": 0,
            "reputation": 7356,
            "creation_date": 1307745397,
            "user_type": "registered",
            "user_id": 793472,
            "accept_rate": 43,
            "location": "New York, NY, United States",
            "website_url": "http://www.evanmorikawa.com",
            "link": "https://stackoverflow.com/users/793472/evan",
            "profile_image": "https://www.gravatar.com/avatar/30ac27c2768b1df077c5f236936bd256?s=256&d=identicon&r=PG",
            "display_name": "Evan"
        },
        {
            "badge_counts": {
                "bronze": 70,
                "silver": 48,
                "gold": 12
            },
            "account_id": 1093800,
            "is_employee": false,
            "last_modified_date": 1673273400,
            "last_access_date": 1678367572,
            "reputation_change_year": 8,
            "reputation_change_quarter": 8,
            "reputation_change_month": 10,
            "reputation_change_week": 10,
            "reputation_change_day": 10,
            "reputation": 7356,
            "creation_date": 1323351553,
            "user_type": "registered",
            "user_id": 1087848,
            "accept_rate": 97,
            "website_url": "",
            "link": "https://stackoverflow.com/users/1087848/11684",
            "profile_image": "https://www.gravatar.com/avatar/7c09991a02e7ffa559c69d159231b07a?s=256&d=identicon&r=PG",
            "display_name": "11684"
        },
        {
            "badge_counts": {
                "bronze": 31,
                "silver": 25,
                "gold": 2
            },
            "account_id": 1260595,
            "is_employee": false,
            "last_modified_date": 1668004500,
            "last_access_date": 1678337904,
            "reputation_change_year": 110,
            "reputation_change_quarter": 110,
            "reputation_change_month": 10,
            "reputation_change_week": 10,
            "reputation_change_day": 10,
            "reputation": 7356,
            "creation_date": 1329641098,
            "user_type": "registered",
            "user_id": 1218985,
            "location": "Remote",
            "website_url": "",
            "link": "https://stackoverflow.com/users/1218985/1218985",
            "profile_image": "https://i.stack.imgur.com/J1xvL.png?s=256&g=1",
            "display_name": "1218985"
        },
        {
            "badge_counts": {
                "bronze": 17,
                "silver": 20,
                "gold": 2
            },
            "account_id": 238967,
            "is_employee": false,
            "last_modified_date": 1666223400,
            "last_access_date": 1678371144,
            "reputation_change_year": 99,
            "reputation_change_quarter": 99,
            "reputation_change_month": 0,
            "reputation_change_week": 0,
            "reputation_change_day": 0,
            "reputation": 7356,
            "creation_date": 1289824270,
            "user_type": "registered",
            "user_id": 1714762,
            "location": "Paris, France",
            "website_url": "https://github.com/duckie",
            "link": "https://stackoverflow.com/users/1714762/jean-bernard-jansen",
            "profile_image": "https://www.gravatar.com/avatar/5e27901840ca85707727f5ed339ad31f?s=256&d=identicon&r=PG",
            "display_name": "Jean-Bernard Jansen"
        },
        {
            "badge_counts": {
                "bronze": 55,
                "silver": 50,
                "gold": 6
            },
            "account_id": 2166879,
            "is_employee": false,
            "last_modified_date": 1677288000,
            "last_access_date": 1678176423,
            "reputation_change_year": 228,
            "reputation_change_quarter": 228,
            "reputation_change_month": 10,
            "reputation_change_week": 10,
            "reputation_change_day": 0,
            "reputation": 7356,
            "creation_date": 1356030543,
            "user_type": "registered",
            "user_id": 1919821,
            "accept_rate": 40,
            "location": "Israel",
            "website_url": "",
            "link": "https://stackoverflow.com/users/1919821/pery-mimon",
            "profile_image": "https://www.gravatar.com/avatar/4dc18a756741fcdd71a052035731e344?s=256&d=identicon&r=PG",
            "display_name": "pery mimon"
        },
        {
            "badge_counts": {
                "bronze": 39,
                "silver": 33,
                "gold": 5
            },
            "account_id": 25287,
            "is_employee": false,
            "last_modified_date": 1607615479,
            "last_access_date": 1675166270,
            "reputation_change_year": 100,
            "reputation_change_quarter": 100,
            "reputation_change_month": 10,
            "reputation_change_week": 0,
            "reputation_change_day": 0,
            "reputation": 7355,
            "creation_date": 1234331562,
            "user_type": "registered",
            "user_id": 64921,
            "location": "Leamington Spa, UK",
            "website_url": "",
            "link": "https://stackoverflow.com/users/64921/john-doyle",
            "profile_image": "https://www.gravatar.com/avatar/b07a135fe525b3b237eb649449df9ba2?s=256&d=identicon&r=PG&f=1",
            "display_name": "John Doyle"
        },
        {
            "badge_counts": {
                "bronze": 82,
                "silver": 59,
                "gold": 10
            },
            "account_id": 143517,
            "is_employee": false,
            "last_modified_date": 1607615255,
            "last_access_date": 1677392762,
            "reputation_change_year": 100,
            "reputation_change_quarter": 100,
            "reputation_change_month": 20,
            "reputation_change_week": 10,
            "reputation_change_day": 0,
            "reputation": 7355,
            "creation_date": 1274960752,
            "user_type": "registered",
            "user_id": 351900,
            "accept_rate": 75,
            "location": "Israel",
            "website_url": "https://laukstein.com",
            "link": "https://stackoverflow.com/users/351900/binyamin",
            "profile_image": "https://www.gravatar.com/avatar/cc2f1336ff7e24378c604f525f59ab44?s=256&d=identicon&r=PG",
            "display_name": "Binyamin"
        },
        {
            "badge_counts": {
                "bronze": 17,
                "silver": 15,
                "gold": 2
            },
            "account_id": 1578162,
            "is_employee": false,
            "last_modified_date": 1625387400,
            "last_access_date": 1678306493,
            "reputation_change_year": 60,
            "reputation_change_quarter": 60,
            "reputation_change_month": 10,
            "reputation_change_week": 10,
            "reputation_change_day": 0,
            "reputation": 7355,
            "creation_date": 1340033977,
            "user_type": "registered",
            "user_id": 1464130,
            "website_url": "",
            "link": "https://stackoverflow.com/users/1464130/amaksr",
            "profile_image": "https://www.gravatar.com/avatar/c8b0e7020d1a9b92584574bb8059ad38?s=256&d=identicon&r=PG",
            "display_name": "amaksr"
        },
        {
            "badge_counts": {
                "bronze": 50,
                "silver": 33,
                "gold": 9
            },
            "account_id": 2642048,
            "is_employee": false,
            "last_modified_date": 1660095004,
            "last_access_date": 1678361992,
            "reputation_change_year": 120,
            "reputation_change_quarter": 120,
            "reputation_change_month": 20,
            "reputation_change_week": 10,
            "reputation_change_day": 0,
            "reputation": 7355,
            "creation_date": 1366099517,
            "user_type": "registered",
            "user_id": 2285490,
            "accept_rate": 45,
            "location": "Pune, India",
            "website_url": "",
            "link": "https://stackoverflow.com/users/2285490/jagdish-idhate",
            "profile_image": "https://i.stack.imgur.com/wCW1F.jpg?s=256&g=1",
            "display_name": "Jagdish Idhate"
        },
        {
            "badge_counts": {
                "bronze": 52,
                "silver": 33,
                "gold": 5
            },
            "account_id": 2835401,
            "is_employee": false,
            "last_modified_date": 1674758303,
            "last_access_date": 1678317186,
            "reputation_change_year": 268,
            "reputation_change_quarter": 268,
            "reputation_change_month": 10,
            "reputation_change_week": 0,
            "reputation_change_day": 0,
            "reputation": 7355,
            "creation_date": 1369909562,
            "user_type": "registered",
            "user_id": 2436109,
            "accept_rate": 83,
            "location": "Germany",
            "website_url": "https://dev.kit.eco",
            "link": "https://stackoverflow.com/users/2436109/tenbits",
            "profile_image": "https://i.stack.imgur.com/1r3JK.png?s=256&g=1",
            "display_name": "tenbits"
        },
        {
            "badge_counts": {
                "bronze": 82,
                "silver": 56,
                "gold": 7
            },
            "account_id": 5847772,
            "is_employee": false,
            "last_modified_date": 1676556301,
            "last_access_date": 1677889929,
            "reputation_change_year": 260,
            "reputation_change_quarter": 260,
            "reputation_change_month": 20,
            "reputation_change_week": 10,
            "reputation_change_day": 0,
            "reputation": 7355,
            "creation_date": 1442883671,
            "user_type": "registered",
            "user_id": 5361412,
            "accept_rate": 83,
            "location": "Denver, CO, USA",
            "website_url": "https://kellenstuart.com",
            "link": "https://stackoverflow.com/users/5361412/kellen-stuart",
            "profile_image": "https://i.stack.imgur.com/NntGT.png?s=256&g=1",
            "display_name": "Kellen Stuart"
        },
        {
            "badge_counts": {
                "bronze": 37,
                "silver": 38,
                "gold": 3
            },
            "account_id": 7071983,
            "is_employee": false,
            "last_modified_date": 1673267100,
            "last_access_date": 1675157001,
            "reputation_change_year": 350,
            "reputation_change_quarter": 350,
            "reputation_change_month": 30,
            "reputation_change_week": 10,
            "reputation_change_day": 0,
            "reputation": 7355,
            "creation_date": 1444123174,
            "user_type": "registered",
            "user_id": 5413283,
            "accept_rate": 75,
            "website_url": "",
            "link": "https://stackoverflow.com/users/5413283/dexter",
            "profile_image": "https://i.stack.imgur.com/iqkr7.png?s=256&g=1",
            "display_name": "Dexter"
        },
        {
            "badge_counts": {
                "bronze": 46,
                "silver": 32,
                "gold": 10
            },
            "account_id": 87698,
            "is_employee": false,
            "last_modified_date": 1648832701,
            "last_access_date": 1474803198,
            "reputation_change_year": 0,
            "reputation_change_quarter": 0,
            "reputation_change_month": 0,
            "reputation_change_week": 0,
            "reputation_change_day": 0,
            "reputation": 7354,
            "creation_date": 1262593677,
            "user_type": "registered",
            "user_id": 243055,
            "accept_rate": 88,
            "website_url": "",
            "link": "https://stackoverflow.com/users/243055/lyon",
            "profile_image": "https://www.gravatar.com/avatar/ccc8cbd675fadbbb88f7764cc6f56717?s=256&d=identicon&r=PG",
            "display_name": "Lyon"
        },
        {
            "badge_counts": {
                "bronze": 21,
                "silver": 18,
                "gold": 2
            },
            "account_id": 2630730,
            "is_employee": false,
            "last_modified_date": 1571084466,
            "last_access_date": 1635204101,
            "reputation_change_year": 10,
            "reputation_change_quarter": 10,
            "reputation_change_month": 0,
            "reputation_change_week": 0,
            "reputation_change_day": 0,
            "reputation": 7354,
            "creation_date": 1365831253,
            "user_type": "registered",
            "user_id": 2276747,
            "location": "Redmond, WA, United States",
            "website_url": "http://www.cloudidentity.com",
            "link": "https://stackoverflow.com/users/2276747/vibronet",
            "profile_image": "https://i.stack.imgur.com/l4MLy.png?s=256&g=1",
            "display_name": "vibronet"
        },
        {
            "badge_counts": {
                "bronze": 44,
                "silver": 28,
                "gold": 3
            },
            "account_id": 2739192,
            "is_employee": false,
            "last_modified_date": 1666908900,
            "last_access_date": 1678289750,
            "reputation_change_year": 30,
            "reputation_change_quarter": 30,
            "reputation_change_month": 10,
            "reputation_change_week": 0,
            "reputation_change_day": 0,
            "reputation": 7354,
            "creation_date": 1367994446,
            "user_type": "registered",
            "user_id": 2361098,
            "accept_rate": 24,
            "location": "Ahmedabad, Gujarat, India",
            "website_url": "",
            "link": "https://stackoverflow.com/users/2361098/bhoomika-brahmbhatt",
            "profile_image": "https://www.gravatar.com/avatar/baff0f54869fad538fa1b065cd518fe2?s=256&d=identicon&r=PG",
            "display_name": "Bhoomika Brahmbhatt"
        },
        {
            "badge_counts": {
                "bronze": 38,
                "silver": 25,
                "gold": 4
            },
            "account_id": 35780,
            "is_employee": false,
            "last_modified_date": 1667077501,
            "last_access_date": 1677517421,
            "reputation_change_year": 58,
            "reputation_change_quarter": 58,
            "reputation_change_month": 10,
            "reputation_change_week": 0,
            "reputation_change_day": 0,
            "reputation": 7353,
            "creation_date": 1241533575,
            "user_type": "registered",
            "user_id": 101616,
            "accept_rate": 89,
            "location": "Montreal, Canada",
            "website_url": "",
            "link": "https://stackoverflow.com/users/101616/0x6adb015",
            "profile_image": "https://www.gravatar.com/avatar/9f6db813e89d9fc33ed628cd5fd60b01?s=256&d=identicon&r=PG",
            "display_name": "0x6adb015"
        },
        {
            "badge_counts": {
                "bronze": 75,
                "silver": 48,
                "gold": 9
            },
            "account_id": 93655,
            "is_employee": false,
            "last_modified_date": 1607615306,
            "last_access_date": 1678328012,
            "reputation_change_year": 30,
            "reputation_change_quarter": 30,
            "reputation_change_month": 0,
            "reputation_change_week": 0,
            "reputation_change_day": 0,
            "reputation": 7353,
            "creation_date": 1264101391,
            "user_type": "registered",
            "user_id": 256108,
            "accept_rate": 78,
            "location": "San Francisco, CA",
            "website_url": "",
            "link": "https://stackoverflow.com/users/256108/nicholas",
            "profile_image": "https://www.gravatar.com/avatar/c92ca12678e1bb6d707186e17a54a1ea?s=256&d=identicon&r=PG&f=1",
            "display_name": "Nicholas"
        },
        {
            "badge_counts": {
                "bronze": 102,
                "silver": 61,
                "gold": 6
            },
            "account_id": 2051984,
            "is_employee": false,
            "last_modified_date": 1657555505,
            "last_access_date": 1678373787,
            "reputation_change_year": 178,
            "reputation_change_quarter": 178,
            "reputation_change_month": 10,
            "reputation_change_week": 0,
            "reputation_change_day": 0,
            "reputation": 7353,
            "creation_date": 1354966671,
            "user_type": "registered",
            "user_id": 1887645,
            "accept_rate": 91,
            "website_url": "http://bio.kuleuven.be/ento/wenseleers/twenseleers.htm",
            "link": "https://stackoverflow.com/users/1887645/tom-wenseleers",
            "profile_image": "https://www.gravatar.com/avatar/066e53489a81a9cbc3e5986c5cd3c39d?s=256&d=identicon&r=PG",
            "display_name": "Tom Wenseleers"
        },
        {
            "badge_counts": {
                "bronze": 35,
                "silver": 20,
                "gold": 0
            },
            "account_id": 3224475,
            "is_employee": false,
            "last_modified_date": 1673282400,
            "last_access_date": 1678376270,
            "reputation_change_year": 55,
            "reputation_change_quarter": 55,
            "reputation_change_month": 15,
            "reputation_change_week": 15,
            "reputation_change_day": 0,
            "reputation": 7353,
            "creation_date": 1377598137,
            "user_type": "registered",
            "user_id": 2721139,
            "accept_rate": 43,
            "location": "Warsaw, Poland",
            "website_url": "http://bartoszsypytkowski.com/",
            "link": "https://stackoverflow.com/users/2721139/bartosz-sypytkowski",
            "profile_image": "https://i.stack.imgur.com/8beJH.jpg?s=256&g=1",
            "display_name": "Bartosz Sypytkowski"
        },
        {
            "badge_counts": {
                "bronze": 43,
                "silver": 27,
                "gold": 1
            },
            "account_id": 6145704,
            "is_employee": false,
            "last_modified_date": 1669982100,
            "last_access_date": 1678379581,
            "reputation_change_year": 275,
            "reputation_change_quarter": 275,
            "reputation_change_month": 255,
            "reputation_change_week": 245,
            "reputation_change_day": 0,
            "reputation": 7353,
            "creation_date": 1489415308,
            "user_type": "registered",
            "user_id": 7703564,
            "link": "https://stackoverflow.com/users/7703564/jodocus",
            "profile_image": "https://www.gravatar.com/avatar/a2bc3387440ec2c075d16d2bb152a540?s=256&d=identicon&r=PG&f=1",
            "display_name": "Jodocus"
        },
        {
            "badge_counts": {
                "bronze": 62,
                "silver": 49,
                "gold": 14
            },
            "account_id": 1328,
            "is_employee": false,
            "last_modified_date": 1658964900,
            "last_access_date": 1677878457,
            "reputation_change_year": 20,
            "reputation_change_quarter": 20,
            "reputation_change_month": 0,
            "reputation_change_week": 0,
            "reputation_change_day": 0,
            "reputation": 7352,
            "creation_date": 1219066540,
            "user_type": "registered",
            "user_id": 1769,
            "accept_rate": 83,
            "location": "Canada",
            "website_url": "",
            "link": "https://stackoverflow.com/users/1769/david-hayes",
            "profile_image": "https://i.stack.imgur.com/JpweY.png?s=256&g=1",
            "display_name": "David Hayes"
        },
        {
            "badge_counts": {
                "bronze": 34,
                "silver": 22,
                "gold": 2
            },
            "account_id": 3759840,
            "is_employee": false,
            "last_modified_date": 1658061766,
            "last_access_date": 1678369369,
            "reputation_change_year": 50,
            "reputation_change_quarter": 50,
            "reputation_change_month": 30,
            "reputation_change_week": 20,
            "reputation_change_day": 20,
            "reputation": 7352,
            "creation_date": 1387627206,
            "user_type": "registered",
            "user_id": 3125194,
            "accept_rate": 86,
            "location": "Bratislava, Slovakia",
            "website_url": "",
            "link": "https://stackoverflow.com/users/3125194/marian",
            "profile_image": "https://www.gravatar.com/avatar/8ca2177750fa502328461e68d385e6d9?s=256&d=identicon&r=PG&f=1",
            "display_name": "Marian"
        },
        {
            "badge_counts": {
                "bronze": 31,
                "silver": 17,
                "gold": 2
            },
            "account_id": 4247015,
            "is_employee": false,
            "last_modified_date": 1638169388,
            "last_access_date": 1678348308,
            "reputation_change_year": 15,
            "reputation_change_quarter": 15,
            "reputation_change_month": 0,
            "reputation_change_week": 0,
            "reputation_change_day": 0,
            "reputation": 7352,
            "creation_date": 1396083612,
            "user_type": "registered",
            "user_id": 3475381,
            "accept_rate": 71,
            "location": "Pune, Maharashtra, India",
            "website_url": "",
            "link": "https://stackoverflow.com/users/3475381/gaurav-sehgal",
            "profile_image": "https://www.gravatar.com/avatar/b6a1c5d19f4ae8c6a1dbf097487c96d7?s=256&d=identicon&r=PG&f=1",
            "display_name": "Gaurav Sehgal"
        },
        {
            "badge_counts": {
                "bronze": 33,
                "silver": 31,
                "gold": 3
            },
            "account_id": 3822,
            "is_employee": false,
            "last_modified_date": 1659189900,
            "last_access_date": 1678368087,
            "reputation_change_year": 40,
            "reputation_change_quarter": 40,
            "reputation_change_month": 10,
            "reputation_change_week": 10,
            "reputation_change_day": 0,
            "reputation": 7351,
            "creation_date": 1221056486,
            "user_type": "registered",
            "user_id": 5581,
            "accept_rate": 100,
            "location": "Cincinnati, OH",
            "website_url": "https://www.azure-architect.com",
            "link": "https://stackoverflow.com/users/5581/josef",
            "profile_image": "https://www.gravatar.com/avatar/d0245584b0a203d8a970c1a7e51f43b5?s=256&d=identicon&r=PG",
            "display_name": "Josef"
        },
        {
            "badge_counts": {
                "bronze": 47,
                "silver": 35,
                "gold": 1
            },
            "account_id": 14471,
            "is_employee": false,
            "last_modified_date": 1666446300,
            "last_access_date": 1678149453,
            "reputation_change_year": 11,
            "reputation_change_quarter": 11,
            "reputation_change_month": 0,
            "reputation_change_week": 0,
            "reputation_change_day": 0,
            "reputation": 7351,
            "creation_date": 1224543506,
            "user_type": "registered",
            "user_id": 29805,
            "accept_rate": 73,
            "location": "Los Angeles, California",
            "website_url": "https://www.mcgwiz.com",
            "link": "https://stackoverflow.com/users/29805/g-wiz",
            "profile_image": "https://i.stack.imgur.com/KM8SF.png?s=256&g=1",
            "display_name": "G-Wiz"
        },
        {
            "badge_counts": {
                "bronze": 52,
                "silver": 41,
                "gold": 11
            },
            "account_id": 49324,
            "is_employee": false,
            "last_modified_date": 1654872300,
            "last_access_date": 1537391668,
            "reputation_change_year": 40,
            "reputation_change_quarter": 40,
            "reputation_change_month": 0,
            "reputation_change_week": 0,
            "reputation_change_day": 0,
            "reputation": 7351,
            "creation_date": 1248835460,
            "user_type": "registered",
            "user_id": 146807,
            "accept_rate": 97,
            "link": "https://stackoverflow.com/users/146807/travis",
            "profile_image": "https://www.gravatar.com/avatar/17d53ce67f9960c846db7cb09d4ef9b1?s=256&d=identicon&r=PG",
            "display_name": "Travis"
        },
        {
            "badge_counts": {
                "bronze": 20,
                "silver": 22,
                "gold": 3
            },
            "account_id": 156919,
            "is_employee": false,
            "last_modified_date": 1607615244,
            "last_access_date": 1678313980,
            "reputation_change_year": 20,
            "reputation_change_quarter": 20,
            "reputation_change_month": 0,
            "reputation_change_week": 0,
            "reputation_change_day": 0,
            "reputation": 7351,
            "creation_date": 1277315467,
            "user_type": "registered",
            "user_id": 374508,
            "accept_rate": 62,
            "location": "San Francisco, CA",
            "website_url": "",
            "link": "https://stackoverflow.com/users/374508/blanka",
            "profile_image": "https://www.gravatar.com/avatar/157e3720a4da1f77667fece272189c93?s=256&d=identicon&r=PG",
            "display_name": "Blanka"
        },
        {
            "badge_counts": {
                "bronze": 27,
                "silver": 35,
                "gold": 3
            },
            "account_id": 1198204,
            "is_employee": false,
            "last_modified_date": 1669154202,
            "last_access_date": 1678288477,
            "reputation_change_year": 70,
            "reputation_change_quarter": 70,
            "reputation_change_month": 20,
            "reputation_change_week": 10,
            "reputation_change_day": 0,
            "reputation": 7351,
            "creation_date": 1327503849,
            "user_type": "registered",
            "user_id": 1169468,
            "accept_rate": 71,
            "website_url": "",
            "link": "https://stackoverflow.com/users/1169468/magicgregz",
            "profile_image": "https://i.stack.imgur.com/b1XP2.jpg?s=256&g=1",
            "display_name": "magicgregz"
        },
        {
            "badge_counts": {
                "bronze": 48,
                "silver": 37,
                "gold": 2
            },
            "account_id": 2049682,
            "is_employee": false,
            "last_modified_date": 1643707700,
            "last_access_date": 1661336782,
            "reputation_change_year": 20,
            "reputation_change_quarter": 20,
            "reputation_change_month": 10,
            "reputation_change_week": 10,
            "reputation_change_day": 10,
            "reputation": 7351,
            "creation_date": 1353052418,
            "user_type": "registered",
            "user_id": 1828937,
            "accept_rate": 56,
            "location": "Z&#252;rich, Switzerland",
            "website_url": "",
            "link": "https://stackoverflow.com/users/1828937/dmitry-ginzburg",
            "profile_image": "https://i.stack.imgur.com/IJVgc.jpg?s=256&g=1",
            "display_name": "Dmitry Ginzburg"
        },
        {
            "badge_counts": {
                "bronze": 41,
                "silver": 24,
                "gold": 6
            },
            "account_id": 7465652,
            "is_employee": false,
            "last_modified_date": 1659471900,
            "last_access_date": 1678345631,
            "reputation_change_year": 90,
            "reputation_change_quarter": 90,
            "reputation_change_month": 0,
            "reputation_change_week": 0,
            "reputation_change_day": 0,
            "reputation": 7351,
            "creation_date": 1460771404,
            "user_type": "registered",
            "user_id": 6211703,
            "accept_rate": 80,
            "website_url": "http://codelessly.com",
            "link": "https://stackoverflow.com/users/6211703/ray-li",
            "profile_image": "https://www.gravatar.com/avatar/a45e104f225460fb1ea5d2562fefacaf?s=256&d=identicon&r=PG",
            "display_name": "Ray Li"
        },
        {
            "badge_counts": {
                "bronze": 30,
                "silver": 30,
                "gold": 9
            },
            "account_id": 21907,
            "is_employee": false,
            "last_modified_date": 1666222200,
            "last_access_date": 1472090560,
            "reputation_change_year": 40,
            "reputation_change_quarter": 40,
            "reputation_change_month": 0,
            "reputation_change_week": 0,
            "reputation_change_day": 0,
            "reputation": 7350,
            "creation_date": 1231554253,
            "user_type": "registered",
            "user_id": 53602,
            "accept_rate": 78,
            "website_url": "",
            "link": "https://stackoverflow.com/users/53602/batty",
            "profile_image": "https://www.gravatar.com/avatar/9b6d0837dc6a522cefdd22f98b59d8b4?s=256&d=identicon&r=PG",
            "display_name": "batty"
        },
        {
            "badge_counts": {
                "bronze": 33,
                "silver": 32,
                "gold": 2
            },
            "account_id": 98264,
            "is_employee": false,
            "last_modified_date": 1666082100,
            "last_access_date": 1678124045,
            "reputation_change_year": 90,
            "reputation_change_quarter": 90,
            "reputation_change_month": 30,
            "reputation_change_week": 10,
            "reputation_change_day": 0,
            "reputation": 7350,
            "creation_date": 1265280963,
            "user_type": "registered",
            "user_id": 266104,
            "accept_rate": 80,
            "location": "United Kingdom",
            "website_url": "http://www.goatly.net",
            "link": "https://stackoverflow.com/users/266104/mike-goatly",
            "profile_image": "https://www.gravatar.com/avatar/b3368dd00eeffcbcce05a3faf9f99fd3?s=256&d=identicon&r=PG",
            "display_name": "Mike Goatly"
        },
        {
            "badge_counts": {
                "bronze": 95,
                "silver": 62,
                "gold": 15
            },
            "account_id": 278248,
            "is_employee": false,
            "last_modified_date": 1643973000,
            "last_access_date": 1551126386,
            "reputation_change_year": 100,
            "reputation_change_quarter": 100,
            "reputation_change_month": 10,
            "reputation_change_week": 0,
            "reputation_change_day": 0,
            "reputation": 7350,
            "creation_date": 1294837737,
            "user_type": "registered",
            "user_id": 572737,
            "accept_rate": 76,
            "link": "https://stackoverflow.com/users/572737/john",
            "profile_image": "https://www.gravatar.com/avatar/e7117a1ecbff8e61e48a7f4ce9d4f2a4?s=256&d=identicon&r=PG",
            "display_name": "John"
        },
        {
            "badge_counts": {
                "bronze": 43,
                "silver": 30,
                "gold": 6
            },
            "account_id": 452089,
            "is_employee": false,
            "last_modified_date": 1626545100,
            "last_access_date": 1678109070,
            "reputation_change_year": 20,
            "reputation_change_quarter": 20,
            "reputation_change_month": 10,
            "reputation_change_week": 10,
            "reputation_change_day": 10,
            "reputation": 7350,
            "creation_date": 1310870928,
            "user_type": "registered",
            "user_id": 848330,
            "accept_rate": 69,
            "location": "London, UK",
            "website_url": "",
            "link": "https://stackoverflow.com/users/848330/nmat",
            "profile_image": "https://www.gravatar.com/avatar/e2605d845af23b57d7f6adff59804106?s=256&d=identicon&r=PG",
            "display_name": "nmat"
        },
        {
            "badge_counts": {
                "bronze": 52,
                "silver": 44,
                "gold": 4
            },
            "account_id": 992596,
            "is_employee": false,
            "last_modified_date": 1661876700,
            "last_access_date": 1678357381,
            "reputation_change_year": 169,
            "reputation_change_quarter": 169,
            "reputation_change_month": 19,
            "reputation_change_week": 19,
            "reputation_change_day": 9,
            "reputation": 7350,
            "creation_date": 1319368094,
            "user_type": "registered",
            "user_id": 1009442,
            "accept_rate": 45,
            "location": "Taiwan",
            "website_url": "https://tonytonyjan.net",
            "link": "https://stackoverflow.com/users/1009442/weihang-jian",
            "profile_image": "https://www.gravatar.com/avatar/2a01ae9942939ee2b3954a6727d2bb92?s=256&d=identicon&r=PG",
            "display_name": "Weihang Jian"
        },
        {
            "badge_counts": {
                "bronze": 82,
                "silver": 57,
                "gold": 17
            },
            "account_id": 76043,
            "is_employee": false,
            "last_modified_date": 1607614961,
            "last_access_date": 1678284777,
            "reputation_change_year": 80,
            "reputation_change_quarter": 80,
            "reputation_change_month": 10,
            "reputation_change_week": 10,
            "reputation_change_day": 0,
            "reputation": 7350,
            "creation_date": 1259081132,
            "user_type": "registered",
            "user_id": 1169720,
            "accept_rate": 76,
            "location": "Chile",
            "website_url": "http://www.mjsr.cl",
            "link": "https://stackoverflow.com/users/1169720/mjsr",
            "profile_image": "https://www.gravatar.com/avatar/fdfa1f0899df1057576422497c8390de?s=256&d=identicon&r=PG",
            "display_name": "mjsr"
        },
        {
            "badge_counts": {
                "bronze": 63,
                "silver": 40,
                "gold": 5
            },
            "account_id": 1666358,
            "is_employee": false,
            "last_modified_date": 1670894240,
            "last_access_date": 1678345600,
            "reputation_change_year": 10,
            "reputation_change_quarter": 10,
            "reputation_change_month": 0,
            "reputation_change_week": 0,
            "reputation_change_day": 0,
            "reputation": 7350,
            "creation_date": 1342588250,
            "user_type": "registered",
            "user_id": 1533666,
            "accept_rate": 80,
            "location": "Yio Chu Kang, Singapore",
            "website_url": "https://www.linkedin.com/in/venkat-engineering-manager/",
            "link": "https://stackoverflow.com/users/1533666/venkat-r",
            "profile_image": "https://i.stack.imgur.com/Zt74p.png?s=256&g=1",
            "display_name": "Venkat.R"
        },
        {
            "badge_counts": {
                "bronze": 106,
                "silver": 61,
                "gold": 5
            },
            "account_id": 1911363,
            "is_employee": false,
            "last_modified_date": 1676761800,
            "last_access_date": 1678377366,
            "reputation_change_year": 70,
            "reputation_change_quarter": 70,
            "reputation_change_month": 10,
            "reputation_change_week": 10,
            "reputation_change_day": 0,
            "reputation": 7350,
            "creation_date": 1349527752,
            "user_type": "registered",
            "user_id": 1725096,
            "accept_rate": 85,
            "location": "Cologne, Deutschland",
            "website_url": "http://info.jens-piegsa.com/",
            "link": "https://stackoverflow.com/users/1725096/jens-piegsa",
            "profile_image": "https://www.gravatar.com/avatar/420847d03fbf4d5a29ba61f90d1a828e?s=256&d=identicon&r=PG",
            "display_name": "Jens Piegsa"
        },
        {
            "badge_counts": {
                "bronze": 45,
                "silver": 30,
                "gold": 10
            },
            "account_id": 2751075,
            "is_employee": false,
            "last_modified_date": 1607614747,
            "last_access_date": 1671143308,
            "reputation_change_year": 130,
            "reputation_change_quarter": 130,
            "reputation_change_month": 30,
            "reputation_change_week": 20,
            "reputation_change_day": 0,
            "reputation": 7350,
            "creation_date": 1368197369,
            "user_type": "registered",
            "user_id": 2370460,
            "accept_rate": 67,
            "link": "https://stackoverflow.com/users/2370460/user2370460",
            "profile_image": "https://www.gravatar.com/avatar/6a989650b74652417a9d17c34c2650bc?s=256&d=identicon&r=PG",
            "display_name": "user2370460"
        },
        {
            "badge_counts": {
                "bronze": 75,
                "silver": 36,
                "gold": 6
            },
            "account_id": 3771295,
            "is_employee": false,
            "last_modified_date": 1653650105,
            "last_access_date": 1678106415,
            "reputation_change_year": 88,
            "reputation_change_quarter": 88,
            "reputation_change_month": 0,
            "reputation_change_week": 0,
            "reputation_change_day": 0,
            "reputation": 7350,
            "creation_date": 1387919378,
            "user_type": "registered",
            "user_id": 3133418,
            "accept_rate": 100,
            "location": "Athens, Greece",
            "website_url": "",
            "link": "https://stackoverflow.com/users/3133418/nick-zoum",
            "profile_image": "https://i.stack.imgur.com/ncB92.png?s=256&g=1",
            "display_name": "nick zoum"
        },
        {
            "badge_counts": {
                "bronze": 45,
                "silver": 27,
                "gold": 2
            },
            "account_id": 7423733,
            "is_employee": false,
            "last_modified_date": 1676029778,
            "last_access_date": 1678379356,
            "reputation_change_year": 40,
            "reputation_change_quarter": 40,
            "reputation_change_month": 0,
            "reputation_change_week": 0,
            "reputation_change_day": 0,
            "reputation": 7350,
            "creation_date": 1449421790,
            "user_type": "registered",
            "user_id": 5647037,
            "location": "Srbija, Beograd",
            "website_url": "https://www.linkedin.com/in/milan-vucic-5944a710a/",
            "link": "https://stackoverflow.com/users/5647037/vucko",
            "profile_image": "https://i.stack.imgur.com/aJ0h1.jpg?s=256&g=1",
            "display_name": "Vucko"
        },
        {
            "badge_counts": {
                "bronze": 39,
                "silver": 32,
                "gold": 2
            },
            "account_id": 20421,
            "is_employee": false,
            "last_modified_date": 1574469604,
            "last_access_date": 1414185504,
            "reputation_change_year": 10,
            "reputation_change_quarter": 10,
            "reputation_change_month": 0,
            "reputation_change_week": 0,
            "reputation_change_day": 0,
            "reputation": 7349,
            "creation_date": 1230076573,
            "user_type": "registered",
            "user_id": 48789,
            "accept_rate": 83,
            "location": "Iran",
            "website_url": "http://vcldeveloper.com",
            "link": "https://stackoverflow.com/users/48789/vcldeveloper",
            "profile_image": "https://www.gravatar.com/avatar/769afbd310de11e845d9725c0bd26665?s=256&d=identicon&r=PG",
            "display_name": "vcldeveloper"
        },
        {
            "badge_counts": {
                "bronze": 35,
                "silver": 51,
                "gold": 1
            },
            "account_id": 2037214,
            "is_employee": false,
            "last_modified_date": 1652487002,
            "last_access_date": 1677875752,
            "reputation_change_year": 148,
            "reputation_change_quarter": 148,
            "reputation_change_month": 20,
            "reputation_change_week": 20,
            "reputation_change_day": 0,
            "reputation": 7349,
            "creation_date": 1352754563,
            "user_type": "registered",
            "user_id": 1819280,
            "location": "Costa Rica",
            "website_url": "http://aeonitgroup.com",
            "link": "https://stackoverflow.com/users/1819280/d1jhoni1b",
            "profile_image": "https://i.stack.imgur.com/TieoH.jpg?s=256&g=1",
            "display_name": "d1jhoni1b"
        },
        {
            "badge_counts": {
                "bronze": 47,
                "silver": 42,
                "gold": 10
            },
            "account_id": 1735,
            "is_employee": false,
            "last_modified_date": 1656331200,
            "last_access_date": 1678373842,
            "reputation_change_year": 40,
            "reputation_change_quarter": 40,
            "reputation_change_month": 0,
            "reputation_change_week": 0,
            "reputation_change_day": 0,
            "reputation": 7348,
            "creation_date": 1219345204,
            "user_type": "registered",
            "user_id": 2348,
            "accept_rate": 51,
            "location": "United States",
            "website_url": "",
            "link": "https://stackoverflow.com/users/2348/timk",
            "profile_image": "https://www.gravatar.com/avatar/a9be40b67c0a3a60fb51305a6ce43db2?s=256&d=identicon&r=PG",
            "display_name": "TimK"
        },
        {
            "badge_counts": {
                "bronze": 42,
                "silver": 37,
                "gold": 11
            },
            "account_id": 137814,
            "is_employee": false,
            "last_modified_date": 1652217600,
            "last_access_date": 1675139594,
            "reputation_change_year": 150,
            "reputation_change_quarter": 150,
            "reputation_change_month": 0,
            "reputation_change_week": 0,
            "reputation_change_day": 0,
            "reputation": 7348,
            "creation_date": 1274003216,
            "user_type": "registered",
            "user_id": 342293,
            "accept_rate": 83,
            "location": "Bandung, Indonesia",
            "website_url": "",
            "link": "https://stackoverflow.com/users/342293/ron",
            "profile_image": "https://www.gravatar.com/avatar/3127caeaad3e4eb8d20e2589356567c8?s=256&d=identicon&r=PG",
            "display_name": "Ron"
        },
        {
            "badge_counts": {
                "bronze": 90,
                "silver": 60,
                "gold": 14
            },
            "account_id": 155026,
            "is_employee": false,
            "last_modified_date": 1671847200,
            "last_access_date": 1677783466,
            "reputation_change_year": 100,
            "reputation_change_quarter": 100,
            "reputation_change_month": 10,
            "reputation_change_week": 10,
            "reputation_change_day": 0,
            "reputation": 7348,
            "creation_date": 1277011673,
            "user_type": "registered",
            "user_id": 371392,
            "accept_rate": 67,
            "location": "Seattle, WA, USA",
            "website_url": "",
            "link": "https://stackoverflow.com/users/371392/web-user",
            "profile_image": "https://www.gravatar.com/avatar/8e7f1aa85f932cec5680c33ce9ebd4ea?s=256&d=identicon&r=PG",
            "display_name": "Web User"
        },
        {
            "badge_counts": {
                "bronze": 103,
                "silver": 61,
                "gold": 18
            },
            "account_id": 1731492,
            "is_employee": false,
            "last_modified_date": 1666223400,
            "last_access_date": 1678188701,
            "reputation_change_year": 190,
            "reputation_change_quarter": 190,
            "reputation_change_month": 40,
            "reputation_change_week": 30,
            "reputation_change_day": 0,
            "reputation": 7348,
            "creation_date": 1344436049,
            "user_type": "registered",
            "user_id": 1585017,
            "accept_rate": 59,
            "website_url": "",
            "link": "https://stackoverflow.com/users/1585017/multigoodverse",
            "profile_image": "https://www.gravatar.com/avatar/2f061e81d1b40974aae8330e25fd2296?s=256&d=identicon&r=PG",
            "display_name": "multigoodverse"
        },
        {
            "badge_counts": {
                "bronze": 25,
                "silver": 11,
                "gold": 1
            },
            "account_id": 10045633,
            "is_employee": false,
            "last_modified_date": 1674652500,
            "last_access_date": 1678376503,
            "reputation_change_year": 236,
            "reputation_change_quarter": 236,
            "reputation_change_month": 25,
            "reputation_change_week": 15,
            "reputation_change_day": 0,
            "reputation": 7348,
            "creation_date": 1484595279,
            "user_type": "registered",
            "user_id": 7427152,
            "website_url": "",
            "link": "https://stackoverflow.com/users/7427152/jarman",
            "profile_image": "https://i.stack.imgur.com/jI9oC.png?s=256&g=1",
            "display_name": "JarMan"
        },
        {
            "badge_counts": {
                "bronze": 36,
                "silver": 37,
                "gold": 12
            },
            "account_id": 2130,
            "is_employee": false,
            "last_modified_date": 1607615628,
            "last_access_date": 1678352369,
            "reputation_change_year": 20,
            "reputation_change_quarter": 20,
            "reputation_change_month": 0,
            "reputation_change_week": 0,
            "reputation_change_day": 0,
            "reputation": 7347,
            "creation_date": 1219739136,
            "user_type": "registered",
            "user_id": 2937,
            "accept_rate": 85,
            "location": "Madrid, Spain",
            "website_url": "http://alotor.blogspot.com",
            "link": "https://stackoverflow.com/users/2937/alotor",
            "profile_image": "https://www.gravatar.com/avatar/616a1f5f7b6a8e469d3bf58d3cbcd3ff?s=256&d=identicon&r=PG",
            "display_name": "Alotor"
        },
        {
            "badge_counts": {
                "bronze": 50,
                "silver": 37,
                "gold": 10
            },
            "account_id": 14091,
            "is_employee": false,
            "last_modified_date": 1607615529,
            "last_access_date": 1658530996,
            "reputation_change_year": 110,
            "reputation_change_quarter": 110,
            "reputation_change_month": 0,
            "reputation_change_week": 0,
            "reputation_change_day": 0,
            "reputation": 7347,
            "creation_date": 1224181543,
            "user_type": "registered",
            "user_id": 28672,
            "accept_rate": 77,
            "location": "Surrey, Canada",
            "website_url": "http://fractured-state.com",
            "link": "https://stackoverflow.com/users/28672/paul-sheldrake",
            "profile_image": "https://www.gravatar.com/avatar/e4953fa22d95601bcd1b3b5657d00f76?s=256&d=identicon&r=PG",
            "display_name": "Paul Sheldrake"
        },
        {
            "badge_counts": {
                "bronze": 17,
                "silver": 22,
                "gold": 3
            },
            "account_id": 298149,
            "is_employee": false,
            "last_modified_date": 1663242603,
            "last_access_date": 1678155842,
            "reputation_change_year": 70,
            "reputation_change_quarter": 70,
            "reputation_change_month": 30,
            "reputation_change_week": 30,
            "reputation_change_day": 0,
            "reputation": 7347,
            "creation_date": 1296870226,
            "user_type": "registered",
            "user_id": 604020,
            "accept_rate": 83,
            "link": "https://stackoverflow.com/users/604020/gerardo",
            "profile_image": "https://www.gravatar.com/avatar/000d4aa560eeefee4907a2fdc4077bb8?s=256&d=identicon&r=PG",
            "display_name": "Gerardo"
        },
        {
            "badge_counts": {
                "bronze": 68,
                "silver": 40,
                "gold": 2
            },
            "account_id": 444559,
            "is_employee": false,
            "last_modified_date": 1660562100,
            "last_access_date": 1677560874,
            "reputation_change_year": 70,
            "reputation_change_quarter": 70,
            "reputation_change_month": 0,
            "reputation_change_week": 0,
            "reputation_change_day": 0,
            "reputation": 7347,
            "creation_date": 1310192519,
            "user_type": "registered",
            "user_id": 836450,
            "accept_rate": 83,
            "website_url": "",
            "link": "https://stackoverflow.com/users/836450/benathon",
            "profile_image": "https://www.gravatar.com/avatar/848c79a87762a07d9a3f45329026effd?s=256&d=identicon&r=PG",
            "display_name": "benathon"
        },
        {
            "badge_counts": {
                "bronze": 34,
                "silver": 32,
                "gold": 3
            },
            "account_id": 3064319,
            "is_employee": false,
            "last_modified_date": 1659010500,
            "last_access_date": 1639066348,
            "reputation_change_year": 90,
            "reputation_change_quarter": 90,
            "reputation_change_month": 10,
            "reputation_change_week": 10,
            "reputation_change_day": 0,
            "reputation": 7347,
            "creation_date": 1374163608,
            "user_type": "registered",
            "user_id": 2596375,
            "website_url": "",
            "link": "https://stackoverflow.com/users/2596375/oliver-matthews",
            "profile_image": "https://www.gravatar.com/avatar/8e52c9f66548c86825b4012427feda8e?s=256&d=identicon&r=PG",
            "display_name": "Oliver Matthews"
        },
        {
            "badge_counts": {
                "bronze": 12,
                "silver": 5,
                "gold": 2
            },
            "account_id": 20957178,
            "is_employee": false,
            "last_modified_date": 1658358004,
            "last_access_date": 1678344907,
            "reputation_change_year": 539,
            "reputation_change_quarter": 539,
            "reputation_change_month": 40,
            "reputation_change_week": 30,
            "reputation_change_day": 0,
            "reputation": 7347,
            "creation_date": 1615781325,
            "user_type": "registered",
            "user_id": 15397371,
            "location": "~finmep-lanteb",
            "website_url": "https://ashelkov.com",
            "link": "https://stackoverflow.com/users/15397371/ashelkov",
            "profile_image": "https://i.stack.imgur.com/qRhyN.png?s=256&g=1",
            "display_name": "ashelkov"
        },
        {
            "badge_counts": {
                "bronze": 23,
                "silver": 26,
                "gold": 3
            },
            "account_id": 240242,
            "is_employee": false,
            "last_modified_date": 1615227300,
            "last_access_date": 1622159917,
            "reputation_change_year": 10,
            "reputation_change_quarter": 10,
            "reputation_change_month": 10,
            "reputation_change_week": 10,
            "reputation_change_day": 0,
            "reputation": 7346,
            "creation_date": 1289967635,
            "user_type": "registered",
            "user_id": 510359,
            "location": "Seattle, Washington, USA",
            "website_url": "https://theonlylars.com",
            "link": "https://stackoverflow.com/users/510359/larsacus",
            "profile_image": "https://www.gravatar.com/avatar/136e53c3d127e8a5519894c214c3fa26?s=256&d=identicon&r=PG",
            "display_name": "larsacus"
        },
        {
            "badge_counts": {
                "bronze": 42,
                "silver": 29,
                "gold": 2
            },
            "account_id": 328114,
            "is_employee": false,
            "last_modified_date": 1636457400,
            "last_access_date": 1651948339,
            "reputation_change_year": 40,
            "reputation_change_quarter": 40,
            "reputation_change_month": 10,
            "reputation_change_week": 0,
            "reputation_change_day": 0,
            "reputation": 7346,
            "creation_date": 1299643487,
            "user_type": "registered",
            "user_id": 650884,
            "accept_rate": 64,
            "link": "https://stackoverflow.com/users/650884/pavel",
            "profile_image": "https://www.gravatar.com/avatar/7475fa31c3962a357047617df181c680?s=256&d=identicon&r=PG",
            "display_name": "Pavel"
        },
        {
            "badge_counts": {
                "bronze": 47,
                "silver": 38,
                "gold": 8
            },
            "account_id": 357170,
            "is_employee": false,
            "last_modified_date": 1649805001,
            "last_access_date": 1600703258,
            "reputation_change_year": 0,
            "reputation_change_quarter": 0,
            "reputation_change_month": 0,
            "reputation_change_week": 0,
            "reputation_change_day": 0,
            "reputation": 7346,
            "creation_date": 1282255176,
            "user_type": "registered",
            "user_id": 697151,
            "accept_rate": 71,
            "location": "Arizona",
            "website_url": "http://steve-gregory.com",
            "link": "https://stackoverflow.com/users/697151/steve-gregory",
            "profile_image": "https://www.gravatar.com/avatar/b835782f265dc1589080dbabd3c04dd5?s=256&d=identicon&r=PG",
            "display_name": "steve-gregory"
        },
        {
            "badge_counts": {
                "bronze": 5,
                "silver": 11,
                "gold": 2
            },
            "account_id": 6169457,
            "is_employee": false,
            "last_modified_date": 1643331900,
            "last_access_date": 1588601797,
            "reputation_change_year": 80,
            "reputation_change_quarter": 80,
            "reputation_change_month": 20,
            "reputation_change_week": 10,
            "reputation_change_day": 0,
            "reputation": 7346,
            "creation_date": 1429481492,
            "user_type": "registered",
            "user_id": 4808184,
            "location": "Palma, Spain",
            "website_url": "http://rullan.cat",
            "link": "https://stackoverflow.com/users/4808184/pau-ru%c5%80lan-ferragut",
            "profile_image": "https://lh5.googleusercontent.com/-MRblcy0rWMQ/AAAAAAAAAAI/AAAAAAAAArE/vImc3DCDCDk/photo.jpg?sz=256",
            "display_name": "Pau Ruŀlan Ferragut"
        },
        {
            "badge_counts": {
                "bronze": 36,
                "silver": 28,
                "gold": 6
            },
            "account_id": 23134,
            "is_employee": false,
            "last_modified_date": 1674216013,
            "last_access_date": 1675509117,
            "reputation_change_year": -25,
            "reputation_change_quarter": -25,
            "reputation_change_month": 0,
            "reputation_change_week": 0,
            "reputation_change_day": 0,
            "reputation": 7345,
            "creation_date": 1232579909,
            "user_type": "registered",
            "user_id": 57731,
            "accept_rate": 85,
            "website_url": "http://www.stackoverflow.com",
            "link": "https://stackoverflow.com/users/57731/makach",
            "profile_image": "https://www.gravatar.com/avatar/46bfa786cd505fec5d1b273e209a4835?s=256&d=identicon&r=PG",
            "display_name": "Makach"
        },
        {
            "badge_counts": {
                "bronze": 39,
                "silver": 31,
                "gold": 6
            },
            "account_id": 119938,
            "is_employee": false,
            "last_modified_date": 1656030900,
            "last_access_date": 1404487475,
            "reputation_change_year": 20,
            "reputation_change_quarter": 20,
            "reputation_change_month": 10,
            "reputation_change_week": 0,
            "reputation_change_day": 0,
            "reputation": 7345,
            "creation_date": 1270739739,
            "user_type": "registered",
            "user_id": 312025,
            "accept_rate": 66,
            "location": "Saint-&#201;tienne, France",
            "link": "https://stackoverflow.com/users/312025/istao",
            "profile_image": "https://www.gravatar.com/avatar/b683dcdd96dee61a76fdb6d515a0ed2d?s=256&d=identicon&r=PG",
            "display_name": "Istao"
        },
        {
            "badge_counts": {
                "bronze": 22,
                "silver": 27,
                "gold": 3
            },
            "account_id": 245793,
            "is_employee": false,
            "last_modified_date": 1657914000,
            "last_access_date": 1678369468,
            "reputation_change_year": 20,
            "reputation_change_quarter": 20,
            "reputation_change_month": 0,
            "reputation_change_week": 0,
            "reputation_change_day": 0,
            "reputation": 7345,
            "creation_date": 1290642414,
            "user_type": "registered",
            "user_id": 519515,
            "accept_rate": 100,
            "link": "https://stackoverflow.com/users/519515/franco",
            "profile_image": "https://www.gravatar.com/avatar/f50373b13f7b64e5458ce2471a4e3904?s=256&d=identicon&r=PG",
            "display_name": "Franco"
        },
        {
            "badge_counts": {
                "bronze": 54,
                "silver": 33,
                "gold": 3
            },
            "account_id": 950928,
            "is_employee": false,
            "last_modified_date": 1631547600,
            "last_access_date": 1633977110,
            "reputation_change_year": 48,
            "reputation_change_quarter": 48,
            "reputation_change_month": 0,
            "reputation_change_week": 0,
            "reputation_change_day": 0,
            "reputation": 7345,
            "creation_date": 1317661013,
            "user_type": "registered",
            "user_id": 977098,
            "accept_rate": 90,
            "location": "Germany",
            "website_url": "",
            "link": "https://stackoverflow.com/users/977098/sietschie",
            "profile_image": "https://www.gravatar.com/avatar/2b6797b1c8c35f850f35cb9970db1a33?s=256&d=identicon&r=PG",
            "display_name": "sietschie"
        },
        {
            "badge_counts": {
                "bronze": 32,
                "silver": 22,
                "gold": 0
            },
            "account_id": 1467115,
            "is_employee": false,
            "last_modified_date": 1622827200,
            "last_access_date": 1640907670,
            "reputation_change_year": 30,
            "reputation_change_quarter": 30,
            "reputation_change_month": 0,
            "reputation_change_week": 0,
            "reputation_change_day": 0,
            "reputation": 7345,
            "creation_date": 1336391529,
            "user_type": "registered",
            "user_id": 1379667,
            "location": "Toronto, ON, Canada",
            "website_url": "http://nalinc.github.io",
            "link": "https://stackoverflow.com/users/1379667/nalinc",
            "profile_image": "https://i.stack.imgur.com/S4vuN.jpg?s=256&g=1",
            "display_name": "nalinc"
        },
        {
            "badge_counts": {
                "bronze": 51,
                "silver": 29,
                "gold": 1
            },
            "account_id": 1755155,
            "is_employee": false,
            "last_modified_date": 1677892800,
            "last_access_date": 1678247317,
            "reputation_change_year": 18,
            "reputation_change_quarter": 18,
            "reputation_change_month": -2,
            "reputation_change_week": 0,
            "reputation_change_day": 0,
            "reputation": 7345,
            "creation_date": 1345123853,
            "user_type": "registered",
            "user_id": 1603380,
            "accept_rate": 56,
            "location": "Singapore",
            "website_url": "https://bmnotes.com/",
            "link": "https://stackoverflow.com/users/1603380/buntylm",
            "profile_image": "https://i.stack.imgur.com/OAmwS.jpg?s=256&g=1",
            "display_name": "Buntylm"
        },
        {
            "badge_counts": {
                "bronze": 40,
                "silver": 24,
                "gold": 8
            },
            "account_id": 10285291,
            "is_employee": false,
            "last_modified_date": 1634310900,
            "last_access_date": 1492240998,
            "reputation_change_year": 140,
            "reputation_change_quarter": 140,
            "reputation_change_month": 40,
            "reputation_change_week": 30,
            "reputation_change_day": 10,
            "reputation": 7345,
            "creation_date": 1487516579,
            "user_type": "registered",
            "user_id": 7588803,
            "accept_rate": 42,
            "link": "https://stackoverflow.com/users/7588803/alex-yong",
            "profile_image": "https://www.gravatar.com/avatar/5e13422c724d04a9103a5944b90d9cf0?s=256&d=identicon&r=PG&f=1",
            "display_name": "Alex Yong"
        },
        {
            "badge_counts": {
                "bronze": 44,
                "silver": 25,
                "gold": 1
            },
            "account_id": 62815,
            "is_employee": false,
            "last_modified_date": 1659369900,
            "last_access_date": 1662798280,
            "reputation_change_year": 30,
            "reputation_change_quarter": 30,
            "reputation_change_month": 0,
            "reputation_change_week": 0,
            "reputation_change_day": 0,
            "reputation": 7344,
            "creation_date": 1255006105,
            "user_type": "registered",
            "user_id": 186347,
            "location": "Brescia, Italia",
            "website_url": "https://www.entidi.com",
            "link": "https://stackoverflow.com/users/186347/ntd",
            "profile_image": "https://www.gravatar.com/avatar/41faca9cd29ae1ff1e10ffd01eb15e52?s=256&d=identicon&r=PG",
            "display_name": "ntd"
        },
        {
            "badge_counts": {
                "bronze": 51,
                "silver": 31,
                "gold": 4
            },
            "account_id": 322629,
            "is_employee": false,
            "last_modified_date": 1673738400,
            "last_access_date": 1677594940,
            "reputation_change_year": -13,
            "reputation_change_quarter": -13,
            "reputation_change_month": 0,
            "reputation_change_week": 0,
            "reputation_change_day": 0,
            "reputation": 7344,
            "creation_date": 1299110095,
            "user_type": "registered",
            "user_id": 642148,
            "website_url": "https://www.mortens.dev",
            "link": "https://stackoverflow.com/users/642148/morten-kristensen",
            "profile_image": "https://www.gravatar.com/avatar/fc123bce9be08775e691a6c6d548d5b1?s=256&d=identicon&r=PG",
            "display_name": "Morten Kristensen"
        },
        {
            "badge_counts": {
                "bronze": 37,
                "silver": 29,
                "gold": 10
            },
            "account_id": 324050,
            "is_employee": false,
            "last_modified_date": 1676364600,
            "last_access_date": 1678356376,
            "reputation_change_year": 20,
            "reputation_change_quarter": 20,
            "reputation_change_month": 10,
            "reputation_change_week": 0,
            "reputation_change_day": 0,
            "reputation": 7344,
            "creation_date": 1299230231,
            "user_type": "registered",
            "user_id": 644420,
            "accept_rate": 70,
            "location": "India",
            "website_url": "http://nill",
            "link": "https://stackoverflow.com/users/644420/v-i-j-e-s-h",
            "profile_image": "https://i.stack.imgur.com/FTKdJ.png?s=256&g=1",
            "display_name": "V I J E S H"
        },
        {
            "badge_counts": {
                "bronze": 35,
                "silver": 23,
                "gold": 2
            },
            "account_id": 543842,
            "is_employee": false,
            "last_modified_date": 1619899500,
            "last_access_date": 1646118421,
            "reputation_change_year": 30,
            "reputation_change_quarter": 30,
            "reputation_change_month": 0,
            "reputation_change_week": 0,
            "reputation_change_day": 0,
            "reputation": 7344,
            "creation_date": 1314313083,
            "user_type": "registered",
            "user_id": 913097,
            "accept_rate": 80,
            "location": "Istanbul, Turkey",
            "website_url": "http://www.aliinhan.com",
            "link": "https://stackoverflow.com/users/913097/inhan",
            "profile_image": "https://graph.facebook.com/650249618/picture?type=large",
            "display_name": "inhan"
        },
        {
            "badge_counts": {
                "bronze": 33,
                "silver": 25,
                "gold": 4
            },
            "account_id": 1002724,
            "is_employee": false,
            "last_modified_date": 1610640300,
            "last_access_date": 1678373212,
            "reputation_change_year": 30,
            "reputation_change_quarter": 30,
            "reputation_change_month": 10,
            "reputation_change_week": 10,
            "reputation_change_day": 0,
            "reputation": 7344,
            "creation_date": 1319744651,
            "user_type": "registered",
            "user_id": 1017224,
            "location": "Oslo, Norway",
            "website_url": "https://gitlab.com/fleskesvor",
            "link": "https://stackoverflow.com/users/1017224/flesk",
            "profile_image": "https://www.gravatar.com/avatar/5fcba4f17c4b26be422b6ef62679b0ae?s=256&d=identicon&r=PG",
            "display_name": "flesk"
        },
        {
            "badge_counts": {
                "bronze": 34,
                "silver": 21,
                "gold": 1
            },
            "account_id": 1155692,
            "is_employee": false,
            "last_modified_date": 1669208401,
            "last_access_date": 1678287726,
            "reputation_change_year": 40,
            "reputation_change_quarter": 40,
            "reputation_change_month": 0,
            "reputation_change_week": 0,
            "reputation_change_day": 0,
            "reputation": 7344,
            "creation_date": 1325967029,
            "user_type": "registered",
            "user_id": 1136371,
            "accept_rate": 75,
            "location": "Delhi, India",
            "website_url": "",
            "link": "https://stackoverflow.com/users/1136371/nishant",
            "profile_image": "https://i.stack.imgur.com/EpU3J.jpg?s=256&g=1",
            "display_name": "Nishant"
        }
    ],
    "has_more": true,
    "quota_max": 10000,
    "quota_remaining": 7631
}