{
    "items": [
        {
            "badge_counts": {
                "bronze": 54,
                "silver": 35,
                "gold": 6
            },
            "account_id": 3405,
            "is_employee": false,
            "last_modified_date": 1661278801,
            "last_access_date": 1579805728,
            "reputation_change_year": 90,
            "reputation_change_quarter": 90,
            "reputation_change_month": 10,
            "reputation_change_week": 0,
            "reputation_change_day": 0,
            "reputation": 14333,
            "creation_date": 1220713857,
            "user_type": "registered",
            "user_id": 4913,
            "accept_rate": 82,
            "location": "Berkeley, California, United States",
            "website_url": "",
            "link": "https://stackoverflow.com/users/4913/zigdon",
            "profile_image": "https://www.gravatar.com/avatar/009d980607f54a15e245c1c3b9fa6e47?s=256&d=identicon&r=PG",
            "display_name": "zigdon"
        },
        {
            "badge_counts": {
                "bronze": 78,
                "silver": 51,
                "gold": 8
            },
            "account_id": 8539,
            "is_employee": false,
            "last_modified_date": 1673694900,
            "last_access_date": 1678363077,
            "reputation_change_year": 208,
            "reputation_change_quarter": 208,
            "reputation_change_month": 20,
            "reputation_change_week": 0,
            "reputation_change_day": 0,
            "reputation": 14333,
            "creation_date": 1221644077,
            "user_type": "registered",
            "user_id": 15461,
            "accept_rate": 71,
            "location": "London, United Kingdom",
            "website_url": "",
            "link": "https://stackoverflow.com/users/15461/husayt",
            "profile_image": "https://www.gravatar.com/avatar/19ad6afeec66f9154a766605af2dec81?s=256&d=identicon&r=PG",
            "display_name": "husayt"
        },
        {
            "badge_counts": {
                "bronze": 82,
                "silver": 38,
                "gold": 6
            },
            "account_id": 2787344,
            "is_employee": false,
            "last_modified_date": 1676030400,
            "last_access_date": 1678223506,
            "reputation_change_year": 80,
            "reputation_change_quarter": 80,
            "reputation_change_month": 10,
            "reputation_change_week": 0,
            "reputation_change_day": 0,
            "reputation": 14333,
            "creation_date": 1368947310,
            "user_type": "registered",
            "user_id": 2398375,
            "accept_rate": 75,
            "website_url": "",
            "link": "https://stackoverflow.com/users/2398375/dioxin",
            "profile_image": "https://www.gravatar.com/avatar/1a5530da29f23682b10bb5568076f83d?s=256&d=identicon&r=PG",
            "display_name": "Dioxin"
        },
        {
            "badge_counts": {
                "bronze": 53,
                "silver": 23,
                "gold": 4
            },
            "account_id": 2808454,
            "is_employee": false,
            "last_modified_date": 1674237659,
            "last_access_date": 1677863020,
            "reputation_change_year": 50,
            "reputation_change_quarter": 50,
            "reputation_change_month": 10,
            "reputation_change_week": 0,
            "reputation_change_day": 0,
            "reputation": 14333,
            "creation_date": 1369340037,
            "user_type": "registered",
            "user_id": 2415194,
            "accept_rate": 87,
            "location": "Buenos Aires, Argentina",
            "website_url": "http://www.linkedin.com/profile/view?id=81839870",
            "link": "https://stackoverflow.com/users/2415194/nachokk",
            "profile_image": "https://i.stack.imgur.com/uqcvb.jpg?s=256&g=1",
            "display_name": "nachokk"
        },
        {
            "badge_counts": {
                "bronze": 177,
                "silver": 104,
                "gold": 32
            },
            "account_id": 443359,
            "is_employee": false,
            "last_modified_date": 1671246085,
            "last_access_date": 1676404576,
            "reputation_change_year": 140,
            "reputation_change_quarter": 140,
            "reputation_change_month": 10,
            "reputation_change_week": 0,
            "reputation_change_day": 0,
            "reputation": 14332,
            "creation_date": 1310082896,
            "user_type": "registered",
            "user_id": 834525,
            "accept_rate": 88,
            "location": "Silicon Valley",
            "website_url": "",
            "link": "https://stackoverflow.com/users/834525/ryan",
            "profile_image": "https://i.stack.imgur.com/LrEoK.jpg?s=256&g=1",
            "display_name": "Ryan"
        },
        {
            "badge_counts": {
                "bronze": 65,
                "silver": 48,
                "gold": 6
            },
            "account_id": 3911851,
            "is_employee": false,
            "last_modified_date": 1677058200,
            "last_access_date": 1678328676,
            "reputation_change_year": 410,
            "reputation_change_quarter": 410,
            "reputation_change_month": 60,
            "reputation_change_week": 30,
            "reputation_change_day": 10,
            "reputation": 14332,
            "creation_date": 1390716999,
            "user_type": "registered",
            "user_id": 3236925,
            "accept_rate": 75,
            "location": "Los Angeles, CA, United States",
            "website_url": "http://umgupta.github.io",
            "link": "https://stackoverflow.com/users/3236925/umang-gupta",
            "profile_image": "https://www.gravatar.com/avatar/a169a0312236d95fb7f1c0288ecc7d86?s=256&d=identicon&r=PG&f=1",
            "display_name": "Umang Gupta"
        },
        {
            "badge_counts": {
                "bronze": 27,
                "silver": 20,
                "gold": 4
            },
            "account_id": 28246,
            "is_employee": false,
            "last_modified_date": 1664558100,
            "last_access_date": 1629709899,
            "reputation_change_year": 482,
            "reputation_change_quarter": 482,
            "reputation_change_month": 40,
            "reputation_change_week": 20,
            "reputation_change_day": 20,
            "reputation": 14331,
            "creation_date": 1236523237,
            "user_type": "registered",
            "user_id": 75284,
            "accept_rate": 75,
            "location": "Russia",
            "website_url": "http://koss.nocorp.me",
            "link": "https://stackoverflow.com/users/75284/sasha-koss",
            "profile_image": "https://www.gravatar.com/avatar/1b15ef47e7797ef13029c4fa8b5ee8e9?s=256&d=identicon&r=PG",
            "display_name": "Sasha Koss"
        },
        {
            "badge_counts": {
                "bronze": 115,
                "silver": 81,
                "gold": 16
            },
            "account_id": 43859,
            "is_employee": false,
            "last_modified_date": 1678077900,
            "last_access_date": 1650981230,
            "reputation_change_year": 80,
            "reputation_change_quarter": 80,
            "reputation_change_month": 10,
            "reputation_change_week": 0,
            "reputation_change_day": 0,
            "reputation": 14331,
            "creation_date": 1245867549,
            "user_type": "registered",
            "user_id": 128386,
            "accept_rate": 91,
            "location": "Leicestershire, United Kingdom",
            "website_url": "http://myaccessible.website",
            "link": "https://stackoverflow.com/users/128386/fiona-myaccessible-website",
            "profile_image": "https://www.gravatar.com/avatar/264872be9fe42cb3e0e39c24aa9f7b51?s=256&d=identicon&r=PG",
            "display_name": "Fiona - myaccessible.website"
        },
        {
            "badge_counts": {
                "bronze": 65,
                "silver": 49,
                "gold": 3
            },
            "account_id": 95476,
            "is_employee": false,
            "last_modified_date": 1636131901,
            "last_access_date": 1678377021,
            "reputation_change_year": 60,
            "reputation_change_quarter": 60,
            "reputation_change_month": 10,
            "reputation_change_week": 10,
            "reputation_change_day": 10,
            "reputation": 14331,
            "creation_date": 1264592080,
            "user_type": "registered",
            "user_id": 260007,
            "accept_rate": 100,
            "website_url": "",
            "link": "https://stackoverflow.com/users/260007/biziclop",
            "profile_image": "https://www.gravatar.com/avatar/b7e5fd5f16fc6e3e723038d961558995?s=256&d=identicon&r=PG",
            "display_name": "biziclop"
        },
        {
            "badge_counts": {
                "bronze": 76,
                "silver": 59,
                "gold": 10
            },
            "account_id": 5078,
            "is_employee": false,
            "last_modified_date": 1676318403,
            "last_access_date": 1677510428,
            "reputation_change_year": 66,
            "reputation_change_quarter": 66,
            "reputation_change_month": 0,
            "reputation_change_week": 0,
            "reputation_change_day": 0,
            "reputation": 14329,
            "creation_date": 1221490165,
            "user_type": "registered",
            "user_id": 7979,
            "accept_rate": 82,
            "location": "Douglasville, GA",
            "website_url": "http://james.roomfullofmirrors.com/",
            "link": "https://stackoverflow.com/users/7979/james-sumners",
            "profile_image": "https://www.gravatar.com/avatar/4145292dfaeac560665414e5533bf5f1?s=256&d=identicon&r=PG",
            "display_name": "James Sumners"
        },
        {
            "badge_counts": {
                "bronze": 8,
                "silver": 15,
                "gold": 1
            },
            "account_id": 315290,
            "is_employee": false,
            "last_modified_date": 1668841202,
            "last_access_date": 1677685695,
            "reputation_change_year": 80,
            "reputation_change_quarter": 80,
            "reputation_change_month": 10,
            "reputation_change_week": 10,
            "reputation_change_day": 0,
            "reputation": 14328,
            "creation_date": 1298489300,
            "user_type": "registered",
            "user_id": 630946,
            "website_url": "",
            "link": "https://stackoverflow.com/users/630946/alf",
            "profile_image": "https://graph.facebook.com/671170951/picture?type=large",
            "display_name": "Alf"
        },
        {
            "badge_counts": {
                "bronze": 65,
                "silver": 50,
                "gold": 13
            },
            "account_id": 1486414,
            "is_employee": false,
            "last_modified_date": 1657720800,
            "last_access_date": 1678347801,
            "reputation_change_year": 310,
            "reputation_change_quarter": 310,
            "reputation_change_month": 60,
            "reputation_change_week": 50,
            "reputation_change_day": 0,
            "reputation": 14328,
            "creation_date": 1337025715,
            "user_type": "registered",
            "user_id": 1394590,
            "accept_rate": 79,
            "website_url": "",
            "link": "https://stackoverflow.com/users/1394590/bgusach",
            "profile_image": "https://i.stack.imgur.com/7hwje.jpg?s=256&g=1",
            "display_name": "bgusach"
        },
        {
            "badge_counts": {
                "bronze": 74,
                "silver": 46,
                "gold": 4
            },
            "account_id": 1643132,
            "is_employee": false,
            "last_modified_date": 1640901251,
            "last_access_date": 1678372900,
            "reputation_change_year": 50,
            "reputation_change_quarter": 50,
            "reputation_change_month": 0,
            "reputation_change_week": 0,
            "reputation_change_day": 0,
            "reputation": 14328,
            "creation_date": 1341932687,
            "user_type": "registered",
            "user_id": 1515209,
            "accept_rate": 100,
            "location": "Cheltenham, England",
            "website_url": "http://scrapbook.qujck.com",
            "link": "https://stackoverflow.com/users/1515209/qujck",
            "profile_image": "https://i.stack.imgur.com/20LIW.jpg?s=256&g=1",
            "display_name": "qujck"
        },
        {
            "badge_counts": {
                "bronze": 45,
                "silver": 41,
                "gold": 5
            },
            "account_id": 173081,
            "is_employee": false,
            "last_modified_date": 1658913600,
            "last_access_date": 1677647918,
            "reputation_change_year": 70,
            "reputation_change_quarter": 70,
            "reputation_change_month": 0,
            "reputation_change_week": 0,
            "reputation_change_day": 0,
            "reputation": 14327,
            "creation_date": 1263353805,
            "user_type": "registered",
            "user_id": 401539,
            "accept_rate": 100,
            "location": "Vietnam",
            "website_url": "https://tungdao.com",
            "link": "https://stackoverflow.com/users/401539/tungd",
            "profile_image": "https://www.gravatar.com/avatar/a5b4abd71ac6fc7faa1107d51ea4f720?s=256&d=identicon&r=PG",
            "display_name": "tungd"
        },
        {
            "badge_counts": {
                "bronze": 61,
                "silver": 45,
                "gold": 8
            },
            "account_id": 415074,
            "is_employee": false,
            "last_modified_date": 1662336900,
            "last_access_date": 1526484025,
            "reputation_change_year": 30,
            "reputation_change_quarter": 30,
            "reputation_change_month": 0,
            "reputation_change_week": 0,
            "reputation_change_day": 0,
            "reputation": 14327,
            "creation_date": 1307555090,
            "user_type": "registered",
            "user_id": 789657,
            "accept_rate": 84,
            "location": "United Kingdom",
            "website_url": "",
            "link": "https://stackoverflow.com/users/789657/simon",
            "profile_image": "https://www.gravatar.com/avatar/57ce819ed140f223c24d43210e7b25d6?s=256&d=identicon&r=PG",
            "display_name": "Simon"
        },
        {
            "badge_counts": {
                "bronze": 45,
                "silver": 44,
                "gold": 26
            },
            "account_id": 2149042,
            "is_employee": false,
            "last_modified_date": 1662123900,
            "last_access_date": 1678245687,
            "reputation_change_year": 80,
            "reputation_change_quarter": 80,
            "reputation_change_month": 0,
            "reputation_change_week": 0,
            "reputation_change_day": 0,
            "reputation": 14326,
            "creation_date": 1355561169,
            "user_type": "registered",
            "user_id": 1905949,
            "location": "Indonesia",
            "website_url": "",
            "link": "https://stackoverflow.com/users/1905949/ekad",
            "profile_image": "https://www.gravatar.com/avatar/44aec70c318722c78b84886dd897379d?s=256&d=identicon&r=PG",
            "display_name": "ekad"
        },
        {
            "badge_counts": {
                "bronze": 45,
                "silver": 34,
                "gold": 4
            },
            "account_id": 17695,
            "is_employee": false,
            "last_modified_date": 1677444300,
            "last_access_date": 1512435052,
            "reputation_change_year": 20,
            "reputation_change_quarter": 20,
            "reputation_change_month": 0,
            "reputation_change_week": 0,
            "reputation_change_day": 0,
            "reputation": 14325,
            "creation_date": 1227346932,
            "user_type": "registered",
            "user_id": 39892,
            "website_url": "",
            "link": "https://stackoverflow.com/users/39892/nietzche-jou",
            "profile_image": "https://www.gravatar.com/avatar/2533c49c0597021c8ef573bf08be8528?s=256&d=identicon&r=PG",
            "display_name": "Nietzche-jou"
        },
        {
            "badge_counts": {
                "bronze": 102,
                "silver": 61,
                "gold": 8
            },
            "account_id": 330694,
            "is_employee": false,
            "last_modified_date": 1673368500,
            "last_access_date": 1676090588,
            "reputation_change_year": 99,
            "reputation_change_quarter": 99,
            "reputation_change_month": 0,
            "reputation_change_week": 0,
            "reputation_change_day": 0,
            "reputation": 14324,
            "creation_date": 1299828546,
            "user_type": "registered",
            "user_id": 654953,
            "accept_rate": 90,
            "website_url": "",
            "link": "https://stackoverflow.com/users/654953/ryan",
            "profile_image": "https://www.gravatar.com/avatar/f6453f58b70e93dbfa8998b71a95bb09?s=256&d=identicon&r=PG&f=1",
            "display_name": "Ryan"
        },
        {
            "badge_counts": {
                "bronze": 85,
                "silver": 53,
                "gold": 7
            },
            "account_id": 245690,
            "is_employee": false,
            "last_modified_date": 1672953600,
            "last_access_date": 1678278850,
            "reputation_change_year": 60,
            "reputation_change_quarter": 60,
            "reputation_change_month": 10,
            "reputation_change_week": 10,
            "reputation_change_day": 0,
            "reputation": 14323,
            "creation_date": 1290629356,
            "user_type": "registered",
            "user_id": 519334,
            "accept_rate": 86,
            "location": "Germany",
            "website_url": "",
            "link": "https://stackoverflow.com/users/519334/k3b",
            "profile_image": "https://i.stack.imgur.com/AOukD.jpg?s=256&g=1",
            "display_name": "k3b"
        },
        {
            "badge_counts": {
                "bronze": 55,
                "silver": 26,
                "gold": 5
            },
            "account_id": 8996028,
            "is_employee": false,
            "last_modified_date": 1660810800,
            "last_access_date": 1678257404,
            "reputation_change_year": 95,
            "reputation_change_quarter": 95,
            "reputation_change_month": 10,
            "reputation_change_week": 10,
            "reputation_change_day": 0,
            "reputation": 14322,
            "creation_date": 1470940043,
            "user_type": "registered",
            "user_id": 6706419,
            "accept_rate": 80,
            "location": "Austin, TX, USA",
            "website_url": "",
            "link": "https://stackoverflow.com/users/6706419/urdearboy",
            "profile_image": "https://i.stack.imgur.com/Cp6Ow.png?s=256&g=1",
            "display_name": "urdearboy"
        },
        {
            "badge_counts": {
                "bronze": 107,
                "silver": 68,
                "gold": 17
            },
            "account_id": 67737,
            "is_employee": false,
            "last_modified_date": 1676798700,
            "last_access_date": 1677847318,
            "reputation_change_year": 171,
            "reputation_change_quarter": 171,
            "reputation_change_month": 20,
            "reputation_change_week": 20,
            "reputation_change_day": 10,
            "reputation": 14321,
            "creation_date": 1256731794,
            "user_type": "registered",
            "user_id": 198048,
            "accept_rate": 92,
            "location": "Great Malvern, United Kingdom",
            "website_url": "https://danielshoubridge.wordpress.com/",
            "link": "https://stackoverflow.com/users/198048/mr-shoubs",
            "profile_image": "https://www.gravatar.com/avatar/a9d508eafe7e6f99da9c761733e7251b?s=256&d=identicon&r=PG",
            "display_name": "Mr Shoubs"
        },
        {
            "badge_counts": {
                "bronze": 25,
                "silver": 14,
                "gold": 1
            },
            "account_id": 8972729,
            "is_employee": false,
            "last_modified_date": 1678230600,
            "last_access_date": 1678259808,
            "reputation_change_year": 690,
            "reputation_change_quarter": 690,
            "reputation_change_month": 70,
            "reputation_change_week": 30,
            "reputation_change_day": 0,
            "reputation": 14321,
            "creation_date": 1470649903,
            "user_type": "registered",
            "user_id": 6690664,
            "accept_rate": 100,
            "location": "Krak&#243;w, Polska",
            "website_url": "",
            "link": "https://stackoverflow.com/users/6690664/m-tomczynski",
            "profile_image": "https://www.gravatar.com/avatar/173b5e97821e61ec26b75b17cd6bc69f?s=256&d=identicon&r=PG&f=1",
            "display_name": "M Tomczynski"
        },
        {
            "badge_counts": {
                "bronze": 57,
                "silver": 46,
                "gold": 4
            },
            "account_id": 13018,
            "is_employee": false,
            "last_modified_date": 1661191800,
            "last_access_date": 1523738140,
            "reputation_change_year": 100,
            "reputation_change_quarter": 100,
            "reputation_change_month": 10,
            "reputation_change_week": 10,
            "reputation_change_day": 0,
            "reputation": 14320,
            "creation_date": 1223406692,
            "user_type": "registered",
            "user_id": 25920,
            "accept_rate": 88,
            "website_url": "",
            "link": "https://stackoverflow.com/users/25920/luke",
            "profile_image": "https://www.gravatar.com/avatar/8ba539fc9d7a90bc51a27590742ac153?s=256&d=identicon&r=PG",
            "display_name": "luke"
        },
        {
            "badge_counts": {
                "bronze": 42,
                "silver": 32,
                "gold": 4
            },
            "account_id": 43522,
            "is_employee": false,
            "last_modified_date": 1654537800,
            "last_access_date": 1669548227,
            "reputation_change_year": 90,
            "reputation_change_quarter": 90,
            "reputation_change_month": 0,
            "reputation_change_week": 0,
            "reputation_change_day": 0,
            "reputation": 14319,
            "creation_date": 1245714584,
            "user_type": "registered",
            "user_id": 127255,
            "accept_rate": 57,
            "location": "Melbourne, Australia",
            "website_url": "http://yob.id.au",
            "link": "https://stackoverflow.com/users/127255/james-healy",
            "profile_image": "https://www.gravatar.com/avatar/4769e342e2e4da5aacde39dc03bd5f02?s=256&d=identicon&r=PG",
            "display_name": "James Healy"
        },
        {
            "badge_counts": {
                "bronze": 53,
                "silver": 51,
                "gold": 2
            },
            "account_id": 61356,
            "is_employee": false,
            "last_modified_date": 1660772100,
            "last_access_date": 1678301594,
            "reputation_change_year": 80,
            "reputation_change_quarter": 80,
            "reputation_change_month": 10,
            "reputation_change_week": 10,
            "reputation_change_day": 0,
            "reputation": 14319,
            "creation_date": 1254456107,
            "user_type": "registered",
            "user_id": 182895,
            "accept_rate": 71,
            "location": "Detroit, MI, United States",
            "website_url": "http://weblogs.asp.net/psteele",
            "link": "https://stackoverflow.com/users/182895/patricksteele",
            "profile_image": "https://www.gravatar.com/avatar/d5248a1fb556fc9c86a41532cf97100e?s=256&d=identicon&r=PG",
            "display_name": "PatrickSteele"
        },
        {
            "badge_counts": {
                "bronze": 56,
                "silver": 50,
                "gold": 4
            },
            "account_id": 244784,
            "is_employee": false,
            "last_modified_date": 1579855816,
            "last_access_date": 1627402290,
            "reputation_change_year": 20,
            "reputation_change_quarter": 20,
            "reputation_change_month": 0,
            "reputation_change_week": 0,
            "reputation_change_day": 0,
            "reputation": 14319,
            "creation_date": 1290535548,
            "user_type": "registered",
            "user_id": 517832,
            "location": "Paris, France",
            "website_url": "http://arca.li",
            "link": "https://stackoverflow.com/users/517832/vincent-guerci",
            "profile_image": "https://i.stack.imgur.com/rTvC0.jpg?s=256&g=1",
            "display_name": "Vincent Guerci"
        },
        {
            "badge_counts": {
                "bronze": 74,
                "silver": 51,
                "gold": 8
            },
            "account_id": 5013,
            "is_employee": false,
            "last_modified_date": 1677751500,
            "last_access_date": 1677891929,
            "reputation_change_year": 130,
            "reputation_change_quarter": 130,
            "reputation_change_month": 11,
            "reputation_change_week": 0,
            "reputation_change_day": 0,
            "reputation": 14318,
            "creation_date": 1221489166,
            "user_type": "registered",
            "user_id": 7852,
            "accept_rate": 74,
            "website_url": "https://givan.se",
            "link": "https://stackoverflow.com/users/7852/givanse",
            "profile_image": "https://i.stack.imgur.com/h9x8Q.png?s=256&g=1",
            "display_name": "givanse"
        },
        {
            "badge_counts": {
                "bronze": 179,
                "silver": 95,
                "gold": 24
            },
            "account_id": 19869,
            "is_employee": false,
            "last_modified_date": 1677290400,
            "last_access_date": 1678308392,
            "reputation_change_year": 190,
            "reputation_change_quarter": 190,
            "reputation_change_month": 48,
            "reputation_change_week": 8,
            "reputation_change_day": 0,
            "reputation": 14318,
            "creation_date": 1229493441,
            "user_type": "registered",
            "user_id": 46942,
            "accept_rate": 63,
            "location": "San Francisco, CA, USA",
            "website_url": "http://peterkellner.net",
            "link": "https://stackoverflow.com/users/46942/peter-kellner",
            "profile_image": "https://www.gravatar.com/avatar/795f14ea5e619167ed546f7fd8d7bae1?s=256&d=identicon&r=PG",
            "display_name": "Peter Kellner"
        },
        {
            "badge_counts": {
                "bronze": 92,
                "silver": 62,
                "gold": 10
            },
            "account_id": 1822136,
            "is_employee": false,
            "last_modified_date": 1658841000,
            "last_access_date": 1678294808,
            "reputation_change_year": 80,
            "reputation_change_quarter": 80,
            "reputation_change_month": 0,
            "reputation_change_week": 0,
            "reputation_change_day": 0,
            "reputation": 14318,
            "creation_date": 1347061173,
            "user_type": "registered",
            "user_id": 1655939,
            "accept_rate": 98,
            "location": "Minas Gerais",
            "website_url": "http://dcc.ufmg.br/~rubens",
            "link": "https://stackoverflow.com/users/1655939/rubens",
            "profile_image": "https://www.gravatar.com/avatar/5394d14f632e89b2dfc937e3660f0079?s=256&d=identicon&r=PG",
            "display_name": "Rubens"
        },
        {
            "badge_counts": {
                "bronze": 88,
                "silver": 50,
                "gold": 3
            },
            "account_id": 227745,
            "is_employee": false,
            "last_modified_date": 1674706515,
            "last_access_date": 1678296373,
            "reputation_change_year": 60,
            "reputation_change_quarter": 60,
            "reputation_change_month": 20,
            "reputation_change_week": 10,
            "reputation_change_day": 0,
            "reputation": 14317,
            "creation_date": 1288232392,
            "user_type": "registered",
            "user_id": 489590,
            "accept_rate": 71,
            "website_url": "http://dl.dropbox.com/u/5818036/resume.pdf",
            "link": "https://stackoverflow.com/users/489590/brian-cain",
            "profile_image": "https://www.gravatar.com/avatar/e16b3d117fa188c4dbdafb8dc27a4df0?s=256&d=identicon&r=PG&f=1",
            "display_name": "Brian Cain"
        },
        {
            "badge_counts": {
                "bronze": 53,
                "silver": 44,
                "gold": 4
            },
            "account_id": 370643,
            "is_employee": false,
            "last_modified_date": 1668808800,
            "last_access_date": 1678374549,
            "reputation_change_year": 20,
            "reputation_change_quarter": 20,
            "reputation_change_month": 10,
            "reputation_change_week": 0,
            "reputation_change_day": 0,
            "reputation": 14317,
            "creation_date": 1303379925,
            "user_type": "registered",
            "user_id": 718721,
            "accept_rate": 50,
            "location": "London, United Kingdom",
            "website_url": "https://codexperts.co",
            "link": "https://stackoverflow.com/users/718721/adnan-aftab",
            "profile_image": "https://www.gravatar.com/avatar/5b2fe1b6433d794c6996db0c843e0cd5?s=256&d=identicon&r=PG",
            "display_name": "Adnan Aftab"
        },
        {
            "badge_counts": {
                "bronze": 62,
                "silver": 64,
                "gold": 7
            },
            "account_id": 40702,
            "is_employee": false,
            "last_modified_date": 1650387000,
            "last_access_date": 1678299074,
            "reputation_change_year": 120,
            "reputation_change_quarter": 120,
            "reputation_change_month": 0,
            "reputation_change_week": 0,
            "reputation_change_day": 0,
            "reputation": 14316,
            "creation_date": 1244209086,
            "user_type": "registered",
            "user_id": 118007,
            "accept_rate": 90,
            "location": "::1",
            "website_url": "",
            "link": "https://stackoverflow.com/users/118007/sandstrom",
            "profile_image": "https://www.gravatar.com/avatar/52935e3e301e32e15e17c8971b94461f?s=256&d=identicon&r=PG",
            "display_name": "sandstrom"
        },
        {
            "badge_counts": {
                "bronze": 54,
                "silver": 45,
                "gold": 10
            },
            "account_id": 32503,
            "is_employee": false,
            "last_modified_date": 1667184600,
            "last_access_date": 1658438436,
            "reputation_change_year": 198,
            "reputation_change_quarter": 198,
            "reputation_change_month": 30,
            "reputation_change_week": 20,
            "reputation_change_day": 0,
            "reputation": 14315,
            "creation_date": 1239636230,
            "user_type": "registered",
            "user_id": 90268,
            "accept_rate": 94,
            "location": "New York, NY",
            "website_url": "http://mev.com",
            "link": "https://stackoverflow.com/users/90268/alex-n",
            "profile_image": "https://www.gravatar.com/avatar/8221d15be22a2ab49b837e808939f6f1?s=256&d=identicon&r=PG",
            "display_name": "Alex N."
        },
        {
            "badge_counts": {
                "bronze": 47,
                "silver": 34,
                "gold": 4
            },
            "account_id": 81845,
            "is_employee": false,
            "last_modified_date": 1672405202,
            "last_access_date": 1678367206,
            "reputation_change_year": 20,
            "reputation_change_quarter": 20,
            "reputation_change_month": 0,
            "reputation_change_week": 0,
            "reputation_change_day": 0,
            "reputation": 14314,
            "creation_date": 1260682511,
            "user_type": "registered",
            "user_id": 230561,
            "accept_rate": 88,
            "location": "Earth",
            "website_url": "http://jeremyfromearth.com",
            "link": "https://stackoverflow.com/users/230561/jeremyfromearth",
            "profile_image": "https://i.stack.imgur.com/Fkc6G.jpg?s=256&g=1",
            "display_name": "JeremyFromEarth"
        },
        {
            "badge_counts": {
                "bronze": 12,
                "silver": 20,
                "gold": 2
            },
            "account_id": 49763,
            "is_employee": false,
            "last_modified_date": 1678205700,
            "last_access_date": 1438288867,
            "reputation_change_year": 160,
            "reputation_change_quarter": 160,
            "reputation_change_month": -10,
            "reputation_change_week": -10,
            "reputation_change_day": 0,
            "reputation": 14313,
            "creation_date": 1249023384,
            "user_type": "registered",
            "user_id": 148314,
            "location": "Catalonia",
            "website_url": "http://ferran.pegueroles.com",
            "link": "https://stackoverflow.com/users/148314/ferran",
            "profile_image": "https://www.gravatar.com/avatar/a6e046053b6148d2c07dee19429c9348?s=256&d=identicon&r=PG",
            "display_name": "Ferran"
        },
        {
            "badge_counts": {
                "bronze": 66,
                "silver": 39,
                "gold": 4
            },
            "account_id": 2416609,
            "is_employee": false,
            "last_modified_date": 1668270000,
            "last_access_date": 1677791391,
            "reputation_change_year": 60,
            "reputation_change_quarter": 60,
            "reputation_change_month": 10,
            "reputation_change_week": 0,
            "reputation_change_day": 0,
            "reputation": 14313,
            "creation_date": 1361869290,
            "user_type": "registered",
            "user_id": 2110496,
            "accept_rate": 95,
            "location": "Novosibirsk, Russia",
            "link": "https://stackoverflow.com/users/2110496/vp-arth",
            "profile_image": "https://i.stack.imgur.com/a9ZWC.jpg?s=256&g=1",
            "display_name": "vp_arth"
        },
        {
            "badge_counts": {
                "bronze": 67,
                "silver": 56,
                "gold": 22
            },
            "account_id": 377695,
            "is_employee": false,
            "last_modified_date": 1616083500,
            "last_access_date": 1671393729,
            "reputation_change_year": 100,
            "reputation_change_quarter": 100,
            "reputation_change_month": 10,
            "reputation_change_week": 0,
            "reputation_change_day": 0,
            "reputation": 14312,
            "creation_date": 1304019632,
            "user_type": "registered",
            "user_id": 729995,
            "accept_rate": 78,
            "website_url": "http://Iwelcomeyoutovisitmyblog:https://thetightlycoupled.wordpress.com",
            "link": "https://stackoverflow.com/users/729995/belgi",
            "profile_image": "https://i.stack.imgur.com/9QuUb.jpg?s=256&g=1",
            "display_name": "Belgi"
        },
        {
            "badge_counts": {
                "bronze": 45,
                "silver": 33,
                "gold": 0
            },
            "account_id": 1832938,
            "is_employee": false,
            "last_modified_date": 1662639607,
            "last_access_date": 1677582043,
            "reputation_change_year": 30,
            "reputation_change_quarter": 30,
            "reputation_change_month": 0,
            "reputation_change_week": 0,
            "reputation_change_day": 0,
            "reputation": 14311,
            "creation_date": 1347392924,
            "user_type": "registered",
            "user_id": 1663919,
            "location": "Zagreb, Croatia",
            "website_url": "",
            "link": "https://stackoverflow.com/users/1663919/zdeslav-vojkovic",
            "profile_image": "https://www.gravatar.com/avatar/e0abe37f1cd26ea99091568cf4edf448?s=256&d=identicon&r=PG",
            "display_name": "Zdeslav Vojkovic"
        },
        {
            "badge_counts": {
                "bronze": 41,
                "silver": 27,
                "gold": 3
            },
            "account_id": 2798255,
            "is_employee": false,
            "last_modified_date": 1671469500,
            "last_access_date": 1678374579,
            "reputation_change_year": 30,
            "reputation_change_quarter": 30,
            "reputation_change_month": 0,
            "reputation_change_week": 0,
            "reputation_change_day": 0,
            "reputation": 14310,
            "creation_date": 1369167553,
            "user_type": "registered",
            "user_id": 2407038,
            "accept_rate": 64,
            "website_url": "",
            "link": "https://stackoverflow.com/users/2407038/user2407038",
            "profile_image": "https://www.gravatar.com/avatar/538f6f4a9aa43841841de7d8e8b169fc?s=256&d=identicon&r=PG&f=1",
            "display_name": "user2407038"
        },
        {
            "badge_counts": {
                "bronze": 85,
                "silver": 55,
                "gold": 9
            },
            "account_id": 273608,
            "is_employee": false,
            "last_modified_date": 1649520300,
            "last_access_date": 1678343966,
            "reputation_change_year": 82,
            "reputation_change_quarter": 82,
            "reputation_change_month": 0,
            "reputation_change_week": 0,
            "reputation_change_day": 0,
            "reputation": 14309,
            "creation_date": 1294311504,
            "user_type": "registered",
            "user_id": 565319,
            "accept_rate": 97,
            "location": "G&#246;teborg,Sweden",
            "website_url": "",
            "link": "https://stackoverflow.com/users/565319/richard",
            "profile_image": "https://i.stack.imgur.com/Q6RsU.jpg?s=256&g=1",
            "display_name": "Richard"
        },
        {
            "badge_counts": {
                "bronze": 51,
                "silver": 39,
                "gold": 5
            },
            "account_id": 3162234,
            "is_employee": false,
            "last_modified_date": 1673279100,
            "last_access_date": 1678364399,
            "reputation_change_year": 126,
            "reputation_change_quarter": 126,
            "reputation_change_month": 20,
            "reputation_change_week": 10,
            "reputation_change_day": 10,
            "reputation": 14309,
            "creation_date": 1376251826,
            "user_type": "registered",
            "user_id": 2673029,
            "location": "Paris, France",
            "website_url": "https://www.linkedin.com/in/ismael-carreno/",
            "link": "https://stackoverflow.com/users/2673029/isma",
            "profile_image": "https://www.gravatar.com/avatar/44a449205ff26df83cde0fdb4d14c7aa?s=256&d=identicon&r=PG&f=1",
            "display_name": "Isma"
        },
        {
            "badge_counts": {
                "bronze": 45,
                "silver": 32,
                "gold": 2
            },
            "account_id": 4966644,
            "is_employee": false,
            "last_modified_date": 1675029300,
            "last_access_date": 1678250397,
            "reputation_change_year": 195,
            "reputation_change_quarter": 195,
            "reputation_change_month": 77,
            "reputation_change_week": 10,
            "reputation_change_day": 0,
            "reputation": 14309,
            "creation_date": 1421764513,
            "user_type": "registered",
            "user_id": 4474419,
            "location": "Oregon, United States",
            "website_url": "",
            "link": "https://stackoverflow.com/users/4474419/davislor",
            "profile_image": "https://www.gravatar.com/avatar/04ce27f0ebe4713b51911cd8475c3b42?s=256&d=identicon&r=PG",
            "display_name": "Davislor"
        },
        {
            "badge_counts": {
                "bronze": 53,
                "silver": 34,
                "gold": 1
            },
            "account_id": 15231,
            "is_employee": false,
            "last_modified_date": 1654809900,
            "last_access_date": 1659103084,
            "reputation_change_year": 30,
            "reputation_change_quarter": 30,
            "reputation_change_month": 0,
            "reputation_change_week": 0,
            "reputation_change_day": 0,
            "reputation": 14308,
            "creation_date": 1225178055,
            "user_type": "registered",
            "user_id": 31985,
            "accept_rate": 92,
            "location": "Germany",
            "website_url": "http://florian.greinacher.de",
            "link": "https://stackoverflow.com/users/31985/florian-greinacher",
            "profile_image": "https://i.stack.imgur.com/JGoRP.jpg?s=256&g=1",
            "display_name": "Florian Greinacher"
        },
        {
            "badge_counts": {
                "bronze": 23,
                "silver": 17,
                "gold": 3
            },
            "account_id": 1286970,
            "is_employee": false,
            "last_modified_date": 1678115101,
            "last_access_date": 1642395985,
            "reputation_change_year": 190,
            "reputation_change_quarter": 190,
            "reputation_change_month": 30,
            "reputation_change_week": 20,
            "reputation_change_day": 0,
            "reputation": 14308,
            "creation_date": 1330507516,
            "user_type": "registered",
            "user_id": 1239857,
            "accept_rate": 31,
            "website_url": "",
            "link": "https://stackoverflow.com/users/1239857/pankaj",
            "profile_image": "https://www.gravatar.com/avatar/b24939b19f7bb6b71e908346563212ae?s=256&d=identicon&r=PG",
            "display_name": "Pankaj"
        },
        {
            "badge_counts": {
                "bronze": 60,
                "silver": 48,
                "gold": 5
            },
            "account_id": 1545,
            "is_employee": false,
            "last_modified_date": 1607615633,
            "last_access_date": 1678325843,
            "reputation_change_year": 125,
            "reputation_change_quarter": 125,
            "reputation_change_month": 0,
            "reputation_change_week": 0,
            "reputation_change_day": 0,
            "reputation": 14306,
            "creation_date": 1219205942,
            "user_type": "registered",
            "user_id": 2069,
            "accept_rate": 75,
            "location": "United States",
            "website_url": "https://cgillum.tech",
            "link": "https://stackoverflow.com/users/2069/chris-gillum",
            "profile_image": "https://i.stack.imgur.com/67BMA.jpg?s=256&g=1",
            "display_name": "Chris Gillum"
        },
        {
            "badge_counts": {
                "bronze": 57,
                "silver": 43,
                "gold": 11
            },
            "account_id": 121723,
            "is_employee": false,
            "last_modified_date": 1618164300,
            "last_access_date": 1645137589,
            "reputation_change_year": 140,
            "reputation_change_quarter": 140,
            "reputation_change_month": 40,
            "reputation_change_week": 30,
            "reputation_change_day": 0,
            "reputation": 14304,
            "creation_date": 1271117073,
            "user_type": "registered",
            "user_id": 315017,
            "accept_rate": 70,
            "link": "https://stackoverflow.com/users/315017/jack-allan",
            "profile_image": "https://www.gravatar.com/avatar/5bce36b5c88b599b1dcc25775a74e137?s=256&d=identicon&r=PG",
            "display_name": "Jack Allan"
        },
        {
            "badge_counts": {
                "bronze": 61,
                "silver": 32,
                "gold": 5
            },
            "account_id": 906817,
            "is_employee": false,
            "last_modified_date": 1671627900,
            "last_access_date": 1678350591,
            "reputation_change_year": 448,
            "reputation_change_quarter": 448,
            "reputation_change_month": 80,
            "reputation_change_week": 40,
            "reputation_change_day": 0,
            "reputation": 14304,
            "creation_date": 1315870108,
            "user_type": "registered",
            "user_id": 941531,
            "website_url": "",
            "link": "https://stackoverflow.com/users/941531/arty",
            "profile_image": "https://www.gravatar.com/avatar/a5b3dab7ce6e710dbca170ef59e6c715?s=256&d=identicon&r=PG",
            "display_name": "Arty"
        },
        {
            "badge_counts": {
                "bronze": 63,
                "silver": 50,
                "gold": 6
            },
            "account_id": 16746,
            "is_employee": false,
            "last_modified_date": 1675544700,
            "last_access_date": 1616721726,
            "reputation_change_year": 131,
            "reputation_change_quarter": 131,
            "reputation_change_month": 30,
            "reputation_change_week": 20,
            "reputation_change_day": 0,
            "reputation": 14302,
            "creation_date": 1226464756,
            "user_type": "registered",
            "user_id": 36805,
            "accept_rate": 84,
            "location": "San Francisco, CA",
            "website_url": "",
            "link": "https://stackoverflow.com/users/36805/richard-levasseur",
            "profile_image": "https://www.gravatar.com/avatar/80fa114caa44735229909bee9026c91f?s=256&d=identicon&r=PG",
            "display_name": "Richard Levasseur"
        },
        {
            "badge_counts": {
                "bronze": 67,
                "silver": 40,
                "gold": 4
            },
            "account_id": 339185,
            "is_employee": false,
            "last_modified_date": 1669035900,
            "last_access_date": 1676484328,
            "reputation_change_year": 58,
            "reputation_change_quarter": 58,
            "reputation_change_month": 0,
            "reputation_change_week": 0,
            "reputation_change_day": 0,
            "reputation": 14302,
            "creation_date": 1300649323,
            "user_type": "registered",
            "user_id": 668501,
            "accept_rate": 100,
            "location": "San Jose, CA",
            "website_url": "http://soren.riise.org",
            "link": "https://stackoverflow.com/users/668501/soren",
            "profile_image": "https://www.gravatar.com/avatar/3f15b157200c05100d6baeb0ede510f0?s=256&d=identicon&r=PG",
            "display_name": "Soren"
        },
        {
            "badge_counts": {
                "bronze": 73,
                "silver": 42,
                "gold": 2
            },
            "account_id": 1640368,
            "is_employee": false,
            "last_modified_date": 1674518701,
            "last_access_date": 1678359350,
            "reputation_change_year": 204,
            "reputation_change_quarter": 204,
            "reputation_change_month": 10,
            "reputation_change_week": 0,
            "reputation_change_day": 0,
            "reputation": 14302,
            "creation_date": 1369299535,
            "user_type": "registered",
            "user_id": 2412846,
            "accept_rate": 69,
            "location": "Kiel, Germany",
            "website_url": "",
            "link": "https://stackoverflow.com/users/2412846/davidhigh",
            "profile_image": "https://i.stack.imgur.com/eBJip.gif?s=256&g=1",
            "display_name": "davidhigh"
        },
        {
            "badge_counts": {
                "bronze": 146,
                "silver": 91,
                "gold": 19
            },
            "account_id": 20478,
            "is_employee": false,
            "last_modified_date": 1674736200,
            "last_access_date": 1678237574,
            "reputation_change_year": 276,
            "reputation_change_quarter": 276,
            "reputation_change_month": 38,
            "reputation_change_week": 8,
            "reputation_change_day": 10,
            "reputation": 14301,
            "creation_date": 1230146973,
            "user_type": "registered",
            "user_id": 48956,
            "accept_rate": 67,
            "location": "Bay Area, CA, USA",
            "website_url": "https://www.linkedin.com/in/stureynolds/",
            "link": "https://stackoverflow.com/users/48956/user48956",
            "profile_image": "https://www.gravatar.com/avatar/06f001142c96af8fb111127e63d92579?s=256&d=identicon&r=PG",
            "display_name": "user48956"
        },
        {
            "badge_counts": {
                "bronze": 98,
                "silver": 58,
                "gold": 13
            },
            "account_id": 875490,
            "is_employee": false,
            "last_modified_date": 1673272667,
            "last_access_date": 1678378897,
            "reputation_change_year": 65,
            "reputation_change_quarter": 65,
            "reputation_change_month": 0,
            "reputation_change_week": 0,
            "reputation_change_day": 0,
            "reputation": 14301,
            "creation_date": 1314965382,
            "user_type": "registered",
            "user_id": 925222,
            "accept_rate": 63,
            "location": "London, United Kingdom",
            "website_url": "https://www.linkedin.com/in/kasun-vidyarathna-15988223",
            "link": "https://stackoverflow.com/users/925222/humpty-dumpty",
            "profile_image": "https://i.stack.imgur.com/B1ec7.jpg?s=256&g=1",
            "display_name": "huMpty duMpty"
        },
        {
            "badge_counts": {
                "bronze": 58,
                "silver": 48,
                "gold": 13
            },
            "account_id": 49501,
            "is_employee": false,
            "last_modified_date": 1661202605,
            "last_access_date": 1300408978,
            "reputation_change_year": 68,
            "reputation_change_quarter": 68,
            "reputation_change_month": 20,
            "reputation_change_week": 20,
            "reputation_change_day": 10,
            "reputation": 14300,
            "creation_date": 1248898221,
            "user_type": "registered",
            "user_id": 147386,
            "accept_rate": 94,
            "location": "Missouri",
            "website_url": "",
            "link": "https://stackoverflow.com/users/147386/nosrama",
            "profile_image": "https://www.gravatar.com/avatar/86741f92688af97ab2f7e5a293143fe9?s=256&d=identicon&r=PG",
            "display_name": "Nosrama"
        },
        {
            "badge_counts": {
                "bronze": 191,
                "silver": 110,
                "gold": 35
            },
            "account_id": 1337436,
            "is_employee": false,
            "last_modified_date": 1641036900,
            "last_access_date": 1585813827,
            "reputation_change_year": 140,
            "reputation_change_quarter": 140,
            "reputation_change_month": 60,
            "reputation_change_week": 30,
            "reputation_change_day": 10,
            "reputation": 14299,
            "creation_date": 1332204644,
            "user_type": "registered",
            "user_id": 1279820,
            "accept_rate": 59,
            "website_url": "",
            "link": "https://stackoverflow.com/users/1279820/celeritas",
            "profile_image": "https://i.stack.imgur.com/CJFmh.png?s=256&g=1",
            "display_name": "Celeritas"
        },
        {
            "badge_counts": {
                "bronze": 68,
                "silver": 50,
                "gold": 2
            },
            "account_id": 251111,
            "is_employee": false,
            "last_modified_date": 1668078301,
            "last_access_date": 1678357762,
            "reputation_change_year": 58,
            "reputation_change_quarter": 58,
            "reputation_change_month": 10,
            "reputation_change_week": 10,
            "reputation_change_day": 0,
            "reputation": 14298,
            "creation_date": 1291307322,
            "user_type": "registered",
            "user_id": 528262,
            "accept_rate": 100,
            "location": "Padua, Italy",
            "website_url": "https://stecb.github.io",
            "link": "https://stackoverflow.com/users/528262/stecb",
            "profile_image": "https://www.gravatar.com/avatar/5dc09e686ecb0161a227e407b0db0e58?s=256&d=identicon&r=PG",
            "display_name": "stecb"
        },
        {
            "badge_counts": {
                "bronze": 77,
                "silver": 64,
                "gold": 8
            },
            "account_id": 3895118,
            "is_employee": false,
            "last_modified_date": 1676316600,
            "last_access_date": 1678369823,
            "reputation_change_year": 260,
            "reputation_change_quarter": 260,
            "reputation_change_month": 20,
            "reputation_change_week": 20,
            "reputation_change_day": 0,
            "reputation": 14297,
            "creation_date": 1390407963,
            "user_type": "registered",
            "user_id": 4055033,
            "accept_rate": 36,
            "location": "Texas",
            "website_url": "",
            "link": "https://stackoverflow.com/users/4055033/post-impatica",
            "profile_image": "https://i.stack.imgur.com/dlZ8M.jpg?s=256&g=1",
            "display_name": "Post Impatica"
        },
        {
            "badge_counts": {
                "bronze": 104,
                "silver": 74,
                "gold": 20
            },
            "account_id": 351336,
            "is_employee": false,
            "last_modified_date": 1677627000,
            "last_access_date": 1678307638,
            "reputation_change_year": 320,
            "reputation_change_quarter": 320,
            "reputation_change_month": 30,
            "reputation_change_week": 10,
            "reputation_change_day": 0,
            "reputation": 14296,
            "creation_date": 1301667354,
            "user_type": "registered",
            "user_id": 687739,
            "accept_rate": 77,
            "location": "United States",
            "website_url": "http://jasonstrimpel.com",
            "link": "https://stackoverflow.com/users/687739/jason-strimpel",
            "profile_image": "https://i.stack.imgur.com/DBrVG.jpg?s=256&g=1",
            "display_name": "Jason Strimpel"
        },
        {
            "badge_counts": {
                "bronze": 95,
                "silver": 57,
                "gold": 5
            },
            "account_id": 557809,
            "is_employee": false,
            "last_modified_date": 1627412400,
            "last_access_date": 1678372677,
            "reputation_change_year": 80,
            "reputation_change_quarter": 80,
            "reputation_change_month": 10,
            "reputation_change_week": 10,
            "reputation_change_day": 10,
            "reputation": 14296,
            "creation_date": 1314732502,
            "user_type": "registered",
            "user_id": 920384,
            "accept_rate": 71,
            "location": "Germany",
            "website_url": "http://jkarger.de/now",
            "link": "https://stackoverflow.com/users/920384/punker76",
            "profile_image": "https://www.gravatar.com/avatar/1aea0f4dba1906e759377308c0df08f6?s=256&d=identicon&r=PG",
            "display_name": "punker76"
        },
        {
            "badge_counts": {
                "bronze": 31,
                "silver": 25,
                "gold": 4
            },
            "account_id": 300687,
            "is_employee": false,
            "last_modified_date": 1668809400,
            "last_access_date": 1676122969,
            "reputation_change_year": 50,
            "reputation_change_quarter": 50,
            "reputation_change_month": 10,
            "reputation_change_week": 10,
            "reputation_change_day": 10,
            "reputation": 14294,
            "creation_date": 1297161677,
            "user_type": "registered",
            "user_id": 607961,
            "accept_rate": 45,
            "location": "Israel",
            "website_url": "http://www.zakygerman.com",
            "link": "https://stackoverflow.com/users/607961/zaky-german",
            "profile_image": "https://www.gravatar.com/avatar/807596ff64ea130da3ad5a3a3c429c12?s=256&d=identicon&r=PG",
            "display_name": "Zaky German"
        },
        {
            "badge_counts": {
                "bronze": 74,
                "silver": 62,
                "gold": 13
            },
            "account_id": 118990,
            "is_employee": false,
            "last_modified_date": 1648848600,
            "last_access_date": 1678321405,
            "reputation_change_year": 278,
            "reputation_change_quarter": 278,
            "reputation_change_month": 40,
            "reputation_change_week": 20,
            "reputation_change_day": 0,
            "reputation": 14293,
            "creation_date": 1270587792,
            "user_type": "registered",
            "user_id": 310399,
            "accept_rate": 95,
            "location": "California",
            "website_url": "",
            "link": "https://stackoverflow.com/users/310399/js",
            "profile_image": "https://www.gravatar.com/avatar/d187650935da258c633a3a0742985891?s=256&d=identicon&r=PG",
            "display_name": "JS."
        },
        {
            "badge_counts": {
                "bronze": 81,
                "silver": 54,
                "gold": 8
            },
            "account_id": 15784,
            "is_employee": false,
            "last_modified_date": 1619701500,
            "last_access_date": 1678201176,
            "reputation_change_year": 2,
            "reputation_change_quarter": 2,
            "reputation_change_month": 0,
            "reputation_change_week": 0,
            "reputation_change_day": 0,
            "reputation": 14292,
            "creation_date": 1225738043,
            "user_type": "registered",
            "user_id": 33727,
            "accept_rate": 71,
            "location": "Florida",
            "website_url": "",
            "link": "https://stackoverflow.com/users/33727/wergeld",
            "profile_image": "https://www.gravatar.com/avatar/c6b26584fcc3f53c85d25865d4df48ca?s=256&d=identicon&r=PG",
            "display_name": "wergeld"
        },
        {
            "badge_counts": {
                "bronze": 46,
                "silver": 47,
                "gold": 9
            },
            "account_id": 23307,
            "is_employee": false,
            "last_modified_date": 1675688700,
            "last_access_date": 1678368976,
            "reputation_change_year": -1,
            "reputation_change_quarter": -1,
            "reputation_change_month": -1,
            "reputation_change_week": -1,
            "reputation_change_day": 0,
            "reputation": 14292,
            "creation_date": 1232717885,
            "user_type": "registered",
            "user_id": 58289,
            "accept_rate": 93,
            "location": "Timisoara, Romania",
            "link": "https://stackoverflow.com/users/58289/andi",
            "profile_image": "https://www.gravatar.com/avatar/2fbfe5938c2b81ee35a3ee25ca758bcb?s=256&d=identicon&r=PG",
            "display_name": "andi"
        },
        {
            "badge_counts": {
                "bronze": 191,
                "silver": 113,
                "gold": 26
            },
            "account_id": 31399,
            "is_employee": false,
            "last_modified_date": 1676291100,
            "last_access_date": 1678375897,
            "reputation_change_year": 95,
            "reputation_change_quarter": 95,
            "reputation_change_month": 50,
            "reputation_change_week": 10,
            "reputation_change_day": 0,
            "reputation": 14292,
            "creation_date": 1238678461,
            "user_type": "registered",
            "user_id": 86191,
            "accept_rate": 83,
            "location": "Cedar Falls, IA",
            "website_url": "",
            "link": "https://stackoverflow.com/users/86191/mike-cole",
            "profile_image": "https://i.stack.imgur.com/rpl5g.jpg?s=256&g=1",
            "display_name": "Mike Cole"
        },
        {
            "badge_counts": {
                "bronze": 239,
                "silver": 114,
                "gold": 25
            },
            "account_id": 76204,
            "is_employee": false,
            "last_modified_date": 1678376400,
            "last_access_date": 1678375498,
            "reputation_change_year": -1477,
            "reputation_change_quarter": -1477,
            "reputation_change_month": 38,
            "reputation_change_week": 28,
            "reputation_change_day": 18,
            "reputation": 14292,
            "creation_date": 1259129759,
            "user_type": "registered",
            "user_id": 218349,
            "accept_rate": 74,
            "location": "Chennai, India",
            "website_url": "http://frontend-developer.com",
            "link": "https://stackoverflow.com/users/218349/3gwebtrain",
            "profile_image": "https://www.gravatar.com/avatar/abb2f595ca653f4b91bbdc0329000a04?s=256&d=identicon&r=PG",
            "display_name": "3gwebtrain"
        },
        {
            "badge_counts": {
                "bronze": 263,
                "silver": 149,
                "gold": 52
            },
            "account_id": 122338,
            "is_employee": false,
            "last_modified_date": 1673281500,
            "last_access_date": 1678347060,
            "reputation_change_year": 112,
            "reputation_change_quarter": 112,
            "reputation_change_month": 20,
            "reputation_change_week": 20,
            "reputation_change_day": 0,
            "reputation": 14292,
            "creation_date": 1271211130,
            "user_type": "registered",
            "user_id": 316082,
            "accept_rate": 76,
            "location": "Chennai, India",
            "website_url": "http://www.google.com",
            "link": "https://stackoverflow.com/users/316082/liv2hak",
            "profile_image": "https://www.gravatar.com/avatar/a18baaf9417df189af31b53af03adb1c?s=256&d=identicon&r=PG",
            "display_name": "liv2hak"
        },
        {
            "badge_counts": {
                "bronze": 136,
                "silver": 95,
                "gold": 45
            },
            "account_id": 45071,
            "is_employee": false,
            "last_modified_date": 1672911000,
            "last_access_date": 1547679512,
            "reputation_change_year": 60,
            "reputation_change_quarter": 60,
            "reputation_change_month": 0,
            "reputation_change_week": 0,
            "reputation_change_day": 0,
            "reputation": 14290,
            "creation_date": 1246604030,
            "user_type": "registered",
            "user_id": 132640,
            "accept_rate": 97,
            "link": "https://stackoverflow.com/users/132640/ahmad-farid",
            "profile_image": "https://i.stack.imgur.com/L9BLb.jpg?s=256&g=1",
            "display_name": "Ahmad Farid"
        },
        {
            "badge_counts": {
                "bronze": 101,
                "silver": 53,
                "gold": 4
            },
            "account_id": 52609,
            "is_employee": false,
            "last_modified_date": 1670030100,
            "last_access_date": 1678369274,
            "reputation_change_year": 88,
            "reputation_change_quarter": 88,
            "reputation_change_month": 20,
            "reputation_change_week": 0,
            "reputation_change_day": 0,
            "reputation": 14290,
            "creation_date": 1250415653,
            "user_type": "registered",
            "user_id": 157224,
            "accept_rate": 54,
            "location": "Sweden",
            "website_url": "",
            "link": "https://stackoverflow.com/users/157224/adrianm",
            "profile_image": "https://www.gravatar.com/avatar/7f61eca1a13256e8d06ee786c28694aa?s=256&d=identicon&r=PG",
            "display_name": "adrianm"
        },
        {
            "badge_counts": {
                "bronze": 143,
                "silver": 95,
                "gold": 34
            },
            "account_id": 162315,
            "is_employee": false,
            "last_modified_date": 1668269700,
            "last_access_date": 1548755916,
            "reputation_change_year": 200,
            "reputation_change_quarter": 200,
            "reputation_change_month": 40,
            "reputation_change_week": 20,
            "reputation_change_day": 10,
            "reputation": 14290,
            "creation_date": 1278334155,
            "user_type": "registered",
            "user_id": 383691,
            "accept_rate": 96,
            "location": "England, United Kingdom",
            "link": "https://stackoverflow.com/users/383691/rsm",
            "profile_image": "https://www.gravatar.com/avatar/?s=256&d=identicon&r=PG&f=1",
            "display_name": "RSM"
        },
        {
            "badge_counts": {
                "bronze": 56,
                "silver": 37,
                "gold": 2
            },
            "account_id": 1251138,
            "is_employee": false,
            "last_modified_date": 1669652066,
            "last_access_date": 1675885281,
            "reputation_change_year": 30,
            "reputation_change_quarter": 30,
            "reputation_change_month": 0,
            "reputation_change_week": 0,
            "reputation_change_day": 0,
            "reputation": 14290,
            "creation_date": 1329315094,
            "user_type": "registered",
            "user_id": 1211524,
            "location": "Springfield, MO",
            "website_url": "",
            "link": "https://stackoverflow.com/users/1211524/chad-killingsworth",
            "profile_image": "https://www.gravatar.com/avatar/f31a02e08cce5cb8fb2f50656b1756be?s=256&d=identicon&r=PG",
            "display_name": "Chad Killingsworth"
        },
        {
            "badge_counts": {
                "bronze": 110,
                "silver": 50,
                "gold": 12
            },
            "account_id": 4010701,
            "is_employee": false,
            "last_modified_date": 1676826000,
            "last_access_date": 1677589875,
            "reputation_change_year": 220,
            "reputation_change_quarter": 220,
            "reputation_change_month": 32,
            "reputation_change_week": 4,
            "reputation_change_day": 0,
            "reputation": 14290,
            "creation_date": 1419735383,
            "user_type": "registered",
            "user_id": 4398966,
            "accept_rate": 64,
            "location": "Boston, MA",
            "website_url": "",
            "link": "https://stackoverflow.com/users/4398966/dcr",
            "profile_image": "https://i.stack.imgur.com/Md0LP.jpg?s=256&g=1",
            "display_name": "DCR"
        },
        {
            "badge_counts": {
                "bronze": 52,
                "silver": 53,
                "gold": 4
            },
            "account_id": 57437,
            "is_employee": false,
            "last_modified_date": 1630507017,
            "last_access_date": 1678370488,
            "reputation_change_year": 9,
            "reputation_change_quarter": 9,
            "reputation_change_month": 0,
            "reputation_change_week": 0,
            "reputation_change_day": 0,
            "reputation": 14289,
            "creation_date": 1252676238,
            "user_type": "registered",
            "user_id": 172074,
            "accept_rate": 89,
            "location": "Mons, Hainaut, Belgium",
            "website_url": "http://twitter.com/#!/guillaume86",
            "link": "https://stackoverflow.com/users/172074/guillaume86",
            "profile_image": "https://www.gravatar.com/avatar/12573b671317c06e2abb110f469d5218?s=256&d=identicon&r=PG",
            "display_name": "Guillaume86"
        },
        {
            "badge_counts": {
                "bronze": 56,
                "silver": 24,
                "gold": 4
            },
            "account_id": 2348025,
            "is_employee": false,
            "last_modified_date": 1676687100,
            "last_access_date": 1678373252,
            "reputation_change_year": 391,
            "reputation_change_quarter": 391,
            "reputation_change_month": 253,
            "reputation_change_week": 210,
            "reputation_change_day": 0,
            "reputation": 14289,
            "creation_date": 1360445462,
            "user_type": "registered",
            "user_id": 2057709,
            "location": "Sheffield, United Kingdom",
            "website_url": "https://facebook.com/VCone.co.uk/",
            "link": "https://stackoverflow.com/users/2057709/vc-one",
            "profile_image": "https://i.stack.imgur.com/0R41X.png?s=256&g=1",
            "display_name": "VC.One"
        },
        {
            "badge_counts": {
                "bronze": 73,
                "silver": 57,
                "gold": 5
            },
            "account_id": 9179,
            "is_employee": false,
            "last_modified_date": 1666380300,
            "last_access_date": 1467641191,
            "reputation_change_year": 80,
            "reputation_change_quarter": 80,
            "reputation_change_month": 0,
            "reputation_change_week": 0,
            "reputation_change_day": 0,
            "reputation": 14288,
            "creation_date": 1221687221,
            "user_type": "registered",
            "user_id": 16855,
            "accept_rate": 73,
            "location": "Canada",
            "website_url": "http://example.com",
            "link": "https://stackoverflow.com/users/16855/coppro",
            "profile_image": "https://i.stack.imgur.com/bmUH6.jpg?s=256&g=1",
            "display_name": "coppro"
        },
        {
            "badge_counts": {
                "bronze": 52,
                "silver": 55,
                "gold": 9
            },
            "account_id": 1033880,
            "is_employee": false,
            "last_modified_date": 1667315700,
            "last_access_date": 1676145191,
            "reputation_change_year": 0,
            "reputation_change_quarter": 0,
            "reputation_change_month": 0,
            "reputation_change_week": 0,
            "reputation_change_day": 0,
            "reputation": 14288,
            "creation_date": 1321013299,
            "user_type": "registered",
            "user_id": 1041663,
            "location": "California",
            "website_url": "",
            "link": "https://stackoverflow.com/users/1041663/yan-berk",
            "profile_image": "https://www.gravatar.com/avatar/a6239acea2d7e592b51118ce46632229?s=256&d=identicon&r=PG",
            "display_name": "Yan Berk"
        },
        {
            "badge_counts": {
                "bronze": 62,
                "silver": 46,
                "gold": 3
            },
            "account_id": 1935131,
            "is_employee": false,
            "last_modified_date": 1677537900,
            "last_access_date": 1677866814,
            "reputation_change_year": 124,
            "reputation_change_quarter": 124,
            "reputation_change_month": 0,
            "reputation_change_week": 0,
            "reputation_change_day": 0,
            "reputation": 14288,
            "creation_date": 1350141461,
            "user_type": "registered",
            "user_id": 1743580,
            "location": "Germany",
            "website_url": "",
            "link": "https://stackoverflow.com/users/1743580/miguno",
            "profile_image": "https://i.stack.imgur.com/VHtJ6.png?s=256&g=1",
            "display_name": "miguno"
        },
        {
            "badge_counts": {
                "bronze": 158,
                "silver": 86,
                "gold": 14
            },
            "account_id": 129181,
            "is_employee": false,
            "last_modified_date": 1674569107,
            "last_access_date": 1678378168,
            "reputation_change_year": 282,
            "reputation_change_quarter": 282,
            "reputation_change_month": 40,
            "reputation_change_week": 30,
            "reputation_change_day": 0,
            "reputation": 14286,
            "creation_date": 1272438702,
            "user_type": "registered",
            "user_id": 327572,
            "accept_rate": 62,
            "location": "CT, USA",
            "website_url": "",
            "link": "https://stackoverflow.com/users/327572/rob-n",
            "profile_image": "https://www.gravatar.com/avatar/712a5789242e282a8e6ee33a4474f491?s=256&d=identicon&r=PG&f=1",
            "display_name": "Rob N"
        },
        {
            "badge_counts": {
                "bronze": 76,
                "silver": 55,
                "gold": 18
            },
            "account_id": 225948,
            "is_employee": false,
            "last_modified_date": 1649953800,
            "last_access_date": 1678128871,
            "reputation_change_year": 100,
            "reputation_change_quarter": 100,
            "reputation_change_month": 10,
            "reputation_change_week": 10,
            "reputation_change_day": 0,
            "reputation": 14286,
            "creation_date": 1288027617,
            "user_type": "registered",
            "user_id": 486720,
            "accept_rate": 77,
            "location": "Atlanta, GA",
            "website_url": "",
            "link": "https://stackoverflow.com/users/486720/richard",
            "profile_image": "https://www.gravatar.com/avatar/09f96d82bd9ea08e29f01fe76ae52a7a?s=256&d=identicon&r=PG",
            "display_name": "Richard"
        },
        {
            "badge_counts": {
                "bronze": 143,
                "silver": 94,
                "gold": 31
            },
            "account_id": 954554,
            "is_employee": false,
            "last_modified_date": 1654912200,
            "last_access_date": 1669145079,
            "reputation_change_year": 250,
            "reputation_change_quarter": 250,
            "reputation_change_month": 30,
            "reputation_change_week": 10,
            "reputation_change_day": 0,
            "reputation": 14286,
            "creation_date": 1317807617,
            "user_type": "registered",
            "user_id": 1724926,
            "accept_rate": 62,
            "website_url": "",
            "link": "https://stackoverflow.com/users/1724926/eran",
            "profile_image": "https://www.gravatar.com/avatar/294b74ea89a0b38fc579eeb60499051a?s=256&d=identicon&r=PG",
            "display_name": "eran"
        },
        {
            "badge_counts": {
                "bronze": 58,
                "silver": 45,
                "gold": 11
            },
            "account_id": 258,
            "is_employee": false,
            "last_modified_date": 1669919100,
            "last_access_date": 1665681697,
            "reputation_change_year": 120,
            "reputation_change_quarter": 120,
            "reputation_change_month": 20,
            "reputation_change_week": 10,
            "reputation_change_day": 0,
            "reputation": 14285,
            "creation_date": 1217864835,
            "user_type": "registered",
            "user_id": 318,
            "accept_rate": 100,
            "location": "Elgin, IL",
            "website_url": "http://karlgrz.com/",
            "link": "https://stackoverflow.com/users/318/karlgrz",
            "profile_image": "https://www.gravatar.com/avatar/c89d7aaa0fd05ebbf6326e2da6c9552e?s=256&d=identicon&r=PG",
            "display_name": "karlgrz"
        },
        {
            "badge_counts": {
                "bronze": 148,
                "silver": 91,
                "gold": 22
            },
            "account_id": 1218251,
            "is_employee": false,
            "last_modified_date": 1667523303,
            "last_access_date": 1676810867,
            "reputation_change_year": 120,
            "reputation_change_quarter": 120,
            "reputation_change_month": 20,
            "reputation_change_week": 10,
            "reputation_change_day": 0,
            "reputation": 14285,
            "creation_date": 1328194770,
            "user_type": "registered",
            "user_id": 1185422,
            "accept_rate": 62,
            "website_url": "http://www.mahmed.net",
            "link": "https://stackoverflow.com/users/1185422/ahmed",
            "profile_image": "https://www.gravatar.com/avatar/d63ba4b616ada43ff66b68fbb4a98c65?s=256&d=identicon&r=PG",
            "display_name": "Ahmed"
        },
        {
            "badge_counts": {
                "bronze": 246,
                "silver": 127,
                "gold": 25
            },
            "account_id": 1304404,
            "is_employee": false,
            "last_modified_date": 1676684100,
            "last_access_date": 1678313869,
            "reputation_change_year": 232,
            "reputation_change_quarter": 232,
            "reputation_change_month": 40,
            "reputation_change_week": 20,
            "reputation_change_day": 0,
            "reputation": 14285,
            "creation_date": 1331087205,
            "user_type": "registered",
            "user_id": 1253667,
            "accept_rate": 60,
            "website_url": "",
            "link": "https://stackoverflow.com/users/1253667/vaaa",
            "profile_image": "https://i.stack.imgur.com/mgWcU.png?s=256&g=1",
            "display_name": "VAAA"
        },
        {
            "badge_counts": {
                "bronze": 103,
                "silver": 95,
                "gold": 12
            },
            "account_id": 4557914,
            "is_employee": false,
            "last_modified_date": 1678363500,
            "last_access_date": 1678370909,
            "reputation_change_year": 278,
            "reputation_change_quarter": 278,
            "reputation_change_month": 48,
            "reputation_change_week": 28,
            "reputation_change_day": 20,
            "reputation": 14284,
            "creation_date": 1401749507,
            "user_type": "registered",
            "user_id": 3701102,
            "accept_rate": 63,
            "location": "Culiac&#225;n, M&#233;xico",
            "website_url": "",
            "link": "https://stackoverflow.com/users/3701102/pableiros",
            "profile_image": "https://i.stack.imgur.com/b67Ex.jpg?s=256&g=1",
            "display_name": "pableiros"
        },
        {
            "badge_counts": {
                "bronze": 317,
                "silver": 202,
                "gold": 63
            },
            "account_id": 295230,
            "is_employee": false,
            "last_modified_date": 1662996002,
            "last_access_date": 1678354194,
            "reputation_change_year": 128,
            "reputation_change_quarter": 128,
            "reputation_change_month": 30,
            "reputation_change_week": 0,
            "reputation_change_day": 0,
            "reputation": 14283,
            "creation_date": 1296626761,
            "user_type": "registered",
            "user_id": 599528,
            "accept_rate": 95,
            "website_url": "",
            "link": "https://stackoverflow.com/users/599528/jacob",
            "profile_image": "https://i.stack.imgur.com/HeGwj.jpg?s=256&g=1",
            "display_name": "Jacob"
        },
        {
            "badge_counts": {
                "bronze": 29,
                "silver": 33,
                "gold": 3
            },
            "account_id": 24199,
            "is_employee": false,
            "last_modified_date": 1573688065,
            "last_access_date": 1677875225,
            "reputation_change_year": 60,
            "reputation_change_quarter": 60,
            "reputation_change_month": 0,
            "reputation_change_week": 0,
            "reputation_change_day": 0,
            "reputation": 14282,
            "creation_date": 1233560437,
            "user_type": "registered",
            "user_id": 61396,
            "location": "St. Louis, MO, United States",
            "website_url": "http://xcud.com",
            "link": "https://stackoverflow.com/users/61396/xcud",
            "profile_image": "https://www.gravatar.com/avatar/8f2c6918427f60dc1dc75f61e7302fb6?s=256&d=identicon&r=PG",
            "display_name": "xcud"
        },
        {
            "badge_counts": {
                "bronze": 39,
                "silver": 26,
                "gold": 6
            },
            "account_id": 41868,
            "is_employee": false,
            "last_modified_date": 1673279700,
            "last_access_date": 1678255367,
            "reputation_change_year": 210,
            "reputation_change_quarter": 210,
            "reputation_change_month": 60,
            "reputation_change_week": 40,
            "reputation_change_day": 0,
            "reputation": 14282,
            "creation_date": 1244791617,
            "user_type": "registered",
            "user_id": 121828,
            "accept_rate": 39,
            "location": "Tokyo",
            "website_url": "http://samutech.blogspot.com",
            "link": "https://stackoverflow.com/users/121828/sam",
            "profile_image": "https://www.gravatar.com/avatar/f357c6ead80f1f23ef621e7775810268?s=256&d=identicon&r=PG",
            "display_name": "Sam"
        },
        {
            "badge_counts": {
                "bronze": 73,
                "silver": 39,
                "gold": 4
            },
            "account_id": 377425,
            "is_employee": false,
            "last_modified_date": 1676294100,
            "last_access_date": 1678227218,
            "reputation_change_year": 100,
            "reputation_change_quarter": 100,
            "reputation_change_month": 0,
            "reputation_change_week": 0,
            "reputation_change_day": 0,
            "reputation": 14282,
            "creation_date": 1304001609,
            "user_type": "registered",
            "user_id": 729541,
            "accept_rate": 96,
            "location": "Chelmsford, United Kingdom",
            "website_url": "http://stackoverflow.com/users/729541/john-h",
            "link": "https://stackoverflow.com/users/729541/john-h",
            "profile_image": "https://www.gravatar.com/avatar/9c8f35ef59003de814a4bca351071045?s=256&d=identicon&r=PG",
            "display_name": "John H"
        },
        {
            "badge_counts": {
                "bronze": 40,
                "silver": 32,
                "gold": 5
            },
            "account_id": 84237,
            "is_employee": false,
            "last_modified_date": 1648479900,
            "last_access_date": 1678013188,
            "reputation_change_year": 168,
            "reputation_change_quarter": 168,
            "reputation_change_month": 30,
            "reputation_change_week": 20,
            "reputation_change_day": 0,
            "reputation": 14281,
            "creation_date": 1261339717,
            "user_type": "registered",
            "user_id": 235617,
            "accept_rate": 75,
            "website_url": "",
            "link": "https://stackoverflow.com/users/235617/tillsten",
            "profile_image": "https://www.gravatar.com/avatar/468f182e9d98bb9d3545dd87faf5d8c2?s=256&d=identicon&r=PG",
            "display_name": "tillsten"
        },
        {
            "badge_counts": {
                "bronze": 68,
                "silver": 50,
                "gold": 6
            },
            "account_id": 156150,
            "is_employee": false,
            "last_modified_date": 1607615244,
            "last_access_date": 1675451456,
            "reputation_change_year": 50,
            "reputation_change_quarter": 50,
            "reputation_change_month": 0,
            "reputation_change_week": 0,
            "reputation_change_day": 0,
            "reputation": 14279,
            "creation_date": 1277215942,
            "user_type": "registered",
            "user_id": 373262,
            "accept_rate": 45,
            "link": "https://stackoverflow.com/users/373262/jpsim",
            "profile_image": "https://www.gravatar.com/avatar/3a0ae72b2f6bdc4476f1fcb63396e717?s=256&d=identicon&r=PG",
            "display_name": "jpsim"
        },
        {
            "badge_counts": {
                "bronze": 32,
                "silver": 35,
                "gold": 5
            },
            "account_id": 1985453,
            "is_employee": false,
            "last_modified_date": 1667315700,
            "last_access_date": 1624301384,
            "reputation_change_year": 78,
            "reputation_change_quarter": 78,
            "reputation_change_month": 0,
            "reputation_change_week": 0,
            "reputation_change_day": 0,
            "reputation": 14279,
            "creation_date": 1351431354,
            "user_type": "registered",
            "user_id": 1780819,
            "accept_rate": 80,
            "location": "Palo Alto, CA, United States",
            "website_url": "http://www.tapdog.co",
            "link": "https://stackoverflow.com/users/1780819/dmtintner",
            "profile_image": "https://i.stack.imgur.com/2DZo7.jpg?s=256&g=1",
            "display_name": "DMTintner"
        },
        {
            "badge_counts": {
                "bronze": 130,
                "silver": 87,
                "gold": 18
            },
            "account_id": 22563,
            "is_employee": false,
            "last_modified_date": 1644879900,
            "last_access_date": 1678352986,
            "reputation_change_year": 70,
            "reputation_change_quarter": 70,
            "reputation_change_month": 10,
            "reputation_change_week": 10,
            "reputation_change_day": 0,
            "reputation": 14277,
            "creation_date": 1232100104,
            "user_type": "registered",
            "user_id": 55787,
            "accept_rate": 78,
            "link": "https://stackoverflow.com/users/55787/chiccodoro",
            "profile_image": "https://www.gravatar.com/avatar/5bda6fbfe012c78d7b16fce7d9a4d377?s=256&d=identicon&r=PG",
            "display_name": "chiccodoro"
        },
        {
            "badge_counts": {
                "bronze": 28,
                "silver": 36,
                "gold": 9
            },
            "account_id": 165748,
            "is_employee": false,
            "last_modified_date": 1607615237,
            "last_access_date": 1501909675,
            "reputation_change_year": 90,
            "reputation_change_quarter": 90,
            "reputation_change_month": 30,
            "reputation_change_week": 0,
            "reputation_change_day": 0,
            "reputation": 14276,
            "creation_date": 1278934807,
            "user_type": "registered",
            "user_id": 389442,
            "location": "San Francisco, CA",
            "website_url": "http://www.adrian-lienhard.ch",
            "link": "https://stackoverflow.com/users/389442/alienhard",
            "profile_image": "https://www.gravatar.com/avatar/2e1bb1d4193d307850470df686173648?s=256&d=identicon&r=PG",
            "display_name": "alienhard"
        },
        {
            "badge_counts": {
                "bronze": 40,
                "silver": 25,
                "gold": 2
            },
            "account_id": 1501420,
            "is_employee": false,
            "last_modified_date": 1673281200,
            "last_access_date": 1678341481,
            "reputation_change_year": 58,
            "reputation_change_quarter": 58,
            "reputation_change_month": -2,
            "reputation_change_week": -2,
            "reputation_change_day": 0,
            "reputation": 14276,
            "creation_date": 1337494603,
            "user_type": "registered",
            "user_id": 1405921,
            "accept_rate": 57,
            "location": "Pakistan",
            "website_url": "http://begginerschoice.blogspot.com",
            "link": "https://stackoverflow.com/users/1405921/mairaj-ahmad",
            "profile_image": "https://i.stack.imgur.com/9PkFQ.jpg?s=256&g=1",
            "display_name": "Mairaj Ahmad"
        },
        {
            "badge_counts": {
                "bronze": 64,
                "silver": 48,
                "gold": 4
            },
            "account_id": 85975,
            "is_employee": false,
            "last_modified_date": 1667140232,
            "last_access_date": 1678217334,
            "reputation_change_year": 10,
            "reputation_change_quarter": 10,
            "reputation_change_month": 0,
            "reputation_change_week": 0,
            "reputation_change_day": 0,
            "reputation": 14275,
            "creation_date": 1261974250,
            "user_type": "registered",
            "user_id": 239394,
            "accept_rate": 64,
            "location": "Hastings, MN",
            "website_url": "https://brobston.com/",
            "link": "https://stackoverflow.com/users/239394/andrew",
            "profile_image": "https://www.gravatar.com/avatar/df6824013714d2e2a4faae8bbb28fbac?s=256&d=identicon&r=PG",
            "display_name": "Andrew"
        },
        {
            "badge_counts": {
                "bronze": 30,
                "silver": 14,
                "gold": 2
            },
            "account_id": 10409631,
            "is_employee": false,
            "last_modified_date": 1675421400,
            "last_access_date": 1649042845,
            "reputation_change_year": 55,
            "reputation_change_quarter": 55,
            "reputation_change_month": 20,
            "reputation_change_week": 20,
            "reputation_change_day": 0,
            "reputation": 14275,
            "creation_date": 1488934328,
            "user_type": "registered",
            "user_id": 7675437,
            "accept_rate": 67,
            "link": "https://stackoverflow.com/users/7675437/variatus",
            "profile_image": "https://www.gravatar.com/avatar/0f05857cc0c275e98e0a460a454b5dfc?s=256&d=identicon&r=PG&f=1",
            "display_name": "Variatus"
        },
        {
            "badge_counts": {
                "bronze": 36,
                "silver": 41,
                "gold": 6
            },
            "account_id": 24841,
            "is_employee": false,
            "last_modified_date": 1663888200,
            "last_access_date": 1463532731,
            "reputation_change_year": 120,
            "reputation_change_quarter": 120,
            "reputation_change_month": 20,
            "reputation_change_week": 10,
            "reputation_change_day": 0,
            "reputation": 14274,
            "creation_date": 1233942001,
            "user_type": "registered",
            "user_id": 63428,
            "location": "United States",
            "website_url": "http://www.rondevera.com",
            "link": "https://stackoverflow.com/users/63428/ron-devera",
            "profile_image": "https://www.gravatar.com/avatar/7c054d483db782880ae4bd6a757189b4?s=256&d=identicon&r=PG",
            "display_name": "Ron DeVera"
        },
        {
            "badge_counts": {
                "bronze": 95,
                "silver": 57,
                "gold": 16
            },
            "account_id": 227021,
            "is_employee": false,
            "last_modified_date": 1673647200,
            "last_access_date": 1678272929,
            "reputation_change_year": -25,
            "reputation_change_quarter": -25,
            "reputation_change_month": 0,
            "reputation_change_week": 0,
            "reputation_change_day": 0,
            "reputation": 14273,
            "creation_date": 1288162435,
            "user_type": "registered",
            "user_id": 488433,
            "accept_rate": 94,
            "location": "Chennai, Tamil Nadu, India",
            "website_url": "",
            "link": "https://stackoverflow.com/users/488433/bharath",
            "profile_image": "https://www.gravatar.com/avatar/1c39f3643f2ad2ab87508a7a48060943?s=256&d=identicon&r=PG",
            "display_name": "bharath"
        },
        {
            "badge_counts": {
                "bronze": 91,
                "silver": 36,
                "gold": 1
            },
            "account_id": 1424347,
            "is_employee": false,
            "last_modified_date": 1673280000,
            "last_access_date": 1678372001,
            "reputation_change_year": 60,
            "reputation_change_quarter": 60,
            "reputation_change_month": 0,
            "reputation_change_week": 0,
            "reputation_change_day": 0,
            "reputation": 14273,
            "creation_date": 1335010812,
            "user_type": "registered",
            "user_id": 1348273,
            "accept_rate": 83,
            "location": "Shanghai, China",
            "website_url": "http://www.linkedin.com/in/lingxi-li-288642125",
            "link": "https://stackoverflow.com/users/1348273/lingxi",
            "profile_image": "https://i.stack.imgur.com/IYjFG.jpg?s=256&g=1",
            "display_name": "Lingxi"
        },
        {
            "badge_counts": {
                "bronze": 41,
                "silver": 43,
                "gold": 4
            },
            "account_id": 2396128,
            "is_employee": false,
            "last_modified_date": 1651152000,
            "last_access_date": 1678358298,
            "reputation_change_year": 10,
            "reputation_change_quarter": 10,
            "reputation_change_month": 0,
            "reputation_change_week": 0,
            "reputation_change_day": 0,
            "reputation": 14273,
            "creation_date": 1361440071,
            "user_type": "registered",
            "user_id": 2094884,
            "location": "Paris, France",
            "website_url": "http://ph0b.com",
            "link": "https://stackoverflow.com/users/2094884/ph0b",
            "profile_image": "https://i.stack.imgur.com/cQnyd.png?s=256&g=1",
            "display_name": "ph0b"
        },
        {
            "badge_counts": {
                "bronze": 65,
                "silver": 50,
                "gold": 5
            },
            "account_id": 107729,
            "is_employee": false,
            "last_modified_date": 1654847299,
            "last_access_date": 1678327431,
            "reputation_change_year": 90,
            "reputation_change_quarter": 90,
            "reputation_change_month": 0,
            "reputation_change_week": 0,
            "reputation_change_day": 0,
            "reputation": 14272,
            "creation_date": 1267711298,
            "user_type": "registered",
            "user_id": 286304,
            "accept_rate": 64,
            "location": "Ancona, Italy",
            "website_url": "",
            "link": "https://stackoverflow.com/users/286304/michelem",
            "profile_image": "https://www.gravatar.com/avatar/44e9a984f57097a16bb4d7bf38c18140?s=256&d=identicon&r=PG",
            "display_name": "michelem"
        },
        {
            "badge_counts": {
                "bronze": 44,
                "silver": 38,
                "gold": 8
            },
            "account_id": 1774943,
            "is_employee": false,
            "last_modified_date": 1673697600,
            "last_access_date": 1645730434,
            "reputation_change_year": 50,
            "reputation_change_quarter": 50,
            "reputation_change_month": 20,
            "reputation_change_week": 10,
            "reputation_change_day": 0,
            "reputation": 14272,
            "creation_date": 1345704266,
            "user_type": "registered",
            "user_id": 1618885,
            "accept_rate": 93,
            "location": "San Francisco, CA, United States",
            "website_url": "http://www.facebook.com/eldhose.mbabu.9",
            "link": "https://stackoverflow.com/users/1618885/eldhose-m-babu",
            "profile_image": "https://www.gravatar.com/avatar/35fdec24c7618278e30196cc89e65e6a?s=256&d=identicon&r=PG",
            "display_name": "Eldhose M Babu"
        }
    ],
    "has_more": true,
    "quota_max": 10000,
    "quota_remaining": 7835
}