{
    "items": [
        {
            "badge_counts": {
                "bronze": 17,
                "silver": 14,
                "gold": 2
            },
            "account_id": 136630,
            "is_employee": false,
            "last_modified_date": 1657211701,
            "last_access_date": 1678376107,
            "reputation_change_year": 170,
            "reputation_change_quarter": 170,
            "reputation_change_month": 30,
            "reputation_change_week": 10,
            "reputation_change_day": 0,
            "reputation": 8303,
            "creation_date": 1273754413,
            "user_type": "registered",
            "user_id": 340256,
            "location": "Israel",
            "link": "https://stackoverflow.com/users/340256/roman-m",
            "profile_image": "https://www.gravatar.com/avatar/75cbcd6d683ecf4a58d0811feffee68a?s=256&d=identicon&r=PG",
            "display_name": "Roman M"
        },
        {
            "badge_counts": {
                "bronze": 36,
                "silver": 30,
                "gold": 2
            },
            "account_id": 162712,
            "is_employee": false,
            "last_modified_date": 1657999800,
            "last_access_date": 1678356261,
            "reputation_change_year": 30,
            "reputation_change_quarter": 30,
            "reputation_change_month": 10,
            "reputation_change_week": 0,
            "reputation_change_day": 0,
            "reputation": 8303,
            "creation_date": 1278407631,
            "user_type": "registered",
            "user_id": 384349,
            "location": "Denver, CO, USA",
            "website_url": "http://petrbela.com",
            "link": "https://stackoverflow.com/users/384349/petr-bela",
            "profile_image": "https://www.gravatar.com/avatar/d1d8b6e6a25f6fa7bc5f89bc33aa3422?s=256&d=identicon&r=PG",
            "display_name": "Petr Bela"
        },
        {
            "badge_counts": {
                "bronze": 42,
                "silver": 29,
                "gold": 2
            },
            "account_id": 1401537,
            "is_employee": false,
            "last_modified_date": 1670841000,
            "last_access_date": 1525723751,
            "reputation_change_year": 30,
            "reputation_change_quarter": 30,
            "reputation_change_month": 0,
            "reputation_change_week": 0,
            "reputation_change_day": 0,
            "reputation": 8303,
            "creation_date": 1351645498,
            "user_type": "registered",
            "user_id": 1787206,
            "accept_rate": 80,
            "location": "Portland, OR",
            "website_url": "https://www.comic-rocket.com/",
            "link": "https://stackoverflow.com/users/1787206/jamey-sharp",
            "profile_image": "https://www.gravatar.com/avatar/f514e16f2628e9679b81e3a7639e5df4?s=256&d=identicon&r=PG",
            "display_name": "Jamey Sharp"
        },
        {
            "badge_counts": {
                "bronze": 113,
                "silver": 55,
                "gold": 13
            },
            "account_id": 3592325,
            "is_employee": false,
            "last_modified_date": 1677417900,
            "last_access_date": 1678375979,
            "reputation_change_year": 218,
            "reputation_change_quarter": 218,
            "reputation_change_month": 56,
            "reputation_change_week": 20,
            "reputation_change_day": 0,
            "reputation": 8303,
            "creation_date": 1384554487,
            "user_type": "registered",
            "user_id": 2998077,
            "accept_rate": 95,
            "website_url": "",
            "link": "https://stackoverflow.com/users/2998077/mark-k",
            "profile_image": "https://i.stack.imgur.com/F7irZ.png?s=256&g=1",
            "display_name": "Mark K"
        },
        {
            "badge_counts": {
                "bronze": 61,
                "silver": 49,
                "gold": 2
            },
            "account_id": 35746,
            "is_employee": false,
            "last_modified_date": 1607615439,
            "last_access_date": 1678373505,
            "reputation_change_year": 50,
            "reputation_change_quarter": 50,
            "reputation_change_month": 10,
            "reputation_change_week": 0,
            "reputation_change_day": 0,
            "reputation": 8302,
            "creation_date": 1241508692,
            "user_type": "registered",
            "user_id": 101371,
            "accept_rate": 73,
            "location": "Ghent, Belgium",
            "website_url": "http://fretje.be",
            "link": "https://stackoverflow.com/users/101371/fretje",
            "profile_image": "https://www.gravatar.com/avatar/e94f79634796b3c191f77474db93a39e?s=256&d=identicon&r=PG",
            "display_name": "fretje"
        },
        {
            "badge_counts": {
                "bronze": 73,
                "silver": 45,
                "gold": 14
            },
            "account_id": 339900,
            "is_employee": false,
            "last_modified_date": 1664591700,
            "last_access_date": 1676911435,
            "reputation_change_year": 30,
            "reputation_change_quarter": 30,
            "reputation_change_month": 10,
            "reputation_change_week": 0,
            "reputation_change_day": 0,
            "reputation": 8302,
            "creation_date": 1300720126,
            "user_type": "registered",
            "user_id": 669645,
            "accept_rate": 91,
            "location": "Guildford, United Kingdom",
            "website_url": "",
            "link": "https://stackoverflow.com/users/669645/edd",
            "profile_image": "https://www.gravatar.com/avatar/a86c27209009c7b8d2646366cf6813ee?s=256&d=identicon&r=PG",
            "display_name": "Edd"
        },
        {
            "badge_counts": {
                "bronze": 89,
                "silver": 59,
                "gold": 15
            },
            "account_id": 447789,
            "is_employee": false,
            "last_modified_date": 1632510600,
            "last_access_date": 1466183907,
            "reputation_change_year": 100,
            "reputation_change_quarter": 100,
            "reputation_change_month": 10,
            "reputation_change_week": 10,
            "reputation_change_day": 0,
            "reputation": 8302,
            "creation_date": 1310507325,
            "user_type": "registered",
            "user_id": 841626,
            "accept_rate": 99,
            "website_url": "",
            "link": "https://stackoverflow.com/users/841626/pillaroflight",
            "profile_image": "https://www.gravatar.com/avatar/3c9e3621ce29f79624cec25a2b231aba?s=256&d=identicon&r=PG",
            "display_name": "pillarOfLight"
        },
        {
            "badge_counts": {
                "bronze": 53,
                "silver": 35,
                "gold": 2
            },
            "account_id": 1064869,
            "is_employee": false,
            "last_modified_date": 1667384123,
            "last_access_date": 1678372660,
            "reputation_change_year": 60,
            "reputation_change_quarter": 60,
            "reputation_change_month": 0,
            "reputation_change_week": 0,
            "reputation_change_day": 0,
            "reputation": 8302,
            "creation_date": 1322227571,
            "user_type": "registered",
            "user_id": 1065703,
            "accept_rate": 50,
            "location": "Germany",
            "website_url": "http://edv-beratung-meier.de",
            "link": "https://stackoverflow.com/users/1065703/martin-m",
            "profile_image": "https://i.stack.imgur.com/ns2vD.jpg?s=256&g=1",
            "display_name": "Martin M"
        },
        {
            "badge_counts": {
                "bronze": 76,
                "silver": 65,
                "gold": 24
            },
            "account_id": 39865,
            "is_employee": false,
            "last_modified_date": 1640217901,
            "last_access_date": 1678266326,
            "reputation_change_year": 60,
            "reputation_change_quarter": 60,
            "reputation_change_month": 10,
            "reputation_change_week": 0,
            "reputation_change_day": 0,
            "reputation": 8301,
            "creation_date": 1243800687,
            "user_type": "registered",
            "user_id": 115201,
            "accept_rate": 94,
            "location": "Bonn",
            "website_url": "http://atanas-alexandrov.de/",
            "link": "https://stackoverflow.com/users/115201/cupakob",
            "profile_image": "https://www.gravatar.com/avatar/db3538aab7917bc8a3c79957bb9b94e4?s=256&d=identicon&r=PG",
            "display_name": "cupakob"
        },
        {
            "badge_counts": {
                "bronze": 28,
                "silver": 32,
                "gold": 8
            },
            "account_id": 27644,
            "is_employee": false,
            "last_modified_date": 1678205400,
            "last_access_date": 1534300050,
            "reputation_change_year": 20,
            "reputation_change_quarter": 20,
            "reputation_change_month": -10,
            "reputation_change_week": -10,
            "reputation_change_day": 0,
            "reputation": 8300,
            "creation_date": 1236073378,
            "user_type": "registered",
            "user_id": 73148,
            "accept_rate": 80,
            "location": "Singapore, Singapore",
            "website_url": "http://www.google.com/profiles/mr.rahulgarg",
            "link": "https://stackoverflow.com/users/73148/rahul-garg",
            "profile_image": "https://www.gravatar.com/avatar/a422796b41dd348def68fbd6b8edb5c4?s=256&d=identicon&r=PG",
            "display_name": "Rahul Garg"
        },
        {
            "badge_counts": {
                "bronze": 36,
                "silver": 36,
                "gold": 7
            },
            "account_id": 70089,
            "is_employee": false,
            "last_modified_date": 1624738200,
            "last_access_date": 1634059409,
            "reputation_change_year": 230,
            "reputation_change_quarter": 230,
            "reputation_change_month": 30,
            "reputation_change_week": 30,
            "reputation_change_day": 0,
            "reputation": 8300,
            "creation_date": 1257436344,
            "user_type": "registered",
            "user_id": 203604,
            "accept_rate": 58,
            "website_url": "http://www.webwebwebsite.com",
            "link": "https://stackoverflow.com/users/203604/jleonard",
            "profile_image": "https://www.gravatar.com/avatar/4299580f9b92dc9e312a407d524d5f87?s=256&d=identicon&r=PG",
            "display_name": "JLeonard"
        },
        {
            "badge_counts": {
                "bronze": 90,
                "silver": 42,
                "gold": 1
            },
            "account_id": 74916,
            "is_employee": false,
            "last_modified_date": 1677012000,
            "last_access_date": 1678353091,
            "reputation_change_year": 12,
            "reputation_change_quarter": 12,
            "reputation_change_month": 10,
            "reputation_change_week": 0,
            "reputation_change_day": 0,
            "reputation": 8300,
            "creation_date": 1235243494,
            "user_type": "registered",
            "user_id": 215042,
            "accept_rate": 83,
            "location": "Netherlands",
            "website_url": "https://robiii.me",
            "link": "https://stackoverflow.com/users/215042/robiii",
            "profile_image": "https://www.gravatar.com/avatar/9814828bd8d94a47c12461f364baaa82?s=256&d=identicon&r=PG",
            "display_name": "RobIII"
        },
        {
            "badge_counts": {
                "bronze": 73,
                "silver": 48,
                "gold": 10
            },
            "account_id": 293433,
            "is_employee": false,
            "last_modified_date": 1614765042,
            "last_access_date": 1678129303,
            "reputation_change_year": 130,
            "reputation_change_quarter": 130,
            "reputation_change_month": 50,
            "reputation_change_week": 10,
            "reputation_change_day": 0,
            "reputation": 8300,
            "creation_date": 1265008270,
            "user_type": "registered",
            "user_id": 596720,
            "accept_rate": 78,
            "location": "Boston, MA",
            "website_url": "https://github.com/menacher",
            "link": "https://stackoverflow.com/users/596720/abe",
            "profile_image": "https://www.gravatar.com/avatar/6ef3d171cc54ecb49b9962872d5a36a8?s=256&d=identicon&r=PG",
            "display_name": "Abe"
        },
        {
            "badge_counts": {
                "bronze": 107,
                "silver": 62,
                "gold": 12
            },
            "account_id": 326196,
            "is_employee": false,
            "last_modified_date": 1673280600,
            "last_access_date": 1678379550,
            "reputation_change_year": 138,
            "reputation_change_quarter": 138,
            "reputation_change_month": 20,
            "reputation_change_week": 10,
            "reputation_change_day": 0,
            "reputation": 8300,
            "creation_date": 1299488370,
            "user_type": "registered",
            "user_id": 647845,
            "accept_rate": 59,
            "location": "Amsterdam, Netherlands",
            "website_url": "http://poules.com",
            "link": "https://stackoverflow.com/users/647845/dirk-boer",
            "profile_image": "https://i.stack.imgur.com/esT32.jpg?s=256&g=1",
            "display_name": "Dirk Boer"
        },
        {
            "badge_counts": {
                "bronze": 80,
                "silver": 62,
                "gold": 6
            },
            "account_id": 887920,
            "is_employee": false,
            "last_modified_date": 1657949700,
            "last_access_date": 1677881474,
            "reputation_change_year": 28,
            "reputation_change_quarter": 28,
            "reputation_change_month": 0,
            "reputation_change_week": 0,
            "reputation_change_day": 0,
            "reputation": 8300,
            "creation_date": 1315074830,
            "user_type": "registered",
            "user_id": 926899,
            "accept_rate": 58,
            "location": "Lausanne, Switzerland",
            "website_url": "",
            "link": "https://stackoverflow.com/users/926899/nicolas-manzini",
            "profile_image": "https://i.stack.imgur.com/paNWr.jpg?s=256&g=1",
            "display_name": "Nicolas Manzini"
        },
        {
            "badge_counts": {
                "bronze": 133,
                "silver": 92,
                "gold": 28
            },
            "account_id": 947165,
            "is_employee": false,
            "last_modified_date": 1649954100,
            "last_access_date": 1503297316,
            "reputation_change_year": 70,
            "reputation_change_quarter": 70,
            "reputation_change_month": 10,
            "reputation_change_week": 10,
            "reputation_change_day": 0,
            "reputation": 8300,
            "creation_date": 1317447176,
            "user_type": "registered",
            "user_id": 974169,
            "accept_rate": 57,
            "website_url": "",
            "link": "https://stackoverflow.com/users/974169/jasper",
            "profile_image": "https://www.gravatar.com/avatar/3badde9c84c2323c733bceabbb2b3cae?s=256&d=identicon&r=PG",
            "display_name": "Jasper"
        },
        {
            "badge_counts": {
                "bronze": 43,
                "silver": 27,
                "gold": 1
            },
            "account_id": 1573122,
            "is_employee": false,
            "last_modified_date": 1678115101,
            "last_access_date": 1678365086,
            "reputation_change_year": 0,
            "reputation_change_quarter": 0,
            "reputation_change_month": 0,
            "reputation_change_week": -10,
            "reputation_change_day": 0,
            "reputation": 8300,
            "creation_date": 1339834900,
            "user_type": "registered",
            "user_id": 1460352,
            "accept_rate": 76,
            "location": "Brussels",
            "website_url": "https://twitter.com/nassimhddd",
            "link": "https://stackoverflow.com/users/1460352/nassimhddd",
            "profile_image": "https://www.gravatar.com/avatar/d95a1f39b50e6554948f926eefbe5a88?s=256&d=identicon&r=PG",
            "display_name": "nassimhddd"
        },
        {
            "badge_counts": {
                "bronze": 43,
                "silver": 34,
                "gold": 3
            },
            "account_id": 2634278,
            "is_employee": false,
            "last_modified_date": 1675240800,
            "last_access_date": 1678364478,
            "reputation_change_year": 180,
            "reputation_change_quarter": 180,
            "reputation_change_month": 10,
            "reputation_change_week": 10,
            "reputation_change_day": 0,
            "reputation": 8300,
            "creation_date": 1365936780,
            "user_type": "registered",
            "user_id": 2279422,
            "location": "Islamabad, Pakistan",
            "website_url": "https://www.linkedin.com/in/waqar-ahmed-395a8070/",
            "link": "https://stackoverflow.com/users/2279422/waqar",
            "profile_image": "https://i.stack.imgur.com/eRTZC.jpg?s=256&g=1",
            "display_name": "Waqar"
        },
        {
            "badge_counts": {
                "bronze": 33,
                "silver": 30,
                "gold": 5
            },
            "account_id": 3603330,
            "is_employee": false,
            "last_modified_date": 1642568700,
            "last_access_date": 1582319550,
            "reputation_change_year": 200,
            "reputation_change_quarter": 200,
            "reputation_change_month": 20,
            "reputation_change_week": 10,
            "reputation_change_day": 0,
            "reputation": 8300,
            "creation_date": 1384804847,
            "user_type": "registered",
            "user_id": 3006145,
            "accept_rate": 80,
            "location": "Bellevue, WA, United States",
            "website_url": "http://mingdom.me",
            "link": "https://stackoverflow.com/users/3006145/d3ming",
            "profile_image": "https://www.gravatar.com/avatar/5289aebec37f960c286b4d0fa20b9b83?s=256&d=identicon&r=PG",
            "display_name": "d3ming"
        },
        {
            "badge_counts": {
                "bronze": 60,
                "silver": 41,
                "gold": 2
            },
            "account_id": 5897986,
            "is_employee": false,
            "last_modified_date": 1669527600,
            "last_access_date": 1654568735,
            "reputation_change_year": 70,
            "reputation_change_quarter": 70,
            "reputation_change_month": 20,
            "reputation_change_week": 10,
            "reputation_change_day": 0,
            "reputation": 8300,
            "creation_date": 1425674900,
            "user_type": "registered",
            "user_id": 4642530,
            "accept_rate": 40,
            "website_url": "http://garrettmac.io",
            "link": "https://stackoverflow.com/users/4642530/garrettmac",
            "profile_image": "https://i.stack.imgur.com/8mVz6.jpg?s=256&g=1",
            "display_name": "garrettmac"
        },
        {
            "badge_counts": {
                "bronze": 34,
                "silver": 35,
                "gold": 2
            },
            "account_id": 493,
            "is_employee": false,
            "last_modified_date": 1674165900,
            "last_access_date": 1678216403,
            "reputation_change_year": 22,
            "reputation_change_quarter": 22,
            "reputation_change_month": 0,
            "reputation_change_week": 0,
            "reputation_change_day": 0,
            "reputation": 8299,
            "creation_date": 1218111366,
            "user_type": "registered",
            "user_id": 635,
            "accept_rate": 100,
            "link": "https://stackoverflow.com/users/635/rupello",
            "profile_image": "https://www.gravatar.com/avatar/e6960b64f35f542078ce040f9851a090?s=256&d=identicon&r=PG",
            "display_name": "rupello"
        },
        {
            "badge_counts": {
                "bronze": 20,
                "silver": 19,
                "gold": 3
            },
            "account_id": 214559,
            "is_employee": false,
            "last_modified_date": 1654488600,
            "last_access_date": 1652074672,
            "reputation_change_year": 70,
            "reputation_change_quarter": 70,
            "reputation_change_month": 10,
            "reputation_change_week": 10,
            "reputation_change_day": 0,
            "reputation": 8299,
            "creation_date": 1286412356,
            "user_type": "registered",
            "user_id": 468604,
            "location": "Seattle",
            "website_url": "",
            "link": "https://stackoverflow.com/users/468604/saveenr",
            "profile_image": "https://www.gravatar.com/avatar/da090f8d6e0a531cf983314f61a6ae0a?s=256&d=identicon&r=PG",
            "display_name": "saveenr"
        },
        {
            "badge_counts": {
                "bronze": 67,
                "silver": 42,
                "gold": 12
            },
            "account_id": 1055612,
            "is_employee": false,
            "last_modified_date": 1677506376,
            "last_access_date": 1678342188,
            "reputation_change_year": 62,
            "reputation_change_quarter": 62,
            "reputation_change_month": 20,
            "reputation_change_week": 20,
            "reputation_change_day": 0,
            "reputation": 8299,
            "creation_date": 1321901401,
            "user_type": "registered",
            "user_id": 1058406,
            "accept_rate": 55,
            "location": "Edmonton, Canada",
            "website_url": "https://www.linkedin.com/in/irfandanish",
            "link": "https://stackoverflow.com/users/1058406/irfan-danish",
            "profile_image": "https://www.gravatar.com/avatar/03646b5d15e5136fa6928eb8d7434994?s=256&d=identicon&r=PG",
            "display_name": "Irfan DANISH"
        },
        {
            "badge_counts": {
                "bronze": 30,
                "silver": 27,
                "gold": 1
            },
            "account_id": 8637588,
            "is_employee": false,
            "last_modified_date": 1581260713,
            "last_access_date": 1584943247,
            "reputation_change_year": 20,
            "reputation_change_quarter": 20,
            "reputation_change_month": 0,
            "reputation_change_week": 0,
            "reputation_change_day": 0,
            "reputation": 8299,
            "creation_date": 1465956127,
            "user_type": "registered",
            "user_id": 6467203,
            "location": "San Francisco",
            "website_url": "",
            "link": "https://stackoverflow.com/users/6467203/nicolas-roard",
            "profile_image": "https://lh3.googleusercontent.com/-fsjbjANPULg/AAAAAAAAAAI/AAAAAAAAW9E/Aobig4zX-Z4/photo.jpg?sz=256",
            "display_name": "Nicolas Roard"
        },
        {
            "badge_counts": {
                "bronze": 38,
                "silver": 14,
                "gold": 2
            },
            "account_id": 16071575,
            "is_employee": false,
            "last_modified_date": 1655466600,
            "last_access_date": 1678378432,
            "reputation_change_year": 78,
            "reputation_change_quarter": 78,
            "reputation_change_month": 0,
            "reputation_change_week": 0,
            "reputation_change_day": 0,
            "reputation": 8299,
            "creation_date": 1559662792,
            "user_type": "registered",
            "user_id": 11599909,
            "location": "Germany",
            "website_url": "",
            "link": "https://stackoverflow.com/users/11599909/domino987",
            "profile_image": "https://www.gravatar.com/avatar/63d6760778bf35138d266f24c3552c46?s=256&d=identicon&r=PG&f=1",
            "display_name": "Domino987"
        },
        {
            "badge_counts": {
                "bronze": 97,
                "silver": 72,
                "gold": 35
            },
            "account_id": 125412,
            "is_employee": false,
            "last_modified_date": 1656123602,
            "last_access_date": 1648573966,
            "reputation_change_year": 30,
            "reputation_change_quarter": 30,
            "reputation_change_month": 10,
            "reputation_change_week": 0,
            "reputation_change_day": 0,
            "reputation": 8298,
            "creation_date": 1271757859,
            "user_type": "registered",
            "user_id": 321172,
            "accept_rate": 90,
            "location": "Norway",
            "website_url": "",
            "link": "https://stackoverflow.com/users/321172/data-base",
            "profile_image": "https://www.gravatar.com/avatar/ab90909a87944ebc97e72d4a8e9847fb?s=256&d=identicon&r=PG",
            "display_name": "Data-Base"
        },
        {
            "badge_counts": {
                "bronze": 35,
                "silver": 29,
                "gold": 1
            },
            "account_id": 1070252,
            "is_employee": false,
            "last_modified_date": 1667937900,
            "last_access_date": 1578949703,
            "reputation_change_year": 110,
            "reputation_change_quarter": 110,
            "reputation_change_month": 10,
            "reputation_change_week": 10,
            "reputation_change_day": 0,
            "reputation": 8298,
            "creation_date": 1322497426,
            "user_type": "registered",
            "user_id": 1069726,
            "accept_rate": 67,
            "website_url": "http://www.leonerd.org.uk/",
            "link": "https://stackoverflow.com/users/1069726/leonerd",
            "profile_image": "https://www.gravatar.com/avatar/2cbbae354bb4f5f320b93ab3ad4b0fa1?s=256&d=identicon&r=PG",
            "display_name": "LeoNerd"
        },
        {
            "badge_counts": {
                "bronze": 36,
                "silver": 23,
                "gold": 1
            },
            "account_id": 1275751,
            "is_employee": false,
            "last_modified_date": 1641641400,
            "last_access_date": 1678376053,
            "reputation_change_year": 10,
            "reputation_change_quarter": 10,
            "reputation_change_month": 0,
            "reputation_change_week": 0,
            "reputation_change_day": 0,
            "reputation": 8298,
            "creation_date": 1330096308,
            "user_type": "registered",
            "user_id": 1231072,
            "accept_rate": 86,
            "location": "Germany",
            "website_url": "http://blog.andreloker.de",
            "link": "https://stackoverflow.com/users/1231072/andre-loker",
            "profile_image": "https://www.gravatar.com/avatar/b2aaecbab4ba4e6702f481ad480018f2?s=256&d=identicon&r=PG",
            "display_name": "Andre Loker"
        },
        {
            "badge_counts": {
                "bronze": 40,
                "silver": 24,
                "gold": 3
            },
            "account_id": 4330183,
            "is_employee": false,
            "last_modified_date": 1674629090,
            "last_access_date": 1678092862,
            "reputation_change_year": 20,
            "reputation_change_quarter": 20,
            "reputation_change_month": 0,
            "reputation_change_week": 0,
            "reputation_change_day": 0,
            "reputation": 8298,
            "creation_date": 1397564966,
            "user_type": "registered",
            "user_id": 3535925,
            "accept_rate": 50,
            "location": "Pune, Maharashtra, India",
            "website_url": "https://medium.com/@pragneshghoda",
            "link": "https://stackoverflow.com/users/3535925/pragnesh-ghoda-%e3%82%b7",
            "profile_image": "https://i.stack.imgur.com/ohqAB.jpg?s=256&g=1",
            "display_name": "Pragnesh Ghoda  シ"
        },
        {
            "badge_counts": {
                "bronze": 11,
                "silver": 16,
                "gold": 1
            },
            "account_id": 156593,
            "is_employee": false,
            "last_modified_date": 1607615244,
            "last_access_date": 1677668304,
            "reputation_change_year": 90,
            "reputation_change_quarter": 90,
            "reputation_change_month": 40,
            "reputation_change_week": 30,
            "reputation_change_day": 0,
            "reputation": 8297,
            "creation_date": 1276778430,
            "user_type": "registered",
            "user_id": 373971,
            "location": "Bucharest, Romania",
            "website_url": "http://www.padel.ro/",
            "link": "https://stackoverflow.com/users/373971/padel",
            "profile_image": "https://www.gravatar.com/avatar/9ca3fa393f114dc903a8fb308ddfb0b4?s=256&d=identicon&r=PG",
            "display_name": "Padel"
        },
        {
            "badge_counts": {
                "bronze": 59,
                "silver": 35,
                "gold": 3
            },
            "account_id": 205138,
            "is_employee": false,
            "last_modified_date": 1573684855,
            "last_access_date": 1678223066,
            "reputation_change_year": 30,
            "reputation_change_quarter": 30,
            "reputation_change_month": 10,
            "reputation_change_week": 10,
            "reputation_change_day": 10,
            "reputation": 8297,
            "creation_date": 1285061949,
            "user_type": "registered",
            "user_id": 453735,
            "accept_rate": 89,
            "location": "Rotterdam, The Netherlands",
            "website_url": "",
            "link": "https://stackoverflow.com/users/453735/vitoshka",
            "profile_image": "https://www.gravatar.com/avatar/a878b5083a399607faebeb98b76b082a?s=256&d=identicon&r=PG",
            "display_name": "VitoshKa"
        },
        {
            "badge_counts": {
                "bronze": 50,
                "silver": 36,
                "gold": 9
            },
            "account_id": 538276,
            "is_employee": false,
            "last_modified_date": 1649673900,
            "last_access_date": 1613425343,
            "reputation_change_year": 110,
            "reputation_change_quarter": 110,
            "reputation_change_month": 0,
            "reputation_change_week": 0,
            "reputation_change_day": 0,
            "reputation": 8297,
            "creation_date": 1314034557,
            "user_type": "registered",
            "user_id": 906367,
            "accept_rate": 67,
            "location": "Ireland",
            "link": "https://stackoverflow.com/users/906367/davidcolson",
            "profile_image": "https://i.stack.imgur.com/DoXKz.jpg?s=256&g=1",
            "display_name": "DavidColson"
        },
        {
            "badge_counts": {
                "bronze": 30,
                "silver": 28,
                "gold": 1
            },
            "account_id": 11591,
            "is_employee": false,
            "last_modified_date": 1607615543,
            "last_access_date": 1653361852,
            "reputation_change_year": 30,
            "reputation_change_quarter": 30,
            "reputation_change_month": 0,
            "reputation_change_week": 0,
            "reputation_change_day": 0,
            "reputation": 8296,
            "creation_date": 1222379174,
            "user_type": "registered",
            "user_id": 22419,
            "location": "Auckland, New Zealand",
            "website_url": "",
            "link": "https://stackoverflow.com/users/22419/wombleton",
            "profile_image": "https://www.gravatar.com/avatar/e9d872d8ac47207d95aabd985a988335?s=256&d=identicon&r=PG",
            "display_name": "wombleton"
        },
        {
            "badge_counts": {
                "bronze": 90,
                "silver": 54,
                "gold": 8
            },
            "account_id": 29407,
            "is_employee": false,
            "last_modified_date": 1631926800,
            "last_access_date": 1678111311,
            "reputation_change_year": 40,
            "reputation_change_quarter": 40,
            "reputation_change_month": 20,
            "reputation_change_week": 10,
            "reputation_change_day": 0,
            "reputation": 8296,
            "creation_date": 1237374938,
            "user_type": "registered",
            "user_id": 79444,
            "accept_rate": 84,
            "location": "Serbia",
            "website_url": "http://stackoverflow.com/users/79444/veljkoz",
            "link": "https://stackoverflow.com/users/79444/veljkoz",
            "profile_image": "https://i.stack.imgur.com/FaTNY.png?s=256&g=1",
            "display_name": "veljkoz"
        },
        {
            "badge_counts": {
                "bronze": 56,
                "silver": 37,
                "gold": 8
            },
            "account_id": 46497,
            "is_employee": false,
            "last_modified_date": 1666293000,
            "last_access_date": 1661431444,
            "reputation_change_year": 58,
            "reputation_change_quarter": 58,
            "reputation_change_month": 0,
            "reputation_change_week": 0,
            "reputation_change_day": 0,
            "reputation": 8296,
            "creation_date": 1247492392,
            "user_type": "registered",
            "user_id": 137435,
            "accept_rate": 92,
            "location": "Glasgow, United Kingdom",
            "website_url": "http://robertgmoss.co.uk",
            "link": "https://stackoverflow.com/users/137435/robert",
            "profile_image": "https://www.gravatar.com/avatar/168ccfcf05ef966574d7132ed8b093fe?s=256&d=identicon&r=PG",
            "display_name": "Robert"
        },
        {
            "badge_counts": {
                "bronze": 30,
                "silver": 34,
                "gold": 3
            },
            "account_id": 57828,
            "is_employee": false,
            "last_modified_date": 1599067500,
            "last_access_date": 1678135362,
            "reputation_change_year": 20,
            "reputation_change_quarter": 20,
            "reputation_change_month": 10,
            "reputation_change_week": 10,
            "reputation_change_day": 0,
            "reputation": 8296,
            "creation_date": 1252945771,
            "user_type": "registered",
            "user_id": 173251,
            "accept_rate": 100,
            "location": "Mountain View, CA, USA",
            "website_url": "",
            "link": "https://stackoverflow.com/users/173251/bryan-henry",
            "profile_image": "https://www.gravatar.com/avatar/62bf00bc62feafce5c3585108b0c819f?s=256&d=identicon&r=PG",
            "display_name": "Bryan Henry"
        },
        {
            "badge_counts": {
                "bronze": 69,
                "silver": 49,
                "gold": 5
            },
            "account_id": 216316,
            "is_employee": false,
            "last_modified_date": 1669482038,
            "last_access_date": 1678377605,
            "reputation_change_year": 110,
            "reputation_change_quarter": 110,
            "reputation_change_month": 10,
            "reputation_change_week": 0,
            "reputation_change_day": 0,
            "reputation": 8296,
            "creation_date": 1286708019,
            "user_type": "registered",
            "user_id": 471481,
            "accept_rate": 100,
            "location": "Cluj-Napoca, Romania",
            "website_url": "https://sfat.me",
            "link": "https://stackoverflow.com/users/471481/andrei-sfat",
            "profile_image": "https://i.stack.imgur.com/7iSM5.jpg?s=256&g=1",
            "display_name": "Andrei Sfat"
        },
        {
            "badge_counts": {
                "bronze": 96,
                "silver": 64,
                "gold": 9
            },
            "account_id": 62173,
            "is_employee": false,
            "last_modified_date": 1607614982,
            "last_access_date": 1678303326,
            "reputation_change_year": 240,
            "reputation_change_quarter": 240,
            "reputation_change_month": 10,
            "reputation_change_week": 0,
            "reputation_change_day": 0,
            "reputation": 8296,
            "creation_date": 1254821258,
            "user_type": "registered",
            "user_id": 1097104,
            "accept_rate": 100,
            "location": "Oulu, Finland",
            "website_url": "http://www.sanapeli.net",
            "link": "https://stackoverflow.com/users/1097104/juuso-ohtonen",
            "profile_image": "https://www.gravatar.com/avatar/9d04db9a650e5a47ccbf902bff5c9a4c?s=256&d=identicon&r=PG",
            "display_name": "Juuso Ohtonen"
        },
        {
            "badge_counts": {
                "bronze": 49,
                "silver": 36,
                "gold": 4
            },
            "account_id": 1540261,
            "is_employee": false,
            "last_modified_date": 1673432700,
            "last_access_date": 1678253159,
            "reputation_change_year": 90,
            "reputation_change_quarter": 90,
            "reputation_change_month": 0,
            "reputation_change_week": 0,
            "reputation_change_day": 0,
            "reputation": 8296,
            "creation_date": 1338811576,
            "user_type": "registered",
            "user_id": 1435110,
            "accept_rate": 71,
            "website_url": "http://www.sphere10.com",
            "link": "https://stackoverflow.com/users/1435110/herman-schoenfeld",
            "profile_image": "https://www.gravatar.com/avatar/1a7121c3828f37ae18e54245b1989ff1?s=256&d=identicon&r=PG",
            "display_name": "Herman Schoenfeld"
        },
        {
            "badge_counts": {
                "bronze": 48,
                "silver": 32,
                "gold": 4
            },
            "account_id": 3032981,
            "is_employee": false,
            "last_modified_date": 1642318800,
            "last_access_date": 1678195794,
            "reputation_change_year": 150,
            "reputation_change_quarter": 150,
            "reputation_change_month": 10,
            "reputation_change_week": 10,
            "reputation_change_day": 0,
            "reputation": 8296,
            "creation_date": 1373529030,
            "user_type": "registered",
            "user_id": 2571620,
            "accept_rate": 100,
            "location": "Utrecht, Netherlands",
            "website_url": "https://github.com/kroeliebuschie/",
            "link": "https://stackoverflow.com/users/2571620/mehdi-nellen",
            "profile_image": "https://i.stack.imgur.com/vz8ql.jpg?s=256&g=1",
            "display_name": "Mehdi Nellen"
        },
        {
            "badge_counts": {
                "bronze": 95,
                "silver": 54,
                "gold": 10
            },
            "account_id": 4330,
            "is_employee": false,
            "last_modified_date": 1663843800,
            "last_access_date": 1678355811,
            "reputation_change_year": 114,
            "reputation_change_quarter": 114,
            "reputation_change_month": 10,
            "reputation_change_week": 0,
            "reputation_change_day": 0,
            "reputation": 8295,
            "creation_date": 1221474298,
            "user_type": "registered",
            "user_id": 6460,
            "accept_rate": 41,
            "location": "Germany",
            "website_url": "http://rassie.org",
            "link": "https://stackoverflow.com/users/6460/nikolai-prokoschenko",
            "profile_image": "https://www.gravatar.com/avatar/83bf60e9c9fd70507f65f62a5704207f?s=256&d=identicon&r=PG",
            "display_name": "Nikolai Prokoschenko"
        },
        {
            "badge_counts": {
                "bronze": 14,
                "silver": 17,
                "gold": 1
            },
            "account_id": 125433,
            "is_employee": false,
            "last_modified_date": 1656533100,
            "last_access_date": 1678368109,
            "reputation_change_year": -2,
            "reputation_change_quarter": -2,
            "reputation_change_month": 0,
            "reputation_change_week": 0,
            "reputation_change_day": 0,
            "reputation": 8295,
            "creation_date": 1271761113,
            "user_type": "registered",
            "user_id": 321215,
            "accept_rate": 83,
            "location": "Irpin, Ukraine",
            "website_url": "https://nesteryuk.info",
            "link": "https://stackoverflow.com/users/321215/dmytro-nesteriuk",
            "profile_image": "https://www.gravatar.com/avatar/5842f5a23a74b8588cb46380f3005a1e?s=256&d=identicon&r=PG",
            "display_name": "Dmytro Nesteriuk"
        },
        {
            "badge_counts": {
                "bronze": 130,
                "silver": 80,
                "gold": 25
            },
            "account_id": 248993,
            "is_employee": false,
            "last_modified_date": 1651128522,
            "last_access_date": 1651128441,
            "reputation_change_year": 60,
            "reputation_change_quarter": 60,
            "reputation_change_month": 20,
            "reputation_change_week": 10,
            "reputation_change_day": 10,
            "reputation": 8295,
            "creation_date": 1291094907,
            "user_type": "registered",
            "user_id": 524723,
            "accept_rate": 89,
            "location": "Chennai, Tamil Nadu, India",
            "website_url": "",
            "link": "https://stackoverflow.com/users/524723/mohan-ram",
            "profile_image": "https://i.stack.imgur.com/KqUVD.jpg?s=256&g=1",
            "display_name": "Mohan Ram"
        },
        {
            "badge_counts": {
                "bronze": 70,
                "silver": 38,
                "gold": 10
            },
            "account_id": 359128,
            "is_employee": false,
            "last_modified_date": 1634670600,
            "last_access_date": 1678150044,
            "reputation_change_year": 60,
            "reputation_change_quarter": 60,
            "reputation_change_month": 10,
            "reputation_change_week": 10,
            "reputation_change_day": 0,
            "reputation": 8295,
            "creation_date": 1302384334,
            "user_type": "registered",
            "user_id": 700338,
            "accept_rate": 85,
            "location": "Philadelphia, PA",
            "website_url": "http://mattzimmerman.net",
            "link": "https://stackoverflow.com/users/700338/mzimmerman6",
            "profile_image": "https://www.gravatar.com/avatar/7902263b74bcf3092872c2e869c1f1ad?s=256&d=identicon&r=PG",
            "display_name": "MZimmerman6"
        },
        {
            "badge_counts": {
                "bronze": 109,
                "silver": 83,
                "gold": 20
            },
            "account_id": 475250,
            "is_employee": false,
            "last_modified_date": 1674850200,
            "last_access_date": 1678050743,
            "reputation_change_year": 30,
            "reputation_change_quarter": 30,
            "reputation_change_month": 10,
            "reputation_change_week": 10,
            "reputation_change_day": 0,
            "reputation": 8295,
            "creation_date": 1312876509,
            "user_type": "registered",
            "user_id": 885457,
            "accept_rate": 96,
            "location": "Greece",
            "website_url": "",
            "link": "https://stackoverflow.com/users/885457/themhz",
            "profile_image": "https://i.stack.imgur.com/qsoP6.jpg?s=256&g=1",
            "display_name": "themhz"
        },
        {
            "badge_counts": {
                "bronze": 66,
                "silver": 37,
                "gold": 5
            },
            "account_id": 1898178,
            "is_employee": false,
            "last_modified_date": 1674738300,
            "last_access_date": 1678319737,
            "reputation_change_year": 2,
            "reputation_change_quarter": 2,
            "reputation_change_month": 0,
            "reputation_change_week": 0,
            "reputation_change_day": 0,
            "reputation": 8295,
            "creation_date": 1349189111,
            "user_type": "registered",
            "user_id": 1714661,
            "accept_rate": 86,
            "location": "Eindhoven, The Netherlands",
            "website_url": "http://corbetta.phys.tue.nl",
            "link": "https://stackoverflow.com/users/1714661/acorbe",
            "profile_image": "https://www.gravatar.com/avatar/b032b8c99ae8c89f0f03d39b46fd21c7?s=256&d=identicon&r=PG",
            "display_name": "Acorbe"
        },
        {
            "badge_counts": {
                "bronze": 72,
                "silver": 53,
                "gold": 4
            },
            "account_id": 2200360,
            "is_employee": false,
            "last_modified_date": 1660198500,
            "last_access_date": 1678180074,
            "reputation_change_year": 50,
            "reputation_change_quarter": 50,
            "reputation_change_month": 0,
            "reputation_change_week": 0,
            "reputation_change_day": 0,
            "reputation": 8295,
            "creation_date": 1357197184,
            "user_type": "registered",
            "user_id": 1944896,
            "accept_rate": 80,
            "location": "Leaf Village",
            "website_url": "https://igaurav.xyz/",
            "link": "https://stackoverflow.com/users/1944896/thelittlenaruto",
            "profile_image": "https://i.stack.imgur.com/sEsnw.jpg?s=256&g=1",
            "display_name": "TheLittleNaruto"
        },
        {
            "badge_counts": {
                "bronze": 32,
                "silver": 25,
                "gold": 6
            },
            "account_id": 3306592,
            "is_employee": false,
            "last_modified_date": 1654340700,
            "last_access_date": 1678038702,
            "reputation_change_year": 30,
            "reputation_change_quarter": 30,
            "reputation_change_month": 10,
            "reputation_change_week": 10,
            "reputation_change_day": 0,
            "reputation": 8295,
            "creation_date": 1379249806,
            "user_type": "registered",
            "user_id": 2781218,
            "accept_rate": 73,
            "location": "Sofia, Bulgaria",
            "website_url": "",
            "link": "https://stackoverflow.com/users/2781218/axe",
            "profile_image": "https://i.stack.imgur.com/M3JHo.jpg?s=256&g=1",
            "display_name": "AXE"
        },
        {
            "badge_counts": {
                "bronze": 76,
                "silver": 56,
                "gold": 8
            },
            "account_id": 43383,
            "is_employee": false,
            "last_modified_date": 1656031200,
            "last_access_date": 1676720795,
            "reputation_change_year": 70,
            "reputation_change_quarter": 70,
            "reputation_change_month": 0,
            "reputation_change_week": 0,
            "reputation_change_day": 0,
            "reputation": 8294,
            "creation_date": 1245661426,
            "user_type": "registered",
            "user_id": 126795,
            "accept_rate": 88,
            "website_url": "",
            "link": "https://stackoverflow.com/users/126795/phoebeb",
            "profile_image": "https://www.gravatar.com/avatar/935f4295e686df4ed1894dd475fad77f?s=256&d=identicon&r=PG",
            "display_name": "PhoebeB"
        },
        {
            "badge_counts": {
                "bronze": 91,
                "silver": 64,
                "gold": 15
            },
            "account_id": 49729,
            "is_employee": false,
            "last_modified_date": 1647964800,
            "last_access_date": 1654844937,
            "reputation_change_year": 20,
            "reputation_change_quarter": 20,
            "reputation_change_month": 0,
            "reputation_change_week": 0,
            "reputation_change_day": 0,
            "reputation": 8294,
            "creation_date": 1249003521,
            "user_type": "registered",
            "user_id": 148208,
            "accept_rate": 74,
            "website_url": "",
            "link": "https://stackoverflow.com/users/148208/justin-kredible",
            "profile_image": "https://www.gravatar.com/avatar/aa0490fa29da8a5d40dd219d9f13dccb?s=256&d=identicon&r=PG",
            "display_name": "Justin Kredible"
        },
        {
            "badge_counts": {
                "bronze": 89,
                "silver": 41,
                "gold": 7
            },
            "account_id": 186446,
            "is_employee": false,
            "last_modified_date": 1678206300,
            "last_access_date": 1678364839,
            "reputation_change_year": 22,
            "reputation_change_quarter": 22,
            "reputation_change_month": -8,
            "reputation_change_week": -10,
            "reputation_change_day": 0,
            "reputation": 8294,
            "creation_date": 1282125993,
            "user_type": "registered",
            "user_id": 423839,
            "accept_rate": 75,
            "location": "Danmark",
            "website_url": "",
            "link": "https://stackoverflow.com/users/423839/archeg",
            "profile_image": "https://www.gravatar.com/avatar/87198e930e8a9974c207222c0e164174?s=256&d=identicon&r=PG",
            "display_name": "Archeg"
        },
        {
            "badge_counts": {
                "bronze": 52,
                "silver": 33,
                "gold": 4
            },
            "account_id": 462347,
            "is_employee": false,
            "last_modified_date": 1607623500,
            "last_access_date": 1668033174,
            "reputation_change_year": 30,
            "reputation_change_quarter": 30,
            "reputation_change_month": 0,
            "reputation_change_week": 0,
            "reputation_change_day": 0,
            "reputation": 8294,
            "creation_date": 1311736611,
            "user_type": "registered",
            "user_id": 864604,
            "accept_rate": 92,
            "location": "Australia",
            "website_url": "http://joshnh.com",
            "link": "https://stackoverflow.com/users/864604/joshnh",
            "profile_image": "https://www.gravatar.com/avatar/3c26304fac33b1467cbfb08df368fa9d?s=256&d=identicon&r=PG",
            "display_name": "joshnh"
        },
        {
            "badge_counts": {
                "bronze": 40,
                "silver": 22,
                "gold": 2
            },
            "account_id": 471667,
            "is_employee": false,
            "last_modified_date": 1668759600,
            "last_access_date": 1678374640,
            "reputation_change_year": 65,
            "reputation_change_quarter": 65,
            "reputation_change_month": 0,
            "reputation_change_week": 0,
            "reputation_change_day": 0,
            "reputation": 8294,
            "creation_date": 1312498399,
            "user_type": "registered",
            "user_id": 879601,
            "accept_rate": 88,
            "website_url": "",
            "link": "https://stackoverflow.com/users/879601/chris-degnen",
            "profile_image": "https://www.gravatar.com/avatar/27cc474aabcf747afb847f66499a1b7c?s=256&d=identicon&r=PG",
            "display_name": "Chris Degnen"
        },
        {
            "badge_counts": {
                "bronze": 61,
                "silver": 39,
                "gold": 4
            },
            "account_id": 1059791,
            "is_employee": false,
            "last_modified_date": 1669115400,
            "last_access_date": 1673562685,
            "reputation_change_year": 10,
            "reputation_change_quarter": 10,
            "reputation_change_month": 10,
            "reputation_change_week": 0,
            "reputation_change_day": 0,
            "reputation": 8294,
            "creation_date": 1322043643,
            "user_type": "registered",
            "user_id": 1061668,
            "accept_rate": 80,
            "location": "Kouvola, Finland",
            "website_url": "https://www.linkedin.com/in/mikkoviitala",
            "link": "https://stackoverflow.com/users/1061668/mikko-viitala",
            "profile_image": "https://i.stack.imgur.com/Vmm1b.png?s=256&g=1",
            "display_name": "Mikko Viitala"
        },
        {
            "badge_counts": {
                "bronze": 56,
                "silver": 45,
                "gold": 15
            },
            "account_id": 17608,
            "is_employee": false,
            "last_modified_date": 1659263700,
            "last_access_date": 1375110996,
            "reputation_change_year": 10,
            "reputation_change_quarter": 10,
            "reputation_change_month": 0,
            "reputation_change_week": 0,
            "reputation_change_day": 0,
            "reputation": 8294,
            "creation_date": 1227250676,
            "user_type": "registered",
            "user_id": 1221378,
            "accept_rate": 94,
            "link": "https://stackoverflow.com/users/1221378/nick-cartwright",
            "profile_image": "https://www.gravatar.com/avatar/b167c29c2163889cd982b53c69f5dff5?s=256&d=identicon&r=PG",
            "display_name": "Nick Cartwright"
        },
        {
            "badge_counts": {
                "bronze": 45,
                "silver": 41,
                "gold": 6
            },
            "account_id": 1852100,
            "is_employee": false,
            "last_modified_date": 1654272600,
            "last_access_date": 1678379537,
            "reputation_change_year": 91,
            "reputation_change_quarter": 91,
            "reputation_change_month": 19,
            "reputation_change_week": 19,
            "reputation_change_day": -1,
            "reputation": 8294,
            "creation_date": 1347908240,
            "user_type": "registered",
            "user_id": 1678420,
            "accept_rate": 67,
            "location": "London, UK",
            "website_url": "https://nikolaysuvandzhiev.com/",
            "link": "https://stackoverflow.com/users/1678420/nikolay-suvandzhiev",
            "profile_image": "https://i.stack.imgur.com/LritX.jpg?s=256&g=1",
            "display_name": "Nikolay Suvandzhiev"
        },
        {
            "badge_counts": {
                "bronze": 66,
                "silver": 55,
                "gold": 0
            },
            "account_id": 2305114,
            "is_employee": false,
            "last_modified_date": 1676319600,
            "last_access_date": 1678367906,
            "reputation_change_year": 38,
            "reputation_change_quarter": 38,
            "reputation_change_month": 0,
            "reputation_change_week": 0,
            "reputation_change_day": 0,
            "reputation": 8294,
            "creation_date": 1359534501,
            "user_type": "registered",
            "user_id": 2024527,
            "accept_rate": 80,
            "location": "Ahmedabad",
            "website_url": "",
            "link": "https://stackoverflow.com/users/2024527/sanat",
            "profile_image": "https://i.stack.imgur.com/LymGJ.jpg?s=256&g=1",
            "display_name": "SANAT"
        },
        {
            "badge_counts": {
                "bronze": 29,
                "silver": 14,
                "gold": 2
            },
            "account_id": 7772798,
            "is_employee": false,
            "last_modified_date": 1671455739,
            "last_access_date": 1677740231,
            "reputation_change_year": 10,
            "reputation_change_quarter": 10,
            "reputation_change_month": 0,
            "reputation_change_week": 0,
            "reputation_change_day": 0,
            "reputation": 8294,
            "creation_date": 1454570114,
            "user_type": "registered",
            "user_id": 5881764,
            "accept_rate": 40,
            "location": "Ahmedabad, Gujarat, India",
            "website_url": "",
            "link": "https://stackoverflow.com/users/5881764/nimisha-ranipa",
            "profile_image": "https://www.gravatar.com/avatar/2a983fa14b6d3898e2a0f80834af419f?s=256&d=identicon&r=PG&f=1",
            "display_name": "Nimisha Ranipa"
        },
        {
            "badge_counts": {
                "bronze": 50,
                "silver": 9,
                "gold": 2
            },
            "account_id": 14715114,
            "is_employee": false,
            "last_modified_date": 1675886700,
            "last_access_date": 1673579719,
            "reputation_change_year": 28,
            "reputation_change_quarter": 28,
            "reputation_change_month": 10,
            "reputation_change_week": 0,
            "reputation_change_day": 0,
            "reputation": 8294,
            "creation_date": 1541741080,
            "user_type": "registered",
            "user_id": 10627299,
            "website_url": "",
            "link": "https://stackoverflow.com/users/10627299/leon-lu-msft",
            "profile_image": "https://lh5.googleusercontent.com/-yG-dKJoQTnE/AAAAAAAAAAI/AAAAAAAAAAA/AKxrwcaP3khX4UFAfuH6iutEAGAPyxst7w/mo/photo.jpg?sz=256",
            "display_name": "Leon Lu - MSFT"
        },
        {
            "badge_counts": {
                "bronze": 54,
                "silver": 43,
                "gold": 3
            },
            "account_id": 219674,
            "is_employee": false,
            "last_modified_date": 1669378502,
            "last_access_date": 1678376265,
            "reputation_change_year": 20,
            "reputation_change_quarter": 20,
            "reputation_change_month": 0,
            "reputation_change_week": 0,
            "reputation_change_day": 0,
            "reputation": 8293,
            "creation_date": 1287133488,
            "user_type": "registered",
            "user_id": 476702,
            "location": "Vienna, Austria",
            "website_url": "http://www.pundt.at",
            "link": "https://stackoverflow.com/users/476702/pilgerstorfer-franz",
            "profile_image": "https://www.gravatar.com/avatar/27fe59d1b57a9b2c9680249104c33f40?s=256&d=identicon&r=PG",
            "display_name": "Pilgerstorfer Franz"
        },
        {
            "badge_counts": {
                "bronze": 60,
                "silver": 35,
                "gold": 5
            },
            "account_id": 959271,
            "is_employee": false,
            "last_modified_date": 1674929400,
            "last_access_date": 1678349121,
            "reputation_change_year": 30,
            "reputation_change_quarter": 30,
            "reputation_change_month": 0,
            "reputation_change_week": 0,
            "reputation_change_day": 0,
            "reputation": 8293,
            "creation_date": 1317990927,
            "user_type": "registered",
            "user_id": 983992,
            "accept_rate": 58,
            "location": "Bern, Switzerland",
            "website_url": "",
            "link": "https://stackoverflow.com/users/983992/marcel-gwerder",
            "profile_image": "https://i.stack.imgur.com/vHKC8.jpg?s=256&g=1",
            "display_name": "Marcel Gwerder"
        },
        {
            "badge_counts": {
                "bronze": 51,
                "silver": 27,
                "gold": 8
            },
            "account_id": 1013141,
            "is_employee": false,
            "last_modified_date": 1670834459,
            "last_access_date": 1677482809,
            "reputation_change_year": 10,
            "reputation_change_quarter": 10,
            "reputation_change_month": 0,
            "reputation_change_week": 0,
            "reputation_change_day": 0,
            "reputation": 8293,
            "creation_date": 1367642592,
            "user_type": "registered",
            "user_id": 2348973,
            "accept_rate": 60,
            "location": "Coimbatore, India",
            "website_url": "https://premkumardev.tech/",
            "link": "https://stackoverflow.com/users/2348973/premkumar",
            "profile_image": "https://i.stack.imgur.com/BNwCm.png?s=256&g=1",
            "display_name": "PREMKUMAR"
        },
        {
            "badge_counts": {
                "bronze": 179,
                "silver": 91,
                "gold": 31
            },
            "account_id": 3187825,
            "is_employee": false,
            "last_modified_date": 1678115101,
            "last_access_date": 1678137324,
            "reputation_change_year": 198,
            "reputation_change_quarter": 198,
            "reputation_change_month": 30,
            "reputation_change_week": -10,
            "reputation_change_day": 0,
            "reputation": 8293,
            "creation_date": 1376780036,
            "user_type": "registered",
            "user_id": 2692962,
            "accept_rate": 82,
            "location": "Itabuna, Brazil",
            "website_url": "http://klebermota.eti.br",
            "link": "https://stackoverflow.com/users/2692962/kleber-mota",
            "profile_image": "https://graph.facebook.com/772269476/picture?type=large",
            "display_name": "Kleber Mota"
        },
        {
            "badge_counts": {
                "bronze": 110,
                "silver": 83,
                "gold": 15
            },
            "account_id": 374010,
            "is_employee": false,
            "last_modified_date": 1660558500,
            "last_access_date": 1678340427,
            "reputation_change_year": 30,
            "reputation_change_quarter": 30,
            "reputation_change_month": 0,
            "reputation_change_week": 0,
            "reputation_change_day": 0,
            "reputation": 8292,
            "creation_date": 1296057765,
            "user_type": "registered",
            "user_id": 723980,
            "accept_rate": 90,
            "link": "https://stackoverflow.com/users/723980/ryan-r",
            "profile_image": "https://www.gravatar.com/avatar/64aa66ceb4c8a507f909ff1fad84e078?s=256&d=identicon&r=PG",
            "display_name": "Ryan R"
        },
        {
            "badge_counts": {
                "bronze": 48,
                "silver": 27,
                "gold": 2
            },
            "account_id": 393656,
            "is_employee": false,
            "last_modified_date": 1657333200,
            "last_access_date": 1678379433,
            "reputation_change_year": 70,
            "reputation_change_quarter": 70,
            "reputation_change_month": 0,
            "reputation_change_week": 0,
            "reputation_change_day": 0,
            "reputation": 8292,
            "creation_date": 1305549722,
            "user_type": "registered",
            "user_id": 755637,
            "accept_rate": 35,
            "location": "London, UK",
            "website_url": "",
            "link": "https://stackoverflow.com/users/755637/v-h",
            "profile_image": "https://www.gravatar.com/avatar/7bc2ac8a9591456af19a968193b3e736?s=256&d=identicon&r=PG&f=1",
            "display_name": "V H"
        },
        {
            "badge_counts": {
                "bronze": 76,
                "silver": 51,
                "gold": 5
            },
            "account_id": 160026,
            "is_employee": false,
            "last_modified_date": 1657031703,
            "last_access_date": 1672541842,
            "reputation_change_year": 96,
            "reputation_change_quarter": 96,
            "reputation_change_month": 10,
            "reputation_change_week": 0,
            "reputation_change_day": 0,
            "reputation": 8291,
            "creation_date": 1277883954,
            "user_type": "registered",
            "user_id": 379779,
            "accept_rate": 57,
            "link": "https://stackoverflow.com/users/379779/zawhtut",
            "profile_image": "https://www.gravatar.com/avatar/4c3bd8d869b7e1caa45485b0b3e126a4?s=256&d=identicon&r=PG",
            "display_name": "zawhtut"
        },
        {
            "badge_counts": {
                "bronze": 74,
                "silver": 38,
                "gold": 9
            },
            "account_id": 1366381,
            "is_employee": false,
            "last_modified_date": 1654806300,
            "last_access_date": 1678267949,
            "reputation_change_year": 40,
            "reputation_change_quarter": 40,
            "reputation_change_month": 10,
            "reputation_change_week": 10,
            "reputation_change_day": 0,
            "reputation": 8291,
            "creation_date": 1333093702,
            "user_type": "registered",
            "user_id": 1302716,
            "accept_rate": 70,
            "location": "St. P&#246;lten, Austria",
            "website_url": "https://www.facebook.com/hubert.schoelnast",
            "link": "https://stackoverflow.com/users/1302716/hubert-sch%c3%b6lnast",
            "profile_image": "https://i.stack.imgur.com/47L1Y.jpg?s=256&g=1",
            "display_name": "Hubert Sch&#246;lnast"
        },
        {
            "badge_counts": {
                "bronze": 25,
                "silver": 32,
                "gold": 2
            },
            "account_id": 96333,
            "is_employee": false,
            "last_modified_date": 1607615303,
            "last_access_date": 1678313279,
            "reputation_change_year": 16,
            "reputation_change_quarter": 16,
            "reputation_change_month": -2,
            "reputation_change_week": 0,
            "reputation_change_day": 0,
            "reputation": 8290,
            "creation_date": 1264774959,
            "user_type": "registered",
            "user_id": 261869,
            "accept_rate": 60,
            "location": "Madison, WI",
            "website_url": "http://bobcravens.com",
            "link": "https://stackoverflow.com/users/261869/rcravens",
            "profile_image": "https://www.gravatar.com/avatar/356521629a72f4113f44d8f0fc449ef3?s=256&d=identicon&r=PG",
            "display_name": "rcravens"
        },
        {
            "badge_counts": {
                "bronze": 9,
                "silver": 14,
                "gold": 1
            },
            "account_id": 535271,
            "is_employee": false,
            "last_modified_date": 1607615040,
            "last_access_date": 1641486957,
            "reputation_change_year": 50,
            "reputation_change_quarter": 50,
            "reputation_change_month": 0,
            "reputation_change_week": 0,
            "reputation_change_day": 0,
            "reputation": 8290,
            "creation_date": 1314293571,
            "user_type": "registered",
            "user_id": 912685,
            "location": "Austin, TX",
            "website_url": "http://chrisedwards.dreamhosters.com/",
            "link": "https://stackoverflow.com/users/912685/chris-edwards",
            "profile_image": "https://www.gravatar.com/avatar/d2c3b2f57e52501276fe27978512d7f7?s=256&d=identicon&r=PG",
            "display_name": "Chris Edwards"
        },
        {
            "badge_counts": {
                "bronze": 66,
                "silver": 48,
                "gold": 5
            },
            "account_id": 284506,
            "is_employee": false,
            "last_modified_date": 1647161400,
            "last_access_date": 1676226680,
            "reputation_change_year": 20,
            "reputation_change_quarter": 20,
            "reputation_change_month": 0,
            "reputation_change_week": 0,
            "reputation_change_day": 0,
            "reputation": 8290,
            "creation_date": 1295512576,
            "user_type": "registered",
            "user_id": 954725,
            "accept_rate": 90,
            "location": "Israel",
            "website_url": "https://www.drivethrurpg.com/browse/pub/16911/Insert-Name-Here",
            "link": "https://stackoverflow.com/users/954725/yehuda-shapira",
            "profile_image": "https://i.stack.imgur.com/yoqj6.jpg?s=256&g=1",
            "display_name": "Yehuda Shapira"
        },
        {
            "badge_counts": {
                "bronze": 42,
                "silver": 25,
                "gold": 3
            },
            "account_id": 229383,
            "is_employee": false,
            "last_modified_date": 1678333500,
            "last_access_date": 1676282272,
            "reputation_change_year": 60,
            "reputation_change_quarter": 60,
            "reputation_change_month": 0,
            "reputation_change_week": 0,
            "reputation_change_day": 0,
            "reputation": 8290,
            "creation_date": 1288462913,
            "user_type": "registered",
            "user_id": 1793428,
            "accept_rate": 72,
            "location": "Ahmedabad, India",
            "website_url": "",
            "link": "https://stackoverflow.com/users/1793428/haresh-vidja",
            "profile_image": "https://www.gravatar.com/avatar/563c72fef22f25de58e45db2b8c3a678?s=256&d=identicon&r=PG",
            "display_name": "Haresh Vidja"
        },
        {
            "badge_counts": {
                "bronze": 67,
                "silver": 47,
                "gold": 6
            },
            "account_id": 4050616,
            "is_employee": false,
            "last_modified_date": 1652449872,
            "last_access_date": 1678341938,
            "reputation_change_year": 90,
            "reputation_change_quarter": 90,
            "reputation_change_month": 0,
            "reputation_change_week": 0,
            "reputation_change_day": 0,
            "reputation": 8290,
            "creation_date": 1392850982,
            "user_type": "registered",
            "user_id": 3330348,
            "accept_rate": 62,
            "location": "Abu Dhabi - United Arab Emirates",
            "website_url": "",
            "link": "https://stackoverflow.com/users/3330348/piotrwolkowski",
            "profile_image": "https://i.stack.imgur.com/q5U6s.jpg?s=256&g=1",
            "display_name": "PiotrWolkowski"
        },
        {
            "badge_counts": {
                "bronze": 33,
                "silver": 19,
                "gold": 2
            },
            "account_id": 6122546,
            "is_employee": false,
            "last_modified_date": 1656857105,
            "last_access_date": 1678378568,
            "reputation_change_year": 130,
            "reputation_change_quarter": 130,
            "reputation_change_month": 10,
            "reputation_change_week": 10,
            "reputation_change_day": 0,
            "reputation": 8290,
            "creation_date": 1428707236,
            "user_type": "registered",
            "user_id": 4775645,
            "accept_rate": 75,
            "location": "Omaha, NE, United States",
            "website_url": "",
            "link": "https://stackoverflow.com/users/4775645/steve-k",
            "profile_image": "https://i.stack.imgur.com/rS0Hu.png?s=256&g=1",
            "display_name": "Steve K"
        },
        {
            "badge_counts": {
                "bronze": 60,
                "silver": 33,
                "gold": 1
            },
            "account_id": 126207,
            "is_employee": false,
            "last_modified_date": 1656316500,
            "last_access_date": 1580936147,
            "reputation_change_year": 30,
            "reputation_change_quarter": 30,
            "reputation_change_month": 0,
            "reputation_change_week": 0,
            "reputation_change_day": 0,
            "reputation": 8289,
            "creation_date": 1271871847,
            "user_type": "registered",
            "user_id": 322548,
            "accept_rate": 75,
            "location": "Tuttlingen, Germany",
            "website_url": "http://fabian-kreiser.com/",
            "link": "https://stackoverflow.com/users/322548/fabian-kreiser",
            "profile_image": "https://www.gravatar.com/avatar/4e45ea0cb7e69af2e604940300c81c5f?s=256&d=identicon&r=PG",
            "display_name": "Fabian Kreiser"
        },
        {
            "badge_counts": {
                "bronze": 89,
                "silver": 55,
                "gold": 14
            },
            "account_id": 1190937,
            "is_employee": false,
            "last_modified_date": 1626609900,
            "last_access_date": 1582090504,
            "reputation_change_year": 10,
            "reputation_change_quarter": 10,
            "reputation_change_month": 0,
            "reputation_change_week": 0,
            "reputation_change_day": 0,
            "reputation": 8289,
            "creation_date": 1327255714,
            "user_type": "registered",
            "user_id": 1163736,
            "accept_rate": 82,
            "location": "Folsom, CA, USA",
            "website_url": "",
            "link": "https://stackoverflow.com/users/1163736/gaurav",
            "profile_image": "https://www.gravatar.com/avatar/84bd990be976860bb4b49b753a17ae35?s=256&d=identicon&r=PG",
            "display_name": "Gaurav"
        },
        {
            "badge_counts": {
                "bronze": 98,
                "silver": 50,
                "gold": 7
            },
            "account_id": 1391551,
            "is_employee": false,
            "last_modified_date": 1674264300,
            "last_access_date": 1673131731,
            "reputation_change_year": 20,
            "reputation_change_quarter": 20,
            "reputation_change_month": 10,
            "reputation_change_week": 10,
            "reputation_change_day": 0,
            "reputation": 8289,
            "creation_date": 1333988814,
            "user_type": "registered",
            "user_id": 1322271,
            "accept_rate": 73,
            "location": "Amsterdam, Netherlands",
            "website_url": "https://beeped.madmenyo.net",
            "link": "https://stackoverflow.com/users/1322271/madmenyo",
            "profile_image": "https://www.gravatar.com/avatar/a87d7d548a034485028d036e6844006f?s=256&d=identicon&r=PG",
            "display_name": "Madmenyo"
        },
        {
            "badge_counts": {
                "bronze": 4,
                "silver": 12,
                "gold": 3
            },
            "account_id": 3104085,
            "is_employee": false,
            "last_modified_date": 1667315700,
            "last_access_date": 1383017611,
            "reputation_change_year": 130,
            "reputation_change_quarter": 130,
            "reputation_change_month": 30,
            "reputation_change_week": 20,
            "reputation_change_day": 0,
            "reputation": 8289,
            "creation_date": 1375009081,
            "user_type": "registered",
            "user_id": 2627407,
            "website_url": "",
            "link": "https://stackoverflow.com/users/2627407/vickyqiu",
            "profile_image": "https://www.gravatar.com/avatar/e67e9bd17a408fe53b0943ee6c2266b7?s=256&d=identicon&r=PG",
            "display_name": "vickyqiu"
        },
        {
            "badge_counts": {
                "bronze": 62,
                "silver": 44,
                "gold": 9
            },
            "account_id": 37494,
            "is_employee": false,
            "last_modified_date": 1652487002,
            "last_access_date": 1678311181,
            "reputation_change_year": 20,
            "reputation_change_quarter": 20,
            "reputation_change_month": 0,
            "reputation_change_week": 0,
            "reputation_change_day": 0,
            "reputation": 8288,
            "creation_date": 1242317106,
            "user_type": "registered",
            "user_id": 107183,
            "accept_rate": 93,
            "website_url": "https://www.hamrick.com",
            "link": "https://stackoverflow.com/users/107183/dhamrick",
            "profile_image": "https://www.gravatar.com/avatar/ebb259c31968b457a3725ac5d53fe968?s=256&d=identicon&r=PG",
            "display_name": "DHamrick"
        },
        {
            "badge_counts": {
                "bronze": 197,
                "silver": 116,
                "gold": 27
            },
            "account_id": 201767,
            "is_employee": false,
            "last_modified_date": 1656330300,
            "last_access_date": 1476871946,
            "reputation_change_year": 70,
            "reputation_change_quarter": 70,
            "reputation_change_month": 10,
            "reputation_change_week": 10,
            "reputation_change_day": 10,
            "reputation": 8288,
            "creation_date": 1276077841,
            "user_type": "registered",
            "user_id": 448413,
            "accept_rate": 57,
            "location": "Radaur, India",
            "website_url": "",
            "link": "https://stackoverflow.com/users/448413/amit-singh-tomar",
            "profile_image": "https://i.stack.imgur.com/ITDlC.jpg?s=256&g=1",
            "display_name": "Amit Singh Tomar"
        },
        {
            "badge_counts": {
                "bronze": 91,
                "silver": 45,
                "gold": 4
            },
            "account_id": 223417,
            "is_employee": false,
            "last_modified_date": 1656326700,
            "last_access_date": 1678258409,
            "reputation_change_year": 40,
            "reputation_change_quarter": 40,
            "reputation_change_month": 20,
            "reputation_change_week": 10,
            "reputation_change_day": 0,
            "reputation": 8288,
            "creation_date": 1287641056,
            "user_type": "registered",
            "user_id": 482601,
            "accept_rate": 88,
            "location": "Germany",
            "website_url": "",
            "link": "https://stackoverflow.com/users/482601/fabian789",
            "profile_image": "https://www.gravatar.com/avatar/52578189717d3748d30828c5fff42ba9?s=256&d=identicon&r=PG",
            "display_name": "fabian789"
        },
        {
            "badge_counts": {
                "bronze": 36,
                "silver": 32,
                "gold": 2
            },
            "account_id": 892530,
            "is_employee": false,
            "last_modified_date": 1667315400,
            "last_access_date": 1678215604,
            "reputation_change_year": 270,
            "reputation_change_quarter": 270,
            "reputation_change_month": 60,
            "reputation_change_week": 30,
            "reputation_change_day": 10,
            "reputation": 8288,
            "creation_date": 1315307965,
            "user_type": "registered",
            "user_id": 930517,
            "accept_rate": 43,
            "location": "United Kingdom",
            "website_url": "http://scifilem.com",
            "link": "https://stackoverflow.com/users/930517/ashley-cptlemming-wilson",
            "profile_image": "https://www.gravatar.com/avatar/1070cbf307dce1511a72bd84e755f9b0?s=256&d=identicon&r=PG",
            "display_name": "Ashley &#39;CptLemming&#39; Wilson"
        },
        {
            "badge_counts": {
                "bronze": 46,
                "silver": 47,
                "gold": 6
            },
            "account_id": 1262756,
            "is_employee": false,
            "last_modified_date": 1668193800,
            "last_access_date": 1678357589,
            "reputation_change_year": 30,
            "reputation_change_quarter": 30,
            "reputation_change_month": 0,
            "reputation_change_week": 0,
            "reputation_change_day": 0,
            "reputation": 8288,
            "creation_date": 1329730071,
            "user_type": "registered",
            "user_id": 1220652,
            "accept_rate": 58,
            "location": "Gibraltar",
            "website_url": "",
            "link": "https://stackoverflow.com/users/1220652/talsibony",
            "profile_image": "https://www.gravatar.com/avatar/ecb47afb540a596cad1fc750034e49a8?s=256&d=identicon&r=PG",
            "display_name": "talsibony"
        },
        {
            "badge_counts": {
                "bronze": 25,
                "silver": 23,
                "gold": 3
            },
            "account_id": 51906,
            "is_employee": false,
            "last_modified_date": 1672853700,
            "last_access_date": 1549738932,
            "reputation_change_year": 90,
            "reputation_change_quarter": 90,
            "reputation_change_month": 20,
            "reputation_change_week": 20,
            "reputation_change_day": 0,
            "reputation": 8287,
            "creation_date": 1250085023,
            "user_type": "registered",
            "user_id": 155094,
            "accept_rate": 100,
            "location": "Orlando, FL",
            "link": "https://stackoverflow.com/users/155094/josh-lindsey",
            "profile_image": "https://www.gravatar.com/avatar/2990a060fa41761006fcbe6ca285e75b?s=256&d=identicon&r=PG",
            "display_name": "Josh Lindsey"
        },
        {
            "badge_counts": {
                "bronze": 32,
                "silver": 38,
                "gold": 4
            },
            "account_id": 84417,
            "is_employee": false,
            "last_modified_date": 1651316400,
            "last_access_date": 1678371454,
            "reputation_change_year": 65,
            "reputation_change_quarter": 65,
            "reputation_change_month": 5,
            "reputation_change_week": -15,
            "reputation_change_day": -15,
            "reputation": 8287,
            "creation_date": 1261400386,
            "user_type": "registered",
            "user_id": 236008,
            "location": "Glasgow, United Kingdom",
            "website_url": "http://www.secretorange.co.uk",
            "link": "https://stackoverflow.com/users/236008/lee-gunn",
            "profile_image": "https://i.stack.imgur.com/84HEa.png?s=256&g=1",
            "display_name": "Lee Gunn"
        },
        {
            "badge_counts": {
                "bronze": 66,
                "silver": 41,
                "gold": 2
            },
            "account_id": 347392,
            "is_employee": false,
            "last_modified_date": 1673125800,
            "last_access_date": 1678378510,
            "reputation_change_year": 16,
            "reputation_change_quarter": 16,
            "reputation_change_month": 10,
            "reputation_change_week": 10,
            "reputation_change_day": 0,
            "reputation": 8287,
            "creation_date": 1301379792,
            "user_type": "registered",
            "user_id": 681479,
            "accept_rate": 62,
            "location": "Montreal, Canada",
            "website_url": "http://gplus.to/bcwhite",
            "link": "https://stackoverflow.com/users/681479/brian-white",
            "profile_image": "https://www.gravatar.com/avatar/20bba354e7258f5e647102f63904a7a9?s=256&d=identicon&r=PG",
            "display_name": "Brian White"
        },
        {
            "badge_counts": {
                "bronze": 55,
                "silver": 39,
                "gold": 4
            },
            "account_id": 2090327,
            "is_employee": false,
            "last_modified_date": 1665020106,
            "last_access_date": 1678354060,
            "reputation_change_year": 130,
            "reputation_change_quarter": 130,
            "reputation_change_month": 20,
            "reputation_change_week": 0,
            "reputation_change_day": 0,
            "reputation": 8287,
            "creation_date": 1354116013,
            "user_type": "registered",
            "user_id": 1860309,
            "accept_rate": 53,
            "location": "Germany",
            "website_url": "http://xtextcasts.org",
            "link": "https://stackoverflow.com/users/1860309/boris-brodski",
            "profile_image": "https://i.stack.imgur.com/dwcZe.jpg?s=256&g=1",
            "display_name": "Boris Brodski"
        },
        {
            "badge_counts": {
                "bronze": 138,
                "silver": 75,
                "gold": 14
            },
            "account_id": 124590,
            "is_employee": false,
            "last_modified_date": 1668194700,
            "last_access_date": 1678112634,
            "reputation_change_year": 30,
            "reputation_change_quarter": 30,
            "reputation_change_month": 0,
            "reputation_change_week": 0,
            "reputation_change_day": 0,
            "reputation": 8286,
            "creation_date": 1271610958,
            "user_type": "registered",
            "user_id": 319773,
            "accept_rate": 89,
            "location": "Austria",
            "website_url": "",
            "link": "https://stackoverflow.com/users/319773/bevor",
            "profile_image": "https://www.gravatar.com/avatar/3f9cbb52c1e97c01279a179615e73164?s=256&d=identicon&r=PG",
            "display_name": "Bevor"
        },
        {
            "badge_counts": {
                "bronze": 57,
                "silver": 29,
                "gold": 5
            },
            "account_id": 414997,
            "is_employee": false,
            "last_modified_date": 1678205400,
            "last_access_date": 1678351017,
            "reputation_change_year": 480,
            "reputation_change_quarter": 480,
            "reputation_change_month": 60,
            "reputation_change_week": 15,
            "reputation_change_day": 0,
            "reputation": 8286,
            "creation_date": 1307549862,
            "user_type": "registered",
            "user_id": 789545,
            "accept_rate": 100,
            "location": "Stockholm, Sweden",
            "website_url": "https://lukas.fyi",
            "link": "https://stackoverflow.com/users/789545/spydon",
            "profile_image": "https://i.stack.imgur.com/dOv42.jpg?s=256&g=1",
            "display_name": "spydon"
        },
        {
            "badge_counts": {
                "bronze": 87,
                "silver": 44,
                "gold": 9
            },
            "account_id": 1399414,
            "is_employee": false,
            "last_modified_date": 1675407600,
            "last_access_date": 1677827808,
            "reputation_change_year": 100,
            "reputation_change_quarter": 100,
            "reputation_change_month": 20,
            "reputation_change_week": 20,
            "reputation_change_day": 10,
            "reputation": 8286,
            "creation_date": 1334216597,
            "user_type": "registered",
            "user_id": 1328466,
            "accept_rate": 58,
            "location": "Singapore",
            "website_url": "http://www.virtual-gs.com",
            "link": "https://stackoverflow.com/users/1328466/lim-thye-chean",
            "profile_image": "https://www.gravatar.com/avatar/11ab6425edbb927a8b90770d2645aea8?s=256&d=identicon&r=PG",
            "display_name": "Lim Thye Chean"
        },
        {
            "badge_counts": {
                "bronze": 110,
                "silver": 74,
                "gold": 21
            },
            "account_id": 244547,
            "is_employee": false,
            "last_modified_date": 1675255500,
            "last_access_date": 1677911010,
            "reputation_change_year": 58,
            "reputation_change_quarter": 58,
            "reputation_change_month": -2,
            "reputation_change_week": 0,
            "reputation_change_day": 0,
            "reputation": 8286,
            "creation_date": 1290517455,
            "user_type": "registered",
            "user_id": 1582304,
            "accept_rate": 69,
            "location": "Tokyo, Japan",
            "website_url": "",
            "link": "https://stackoverflow.com/users/1582304/zono",
            "profile_image": "https://www.gravatar.com/avatar/4adb0a12197208cd64a247a6f5431cf9?s=256&d=identicon&r=PG",
            "display_name": "zono"
        },
        {
            "badge_counts": {
                "bronze": 59,
                "silver": 48,
                "gold": 4
            },
            "account_id": 9530235,
            "is_employee": false,
            "last_modified_date": 1666152603,
            "last_access_date": 1678361258,
            "reputation_change_year": 460,
            "reputation_change_quarter": 460,
            "reputation_change_month": 30,
            "reputation_change_week": 20,
            "reputation_change_day": 0,
            "reputation": 8286,
            "creation_date": 1477595768,
            "user_type": "registered",
            "user_id": 7082164,
            "location": "Switzerland",
            "website_url": "",
            "link": "https://stackoverflow.com/users/7082164/jsowa",
            "profile_image": "https://i.stack.imgur.com/hOCl4.jpg?s=256&g=1",
            "display_name": "Jsowa"
        },
        {
            "badge_counts": {
                "bronze": 33,
                "silver": 18,
                "gold": 1
            },
            "account_id": 1442071,
            "is_employee": false,
            "last_modified_date": 1669428600,
            "last_access_date": 1678290652,
            "reputation_change_year": 185,
            "reputation_change_quarter": 185,
            "reputation_change_month": 10,
            "reputation_change_week": 10,
            "reputation_change_day": 0,
            "reputation": 8285,
            "creation_date": 1335555661,
            "user_type": "registered",
            "user_id": 1361901,
            "website_url": "",
            "link": "https://stackoverflow.com/users/1361901/joseph-larson",
            "profile_image": "https://www.gravatar.com/avatar/3ea140060e08a193f5814b0ebd2eb6ef?s=256&d=identicon&r=PG",
            "display_name": "Joseph Larson"
        },
        {
            "badge_counts": {
                "bronze": 19,
                "silver": 15,
                "gold": 2
            },
            "account_id": 1635161,
            "is_employee": false,
            "last_modified_date": 1628460300,
            "last_access_date": 1617895275,
            "reputation_change_year": 20,
            "reputation_change_quarter": 20,
            "reputation_change_month": 0,
            "reputation_change_week": 0,
            "reputation_change_day": 0,
            "reputation": 8285,
            "creation_date": 1341672343,
            "user_type": "registered",
            "user_id": 1508861,
            "accept_rate": 30,
            "website_url": "",
            "link": "https://stackoverflow.com/users/1508861/kmlong",
            "profile_image": "https://www.gravatar.com/avatar/9926f72838a41c6e0bffce4d76d582f4?s=256&d=identicon&r=PG&f=1",
            "display_name": "KMLong"
        },
        {
            "badge_counts": {
                "bronze": 50,
                "silver": 43,
                "gold": 2
            },
            "account_id": 1516801,
            "is_employee": false,
            "last_modified_date": 1631122178,
            "last_access_date": 1678329935,
            "reputation_change_year": 10,
            "reputation_change_quarter": 10,
            "reputation_change_month": 0,
            "reputation_change_week": 0,
            "reputation_change_day": 0,
            "reputation": 8285,
            "creation_date": 1337956255,
            "user_type": "registered",
            "user_id": 2288565,
            "location": "San Francisco, CA, United States",
            "website_url": "http://www.jaris.io",
            "link": "https://stackoverflow.com/users/2288565/bryan-musial",
            "profile_image": "https://www.gravatar.com/avatar/0389a468e290355147c6549c326aa63f?s=256&d=identicon&r=PG",
            "display_name": "Bryan Musial"
        },
        {
            "badge_counts": {
                "bronze": 50,
                "silver": 35,
                "gold": 9
            },
            "account_id": 8898907,
            "is_employee": false,
            "last_modified_date": 1676039400,
            "last_access_date": 1678328267,
            "reputation_change_year": 113,
            "reputation_change_quarter": 113,
            "reputation_change_month": 30,
            "reputation_change_week": 0,
            "reputation_change_day": 0,
            "reputation": 8285,
            "creation_date": 1469597594,
            "user_type": "registered",
            "user_id": 6642927,
            "location": "Mumbai",
            "website_url": "",
            "link": "https://stackoverflow.com/users/6642927/dishonered",
            "profile_image": "https://www.gravatar.com/avatar/57af95b5ffd1f8c320e0647d92d66acc?s=256&d=identicon&r=PG&f=1",
            "display_name": "Dishonered"
        },
        {
            "badge_counts": {
                "bronze": 52,
                "silver": 33,
                "gold": 5
            },
            "account_id": 30983,
            "is_employee": false,
            "last_modified_date": 1607615458,
            "last_access_date": 1678304475,
            "reputation_change_year": 70,
            "reputation_change_quarter": 70,
            "reputation_change_month": 0,
            "reputation_change_week": 0,
            "reputation_change_day": 0,
            "reputation": 8284,
            "creation_date": 1238442565,
            "user_type": "registered",
            "user_id": 84791,
            "accept_rate": 83,
            "location": "St Petersburg, FL",
            "website_url": "http://www.markgreenway.net",
            "link": "https://stackoverflow.com/users/84791/markkgreenway",
            "profile_image": "https://www.gravatar.com/avatar/580e4599e3cedc5423c35e016ec25da3?s=256&d=identicon&r=PG",
            "display_name": "MarkKGreenway"
        },
        {
            "badge_counts": {
                "bronze": 18,
                "silver": 27,
                "gold": 0
            },
            "account_id": 77943,
            "is_employee": false,
            "last_modified_date": 1656335100,
            "last_access_date": 1512518403,
            "reputation_change_year": 0,
            "reputation_change_quarter": 0,
            "reputation_change_month": 0,
            "reputation_change_week": 0,
            "reputation_change_day": 0,
            "reputation": 8284,
            "creation_date": 1259679168,
            "user_type": "registered",
            "user_id": 222170,
            "website_url": "http://weblogs.asp.net/rajbk",
            "link": "https://stackoverflow.com/users/222170/raj-kaimal",
            "profile_image": "https://www.gravatar.com/avatar/b2a663ef4fed47044f48ee6b857f44b3?s=256&d=identicon&r=PG&f=1",
            "display_name": "Raj Kaimal"
        },
        {
            "badge_counts": {
                "bronze": 69,
                "silver": 40,
                "gold": 5
            },
            "account_id": 1058549,
            "is_employee": false,
            "last_modified_date": 1632093102,
            "last_access_date": 1676998222,
            "reputation_change_year": 60,
            "reputation_change_quarter": 60,
            "reputation_change_month": 30,
            "reputation_change_week": 30,
            "reputation_change_day": 0,
            "reputation": 8284,
            "creation_date": 1321997415,
            "user_type": "registered",
            "user_id": 1060686,
            "accept_rate": 84,
            "location": "Enschede, Netherlands",
            "website_url": "http://github.com/elcodedocle",
            "link": "https://stackoverflow.com/users/1060686/notgael",
            "profile_image": "https://www.gravatar.com/avatar/363da5c659a30b74d0a74f8eba92e346?s=256&d=identicon&r=PG",
            "display_name": "NotGaeL"
        },
        {
            "badge_counts": {
                "bronze": 91,
                "silver": 57,
                "gold": 13
            },
            "account_id": 161488,
            "is_employee": false,
            "last_modified_date": 1590608100,
            "last_access_date": 1675116968,
            "reputation_change_year": 50,
            "reputation_change_quarter": 50,
            "reputation_change_month": 0,
            "reputation_change_week": 0,
            "reputation_change_day": 0,
            "reputation": 8283,
            "creation_date": 1278091738,
            "user_type": "registered",
            "user_id": 382271,
            "accept_rate": 94,
            "location": "NYC",
            "link": "https://stackoverflow.com/users/382271/robert-kubrick",
            "profile_image": "https://www.gravatar.com/avatar/2405b4ddcb12a59b846f21ba99969171?s=256&d=identicon&r=PG",
            "display_name": "Robert Kubrick"
        },
        {
            "badge_counts": {
                "bronze": 94,
                "silver": 69,
                "gold": 16
            },
            "account_id": 1480252,
            "is_employee": false,
            "last_modified_date": 1653651000,
            "last_access_date": 1677466438,
            "reputation_change_year": 10,
            "reputation_change_quarter": 10,
            "reputation_change_month": 0,
            "reputation_change_week": 0,
            "reputation_change_day": 0,
            "reputation": 8283,
            "creation_date": 1336750842,
            "user_type": "registered",
            "user_id": 1389813,
            "accept_rate": 70,
            "website_url": "",
            "link": "https://stackoverflow.com/users/1389813/peter",
            "profile_image": "https://www.gravatar.com/avatar/8b7cace6620ed08e8f2f723671537ec4?s=256&d=identicon&r=PG",
            "display_name": "peter"
        }
    ],
    "has_more": true,
    "quota_max": 10000,
    "quota_remaining": 7681
}