{
    "items": [
        {
            "badge_counts": {
                "bronze": 27,
                "silver": 23,
                "gold": 4
            },
            "account_id": 977197,
            "is_employee": false,
            "last_modified_date": 1668605700,
            "last_access_date": 1678109272,
            "reputation_change_year": -2,
            "reputation_change_quarter": -2,
            "reputation_change_month": 0,
            "reputation_change_week": 0,
            "reputation_change_day": 0,
            "reputation": 9894,
            "creation_date": 1318778902,
            "user_type": "registered",
            "user_id": 997941,
            "accept_rate": 94,
            "website_url": "",
            "link": "https://stackoverflow.com/users/997941/gijsjanb",
            "profile_image": "https://www.gravatar.com/avatar/c8c967ed351cdc81fd0be200f4e7500f?s=256&d=identicon&r=PG",
            "display_name": "GijsjanB"
        },
        {
            "badge_counts": {
                "bronze": 42,
                "silver": 31,
                "gold": 4
            },
            "account_id": 260750,
            "is_employee": false,
            "last_modified_date": 1573684539,
            "last_access_date": 1678370715,
            "reputation_change_year": 30,
            "reputation_change_quarter": 30,
            "reputation_change_month": 0,
            "reputation_change_week": 0,
            "reputation_change_day": 0,
            "reputation": 9893,
            "creation_date": 1292490142,
            "user_type": "registered",
            "user_id": 544505,
            "accept_rate": 100,
            "location": "Minsk, Belarus",
            "website_url": "",
            "link": "https://stackoverflow.com/users/544505/andrei-andrushkevich",
            "profile_image": "https://www.gravatar.com/avatar/e5bd9146b44c07ab58107f6d71839494?s=256&d=identicon&r=PG",
            "display_name": "Andrei Andrushkevich"
        },
        {
            "badge_counts": {
                "bronze": 42,
                "silver": 30,
                "gold": 5
            },
            "account_id": 3299037,
            "is_employee": false,
            "last_modified_date": 1666173908,
            "last_access_date": 1677950963,
            "reputation_change_year": 130,
            "reputation_change_quarter": 130,
            "reputation_change_month": 20,
            "reputation_change_week": 10,
            "reputation_change_day": 0,
            "reputation": 9893,
            "creation_date": 1379060034,
            "user_type": "registered",
            "user_id": 2775615,
            "accept_rate": 64,
            "location": "Chittagong, Bangladesh",
            "website_url": "",
            "link": "https://stackoverflow.com/users/2775615/md-rashedul-hoque-bhuiyan",
            "profile_image": "https://i.stack.imgur.com/Y1lvG.jpg?s=256&g=1",
            "display_name": "Md Rashedul Hoque Bhuiyan"
        },
        {
            "badge_counts": {
                "bronze": 102,
                "silver": 67,
                "gold": 8
            },
            "account_id": 51,
            "is_employee": false,
            "last_modified_date": 1662225000,
            "last_access_date": 1671662339,
            "reputation_change_year": 106,
            "reputation_change_quarter": 106,
            "reputation_change_month": -2,
            "reputation_change_week": -2,
            "reputation_change_day": 0,
            "reputation": 9892,
            "creation_date": 1217600481,
            "user_type": "registered",
            "user_id": 62,
            "accept_rate": 49,
            "location": "San Francisco, CA",
            "website_url": "http://example.com",
            "link": "https://stackoverflow.com/users/62/liron-yahdav",
            "profile_image": "https://www.gravatar.com/avatar/db3de39bf7f45132796883096fbdf10c?s=256&d=identicon&r=PG",
            "display_name": "Liron Yahdav"
        },
        {
            "badge_counts": {
                "bronze": 77,
                "silver": 75,
                "gold": 3
            },
            "account_id": 2028324,
            "is_employee": false,
            "last_modified_date": 1676684700,
            "last_access_date": 1678378726,
            "reputation_change_year": 282,
            "reputation_change_quarter": 282,
            "reputation_change_month": 48,
            "reputation_change_week": 40,
            "reputation_change_day": 0,
            "reputation": 9892,
            "creation_date": 1352477683,
            "user_type": "registered",
            "user_id": 1812732,
            "accept_rate": 72,
            "website_url": "",
            "link": "https://stackoverflow.com/users/1812732/john-henckel",
            "profile_image": "https://www.gravatar.com/avatar/9fd6395d5a592ba630347bfd519f23ae?s=256&d=identicon&r=PG",
            "display_name": "John Henckel"
        },
        {
            "badge_counts": {
                "bronze": 17,
                "silver": 21,
                "gold": 1
            },
            "account_id": 401071,
            "is_employee": false,
            "last_modified_date": 1649726700,
            "last_access_date": 1678326908,
            "reputation_change_year": 110,
            "reputation_change_quarter": 110,
            "reputation_change_month": 0,
            "reputation_change_week": 0,
            "reputation_change_day": 0,
            "reputation": 9891,
            "creation_date": 1306227368,
            "user_type": "registered",
            "user_id": 767412,
            "website_url": "https://dbader.org/work-with-me/",
            "link": "https://stackoverflow.com/users/767412/dbader",
            "profile_image": "https://www.gravatar.com/avatar/735408d2873c999957a9a4662efed167?s=256&d=identicon&r=PG",
            "display_name": "dbader"
        },
        {
            "badge_counts": {
                "bronze": 40,
                "silver": 39,
                "gold": 3
            },
            "account_id": 3762028,
            "is_employee": false,
            "last_modified_date": 1667394301,
            "last_access_date": 1668544337,
            "reputation_change_year": 95,
            "reputation_change_quarter": 95,
            "reputation_change_month": 25,
            "reputation_change_week": 25,
            "reputation_change_day": 0,
            "reputation": 9891,
            "creation_date": 1387695061,
            "user_type": "registered",
            "user_id": 3126670,
            "accept_rate": 60,
            "website_url": "",
            "link": "https://stackoverflow.com/users/3126670/namespace",
            "profile_image": "https://www.gravatar.com/avatar/?s=256&d=identicon&r=PG&f=1",
            "display_name": "NameSpace"
        },
        {
            "badge_counts": {
                "bronze": 76,
                "silver": 61,
                "gold": 9
            },
            "account_id": 1481375,
            "is_employee": false,
            "last_modified_date": 1674929400,
            "last_access_date": 1678253613,
            "reputation_change_year": 178,
            "reputation_change_quarter": 178,
            "reputation_change_month": 10,
            "reputation_change_week": 0,
            "reputation_change_day": 0,
            "reputation": 9890,
            "creation_date": 1336801829,
            "user_type": "registered",
            "user_id": 1390678,
            "accept_rate": 84,
            "location": "India",
            "website_url": "",
            "link": "https://stackoverflow.com/users/1390678/vijay",
            "profile_image": "https://i.stack.imgur.com/CYAWh.png?s=256&g=1",
            "display_name": "vijay"
        },
        {
            "badge_counts": {
                "bronze": 37,
                "silver": 23,
                "gold": 2
            },
            "account_id": 4273516,
            "is_employee": false,
            "last_modified_date": 1678359300,
            "last_access_date": 1678378293,
            "reputation_change_year": 811,
            "reputation_change_quarter": 811,
            "reputation_change_month": 34,
            "reputation_change_week": 24,
            "reputation_change_day": 24,
            "reputation": 9890,
            "creation_date": 1396543792,
            "user_type": "registered",
            "user_id": 3494774,
            "accept_rate": 86,
            "website_url": "",
            "link": "https://stackoverflow.com/users/3494774/gog",
            "profile_image": "https://www.gravatar.com/avatar/?s=256&d=identicon&r=PG&f=1",
            "display_name": "gog"
        },
        {
            "badge_counts": {
                "bronze": 66,
                "silver": 48,
                "gold": 10
            },
            "account_id": 58136,
            "is_employee": false,
            "last_modified_date": 1652482800,
            "last_access_date": 1673601570,
            "reputation_change_year": 20,
            "reputation_change_quarter": 20,
            "reputation_change_month": 10,
            "reputation_change_week": 10,
            "reputation_change_day": 10,
            "reputation": 9889,
            "creation_date": 1253079261,
            "user_type": "registered",
            "user_id": 174119,
            "accept_rate": 83,
            "location": "Tel Aviv, Israel",
            "website_url": "http://www.faruz.com",
            "link": "https://stackoverflow.com/users/174119/faruz",
            "profile_image": "https://www.gravatar.com/avatar/d1f282ee058a16c8810ee2346e47e7bb?s=256&d=identicon&r=PG",
            "display_name": "Faruz"
        },
        {
            "badge_counts": {
                "bronze": 117,
                "silver": 62,
                "gold": 14
            },
            "account_id": 420683,
            "is_employee": false,
            "last_modified_date": 1678205400,
            "last_access_date": 1678374714,
            "reputation_change_year": 129,
            "reputation_change_quarter": 129,
            "reputation_change_month": 19,
            "reputation_change_week": 19,
            "reputation_change_day": -1,
            "reputation": 9889,
            "creation_date": 1308085277,
            "user_type": "registered",
            "user_id": 798502,
            "accept_rate": 86,
            "location": "Paris, France",
            "website_url": "https://clementlevallois.net",
            "link": "https://stackoverflow.com/users/798502/seinecle",
            "profile_image": "https://www.gravatar.com/avatar/1d2f0a8bebb4bf51ea2d69bab39ba1d5?s=256&d=identicon&r=PG",
            "display_name": "seinecle"
        },
        {
            "badge_counts": {
                "bronze": 103,
                "silver": 61,
                "gold": 19
            },
            "account_id": 1256694,
            "is_employee": false,
            "last_modified_date": 1655214000,
            "last_access_date": 1657101224,
            "reputation_change_year": 40,
            "reputation_change_quarter": 40,
            "reputation_change_month": 0,
            "reputation_change_week": 0,
            "reputation_change_day": 0,
            "reputation": 9889,
            "creation_date": 1329474983,
            "user_type": "registered",
            "user_id": 1216003,
            "accept_rate": 91,
            "location": "United Kingdom",
            "website_url": "http://www.vinothp.com",
            "link": "https://stackoverflow.com/users/1216003/vinothp",
            "profile_image": "https://i.stack.imgur.com/s5TOP.jpg?s=256&g=1",
            "display_name": "vinothp"
        },
        {
            "badge_counts": {
                "bronze": 20,
                "silver": 14,
                "gold": 2
            },
            "account_id": 2518822,
            "is_employee": false,
            "last_modified_date": 1678187100,
            "last_access_date": 1544906818,
            "reputation_change_year": 200,
            "reputation_change_quarter": 200,
            "reputation_change_month": 0,
            "reputation_change_week": 0,
            "reputation_change_day": 0,
            "reputation": 9889,
            "creation_date": 1363760258,
            "user_type": "registered",
            "user_id": 2189578,
            "accept_rate": 62,
            "location": "Minneapolis",
            "website_url": "",
            "link": "https://stackoverflow.com/users/2189578/scott-fakename",
            "profile_image": "https://www.gravatar.com/avatar/54c9521eda97e3561c18bb05848faaf8?s=256&d=identicon&r=PG",
            "display_name": "scott_fakename"
        },
        {
            "badge_counts": {
                "bronze": 115,
                "silver": 83,
                "gold": 30
            },
            "account_id": 333140,
            "is_employee": false,
            "last_modified_date": 1655899800,
            "last_access_date": 1654586543,
            "reputation_change_year": 20,
            "reputation_change_quarter": 20,
            "reputation_change_month": 10,
            "reputation_change_week": 0,
            "reputation_change_day": 0,
            "reputation": 9888,
            "creation_date": 1300108683,
            "user_type": "registered",
            "user_id": 658838,
            "accept_rate": 90,
            "location": "Belgium",
            "website_url": "",
            "link": "https://stackoverflow.com/users/658838/customx",
            "profile_image": "https://www.gravatar.com/avatar/c3f339119900406677ee99fdf4328048?s=256&d=identicon&r=PG",
            "display_name": "CustomX"
        },
        {
            "badge_counts": {
                "bronze": 52,
                "silver": 43,
                "gold": 5
            },
            "account_id": 959773,
            "is_employee": false,
            "last_modified_date": 1621989246,
            "last_access_date": 1676990860,
            "reputation_change_year": 10,
            "reputation_change_quarter": 10,
            "reputation_change_month": 0,
            "reputation_change_week": 0,
            "reputation_change_day": 0,
            "reputation": 9888,
            "creation_date": 1318006263,
            "user_type": "registered",
            "user_id": 984393,
            "accept_rate": 73,
            "website_url": "",
            "link": "https://stackoverflow.com/users/984393/skynet",
            "profile_image": "https://www.gravatar.com/avatar/524c3a408279ce532ec4d82fc711281f?s=256&d=identicon&r=PG",
            "display_name": "skynet"
        },
        {
            "badge_counts": {
                "bronze": 70,
                "silver": 40,
                "gold": 10
            },
            "account_id": 5340942,
            "is_employee": false,
            "last_modified_date": 1669575000,
            "last_access_date": 1678366986,
            "reputation_change_year": 20,
            "reputation_change_quarter": 20,
            "reputation_change_month": 0,
            "reputation_change_week": 0,
            "reputation_change_day": 0,
            "reputation": 9888,
            "creation_date": 1416145697,
            "user_type": "registered",
            "user_id": 4258081,
            "accept_rate": 90,
            "website_url": "http://www.shehary.com",
            "link": "https://stackoverflow.com/users/4258081/shehary",
            "profile_image": "https://i.stack.imgur.com/Gmw10.png?s=256&g=1",
            "display_name": "Shehary"
        },
        {
            "badge_counts": {
                "bronze": 76,
                "silver": 37,
                "gold": 2
            },
            "account_id": 316068,
            "is_employee": false,
            "last_modified_date": 1659280202,
            "last_access_date": 1678306154,
            "reputation_change_year": 201,
            "reputation_change_quarter": 201,
            "reputation_change_month": 45,
            "reputation_change_week": 20,
            "reputation_change_day": 0,
            "reputation": 9887,
            "creation_date": 1298540003,
            "user_type": "registered",
            "user_id": 632035,
            "accept_rate": 75,
            "website_url": "",
            "link": "https://stackoverflow.com/users/632035/dan-albert",
            "profile_image": "https://www.gravatar.com/avatar/8ed69ad748c440a055502c1b213757e5?s=256&d=identicon&r=PG",
            "display_name": "Dan Albert"
        },
        {
            "badge_counts": {
                "bronze": 85,
                "silver": 59,
                "gold": 5
            },
            "account_id": 149039,
            "is_employee": false,
            "last_modified_date": 1668884700,
            "last_access_date": 1678293716,
            "reputation_change_year": 40,
            "reputation_change_quarter": 40,
            "reputation_change_month": 0,
            "reputation_change_week": 0,
            "reputation_change_day": 0,
            "reputation": 9886,
            "creation_date": 1275991601,
            "user_type": "registered",
            "user_id": 361230,
            "accept_rate": 86,
            "location": "Plovdiv, Bulgaria",
            "website_url": "https://luckbox.com/",
            "link": "https://stackoverflow.com/users/361230/shade",
            "profile_image": "https://www.gravatar.com/avatar/415e16f085258bebb146f9cc7cbbb99e?s=256&d=identicon&r=PG",
            "display_name": "Shade"
        },
        {
            "badge_counts": {
                "bronze": 43,
                "silver": 47,
                "gold": 3
            },
            "account_id": 928245,
            "is_employee": false,
            "last_modified_date": 1642689000,
            "last_access_date": 1678345837,
            "reputation_change_year": 169,
            "reputation_change_quarter": 169,
            "reputation_change_month": 0,
            "reputation_change_week": 0,
            "reputation_change_day": 0,
            "reputation": 9886,
            "creation_date": 1316678524,
            "user_type": "registered",
            "user_id": 958584,
            "accept_rate": 30,
            "location": "Sydney, Australia",
            "website_url": "https://bradleyflood.com",
            "link": "https://stackoverflow.com/users/958584/bradley-flood",
            "profile_image": "https://www.gravatar.com/avatar/0b8b1a32b9719d88d465895c4df28d89?s=256&d=identicon&r=PG",
            "display_name": "Bradley Flood"
        },
        {
            "badge_counts": {
                "bronze": 72,
                "silver": 47,
                "gold": 2
            },
            "account_id": 19782278,
            "is_employee": false,
            "last_modified_date": 1674855000,
            "last_access_date": 1678358839,
            "reputation_change_year": 1329,
            "reputation_change_quarter": 1329,
            "reputation_change_month": 138,
            "reputation_change_week": 38,
            "reputation_change_day": 0,
            "reputation": 9886,
            "creation_date": 1603212816,
            "user_type": "registered",
            "user_id": 14487032,
            "website_url": "",
            "link": "https://stackoverflow.com/users/14487032/abraham",
            "profile_image": "https://www.gravatar.com/avatar/433f04bd49c0c1b76360b7f3e3a6d9ec?s=256&d=identicon&r=PG&f=1",
            "display_name": "Abraham"
        },
        {
            "badge_counts": {
                "bronze": 55,
                "silver": 38,
                "gold": 3
            },
            "account_id": 195874,
            "is_employee": false,
            "last_modified_date": 1678115101,
            "last_access_date": 1677436890,
            "reputation_change_year": 100,
            "reputation_change_quarter": 100,
            "reputation_change_month": 0,
            "reputation_change_week": 0,
            "reputation_change_day": 0,
            "reputation": 9885,
            "creation_date": 1283522672,
            "user_type": "registered",
            "user_id": 439026,
            "accept_rate": 91,
            "location": "New York, NY",
            "website_url": "http://zehfernando.com",
            "link": "https://stackoverflow.com/users/439026/zeh",
            "profile_image": "https://www.gravatar.com/avatar/eb050c54b891309ffdd14a0e1fdd5e66?s=256&d=identicon&r=PG",
            "display_name": "zeh"
        },
        {
            "badge_counts": {
                "bronze": 77,
                "silver": 41,
                "gold": 9
            },
            "account_id": 410479,
            "is_employee": false,
            "last_modified_date": 1622549400,
            "last_access_date": 1675319190,
            "reputation_change_year": 0,
            "reputation_change_quarter": 0,
            "reputation_change_month": 0,
            "reputation_change_week": 0,
            "reputation_change_day": 0,
            "reputation": 9885,
            "creation_date": 1307086990,
            "user_type": "registered",
            "user_id": 782334,
            "accept_rate": 82,
            "location": "Kharkov",
            "website_url": "http://vk.com/stanislav.razbegin",
            "link": "https://stackoverflow.com/users/782334/stas",
            "profile_image": "https://www.gravatar.com/avatar/461f5efb7e3725d956187bfee5954031?s=256&d=identicon&r=PG",
            "display_name": "Stas"
        },
        {
            "badge_counts": {
                "bronze": 54,
                "silver": 47,
                "gold": 2
            },
            "account_id": 427421,
            "is_employee": false,
            "last_modified_date": 1668862500,
            "last_access_date": 1666154008,
            "reputation_change_year": 78,
            "reputation_change_quarter": 78,
            "reputation_change_month": 0,
            "reputation_change_week": 0,
            "reputation_change_day": 0,
            "reputation": 9884,
            "creation_date": 1337085370,
            "user_type": "registered",
            "user_id": 1396172,
            "accept_rate": 83,
            "location": "Seattle, WA, United States",
            "website_url": "",
            "link": "https://stackoverflow.com/users/1396172/srquinn",
            "profile_image": "https://www.gravatar.com/avatar/9aaf0c1760672e1563d80e084b415ef4?s=256&d=identicon&r=PG",
            "display_name": "srquinn"
        },
        {
            "badge_counts": {
                "bronze": 73,
                "silver": 42,
                "gold": 7
            },
            "account_id": 80009,
            "is_employee": false,
            "last_modified_date": 1620841800,
            "last_access_date": 1617055492,
            "reputation_change_year": 20,
            "reputation_change_quarter": 20,
            "reputation_change_month": 10,
            "reputation_change_week": 10,
            "reputation_change_day": 0,
            "reputation": 9883,
            "creation_date": 1260204231,
            "user_type": "registered",
            "user_id": 226507,
            "accept_rate": 78,
            "location": "Chico, CA, United States",
            "website_url": "",
            "link": "https://stackoverflow.com/users/226507/rob",
            "profile_image": "https://www.gravatar.com/avatar/cca203161647b0f4b16be7f1505311ec?s=256&d=identicon&r=PG",
            "display_name": "rob"
        },
        {
            "badge_counts": {
                "bronze": 162,
                "silver": 86,
                "gold": 22
            },
            "account_id": 2143343,
            "is_employee": false,
            "last_modified_date": 1675344601,
            "last_access_date": 1678179713,
            "reputation_change_year": 176,
            "reputation_change_quarter": 176,
            "reputation_change_month": 30,
            "reputation_change_week": 10,
            "reputation_change_day": 10,
            "reputation": 9883,
            "creation_date": 1355414003,
            "user_type": "registered",
            "user_id": 1901521,
            "accept_rate": 67,
            "website_url": "",
            "link": "https://stackoverflow.com/users/1901521/bomber",
            "profile_image": "https://i.stack.imgur.com/OucX9.jpg?s=256&g=1",
            "display_name": "Bomber"
        },
        {
            "badge_counts": {
                "bronze": 49,
                "silver": 39,
                "gold": 4
            },
            "account_id": 2426558,
            "is_employee": false,
            "last_modified_date": 1669429800,
            "last_access_date": 1675344556,
            "reputation_change_year": 135,
            "reputation_change_quarter": 135,
            "reputation_change_month": 10,
            "reputation_change_week": 10,
            "reputation_change_day": 0,
            "reputation": 9883,
            "creation_date": 1362030893,
            "user_type": "registered",
            "user_id": 2118360,
            "location": "Pune, Maharashtra, India",
            "website_url": "",
            "link": "https://stackoverflow.com/users/2118360/theparam",
            "profile_image": "https://i.stack.imgur.com/yhyGo.jpg?s=256&g=1",
            "display_name": "TheParam"
        },
        {
            "badge_counts": {
                "bronze": 57,
                "silver": 37,
                "gold": 4
            },
            "account_id": 243088,
            "is_employee": false,
            "last_modified_date": 1614114300,
            "last_access_date": 1678376716,
            "reputation_change_year": 10,
            "reputation_change_quarter": 10,
            "reputation_change_month": 0,
            "reputation_change_week": 0,
            "reputation_change_day": 0,
            "reputation": 9882,
            "creation_date": 1290338652,
            "user_type": "registered",
            "user_id": 515042,
            "accept_rate": 89,
            "location": "Dublin, Ireland",
            "website_url": "",
            "link": "https://stackoverflow.com/users/515042/bj%c3%b6rn-kaiser",
            "profile_image": "https://www.gravatar.com/avatar/31814c731903470fc4785340901aab2d?s=256&d=identicon&r=PG",
            "display_name": "Bj&#246;rn Kaiser"
        },
        {
            "badge_counts": {
                "bronze": 58,
                "silver": 46,
                "gold": 6
            },
            "account_id": 1668748,
            "is_employee": false,
            "last_modified_date": 1630647000,
            "last_access_date": 1677564766,
            "reputation_change_year": 80,
            "reputation_change_quarter": 80,
            "reputation_change_month": 10,
            "reputation_change_week": 10,
            "reputation_change_day": 0,
            "reputation": 9882,
            "creation_date": 1342632064,
            "user_type": "registered",
            "user_id": 1535629,
            "accept_rate": 56,
            "website_url": "",
            "link": "https://stackoverflow.com/users/1535629/senshin",
            "profile_image": "https://www.gravatar.com/avatar/b69cab018771fa05b34d500d54e32fd6?s=256&d=identicon&r=PG",
            "display_name": "senshin"
        },
        {
            "badge_counts": {
                "bronze": 47,
                "silver": 33,
                "gold": 2
            },
            "account_id": 7607889,
            "is_employee": false,
            "last_modified_date": 1669918800,
            "last_access_date": 1620674309,
            "reputation_change_year": 106,
            "reputation_change_quarter": 106,
            "reputation_change_month": 30,
            "reputation_change_week": 20,
            "reputation_change_day": 10,
            "reputation": 9882,
            "creation_date": 1452435170,
            "user_type": "registered",
            "user_id": 5769903,
            "website_url": "https://marco-c.github.io/",
            "link": "https://stackoverflow.com/users/5769903/marco-castelluccio",
            "profile_image": "https://www.gravatar.com/avatar/16d4d4a441724e006b342ac12507caef?s=256&d=identicon&r=PG",
            "display_name": "Marco Castelluccio"
        },
        {
            "badge_counts": {
                "bronze": 46,
                "silver": 42,
                "gold": 3
            },
            "account_id": 189509,
            "is_employee": false,
            "last_modified_date": 1668569193,
            "last_access_date": 1678325006,
            "reputation_change_year": 70,
            "reputation_change_quarter": 70,
            "reputation_change_month": 0,
            "reputation_change_week": 0,
            "reputation_change_day": 0,
            "reputation": 9880,
            "creation_date": 1235099373,
            "user_type": "registered",
            "user_id": 428876,
            "accept_rate": 89,
            "location": "New Zealand",
            "website_url": "https://kitrandel.com",
            "link": "https://stackoverflow.com/users/428876/bayard-randel",
            "profile_image": "https://www.gravatar.com/avatar/8740fb2a869928fd0c39531902a83477?s=256&d=identicon&r=PG",
            "display_name": "Bayard Randel"
        },
        {
            "badge_counts": {
                "bronze": 49,
                "silver": 24,
                "gold": 3
            },
            "account_id": 4262727,
            "is_employee": false,
            "last_modified_date": 1670611500,
            "last_access_date": 1678376096,
            "reputation_change_year": 476,
            "reputation_change_quarter": 476,
            "reputation_change_month": 25,
            "reputation_change_week": 25,
            "reputation_change_day": 0,
            "reputation": 9880,
            "creation_date": 1396381987,
            "user_type": "registered",
            "user_id": 3486675,
            "location": "Cape Town, Western Cape, South Africa",
            "website_url": "http://www.delenamalan.co.za",
            "link": "https://stackoverflow.com/users/3486675/d-malan",
            "profile_image": "https://i.stack.imgur.com/4qcRT.png?s=256&g=1",
            "display_name": "D Malan"
        },
        {
            "badge_counts": {
                "bronze": 51,
                "silver": 40,
                "gold": 9
            },
            "account_id": 7989302,
            "is_employee": false,
            "last_modified_date": 1672853700,
            "last_access_date": 1678378881,
            "reputation_change_year": 42,
            "reputation_change_quarter": 42,
            "reputation_change_month": 20,
            "reputation_change_week": 20,
            "reputation_change_day": 10,
            "reputation": 9880,
            "creation_date": 1457329683,
            "user_type": "registered",
            "user_id": 6027638,
            "accept_rate": 89,
            "location": "Karachi, Pakistan",
            "website_url": "https://www.linkedin.com/in/pehlajtejani/",
            "link": "https://stackoverflow.com/users/6027638/pehlaj",
            "profile_image": "https://www.gravatar.com/avatar/b0b655f4d526b529eeeaa9b9ce433d56?s=256&d=identicon&r=PG&f=1",
            "display_name": "PEHLAJ"
        },
        {
            "badge_counts": {
                "bronze": 14,
                "silver": 19,
                "gold": 1
            },
            "account_id": 37538,
            "is_employee": false,
            "last_modified_date": 1638303601,
            "last_access_date": 1645599915,
            "reputation_change_year": 70,
            "reputation_change_quarter": 70,
            "reputation_change_month": 0,
            "reputation_change_week": 0,
            "reputation_change_day": 0,
            "reputation": 9879,
            "creation_date": 1242334953,
            "user_type": "registered",
            "user_id": 107339,
            "location": "Cologne, Germany",
            "website_url": "",
            "link": "https://stackoverflow.com/users/107339/sebastian-schuth",
            "profile_image": "https://i.stack.imgur.com/CBAJI.png?s=256&g=1",
            "display_name": "Sebastian Schuth"
        },
        {
            "badge_counts": {
                "bronze": 106,
                "silver": 70,
                "gold": 18
            },
            "account_id": 310434,
            "is_employee": false,
            "last_modified_date": 1677287700,
            "last_access_date": 1506624945,
            "reputation_change_year": 70,
            "reputation_change_quarter": 70,
            "reputation_change_month": 30,
            "reputation_change_week": 0,
            "reputation_change_day": 0,
            "reputation": 9879,
            "creation_date": 1298043898,
            "user_type": "registered",
            "user_id": 623401,
            "accept_rate": 62,
            "link": "https://stackoverflow.com/users/623401/zach",
            "profile_image": "https://www.gravatar.com/avatar/f79a62e1b8f067ad1aecd3a8b3927cf0?s=256&d=identicon&r=PG",
            "display_name": "Zach"
        },
        {
            "badge_counts": {
                "bronze": 26,
                "silver": 25,
                "gold": 4
            },
            "account_id": 1190243,
            "is_employee": false,
            "last_modified_date": 1668689403,
            "last_access_date": 1486202662,
            "reputation_change_year": 30,
            "reputation_change_quarter": 30,
            "reputation_change_month": 0,
            "reputation_change_week": 0,
            "reputation_change_day": 0,
            "reputation": 9879,
            "creation_date": 1327216782,
            "user_type": "registered",
            "user_id": 1163217,
            "accept_rate": 56,
            "website_url": "",
            "link": "https://stackoverflow.com/users/1163217/kheema-pandey",
            "profile_image": "https://www.gravatar.com/avatar/4b29e58d84dd912f249097b16f3c3cc2?s=256&d=identicon&r=PG",
            "display_name": "Kheema Pandey"
        },
        {
            "badge_counts": {
                "bronze": 181,
                "silver": 103,
                "gold": 33
            },
            "account_id": 355342,
            "is_employee": false,
            "last_modified_date": 1671846300,
            "last_access_date": 1616954090,
            "reputation_change_year": 50,
            "reputation_change_quarter": 50,
            "reputation_change_month": 0,
            "reputation_change_week": 0,
            "reputation_change_day": 0,
            "reputation": 9878,
            "creation_date": 1302068989,
            "user_type": "registered",
            "user_id": 694240,
            "accept_rate": 68,
            "location": "Madurai, India",
            "website_url": "",
            "link": "https://stackoverflow.com/users/694240/m-a-murali",
            "profile_image": "https://www.gravatar.com/avatar/da06b95af95e8f2032f5598c589b654f?s=256&d=identicon&r=PG",
            "display_name": "M.A.Murali"
        },
        {
            "badge_counts": {
                "bronze": 40,
                "silver": 57,
                "gold": 1
            },
            "account_id": 1258846,
            "is_employee": false,
            "last_modified_date": 1661877600,
            "last_access_date": 1675345174,
            "reputation_change_year": 118,
            "reputation_change_quarter": 118,
            "reputation_change_month": 0,
            "reputation_change_week": 0,
            "reputation_change_day": 0,
            "reputation": 9878,
            "creation_date": 1329547860,
            "user_type": "registered",
            "user_id": 1217713,
            "location": "Richmond VIC, Australia",
            "website_url": "",
            "link": "https://stackoverflow.com/users/1217713/nalan-madheswaran",
            "profile_image": "https://i.stack.imgur.com/4ppt6.jpg?s=256&g=1",
            "display_name": "Nalan Madheswaran"
        },
        {
            "badge_counts": {
                "bronze": 16,
                "silver": 13,
                "gold": 1
            },
            "account_id": 9956609,
            "is_employee": false,
            "last_modified_date": 1675695604,
            "last_access_date": 1678365424,
            "reputation_change_year": 413,
            "reputation_change_quarter": 413,
            "reputation_change_month": 55,
            "reputation_change_week": 55,
            "reputation_change_day": 25,
            "reputation": 9878,
            "creation_date": 1483403659,
            "user_type": "registered",
            "user_id": 7367293,
            "location": "Perth, Western Australia, Australia",
            "website_url": "http://connor-mcdonald.com",
            "link": "https://stackoverflow.com/users/7367293/connor-mcdonald",
            "profile_image": "https://i.stack.imgur.com/9tLcE.jpg?s=256&g=1",
            "display_name": "Connor McDonald"
        },
        {
            "badge_counts": {
                "bronze": 60,
                "silver": 43,
                "gold": 9
            },
            "account_id": 1108,
            "is_employee": false,
            "last_modified_date": 1661278801,
            "last_access_date": 1678313827,
            "reputation_change_year": 20,
            "reputation_change_quarter": 20,
            "reputation_change_month": 20,
            "reputation_change_week": 0,
            "reputation_change_day": 0,
            "reputation": 9877,
            "creation_date": 1218824774,
            "user_type": "registered",
            "user_id": 1471,
            "accept_rate": 64,
            "location": "New York, New York United States",
            "website_url": "http://www.tfrey7.com",
            "link": "https://stackoverflow.com/users/1471/tim-frey",
            "profile_image": "https://www.gravatar.com/avatar/a82f2a2c1b59aa3462424dae09bbe68a?s=256&d=identicon&r=PG&f=1",
            "display_name": "Tim Frey"
        },
        {
            "badge_counts": {
                "bronze": 41,
                "silver": 40,
                "gold": 1
            },
            "account_id": 2346238,
            "is_employee": false,
            "last_modified_date": 1655966700,
            "last_access_date": 1481784509,
            "reputation_change_year": 80,
            "reputation_change_quarter": 80,
            "reputation_change_month": 20,
            "reputation_change_week": 20,
            "reputation_change_day": 10,
            "reputation": 9877,
            "creation_date": 1360382812,
            "user_type": "registered",
            "user_id": 2056411,
            "link": "https://stackoverflow.com/users/2056411/mikyra",
            "profile_image": "https://www.gravatar.com/avatar/ef47c077ba3e8c2cd2191768165f0e8e?s=256&d=identicon&r=PG",
            "display_name": "mikyra"
        },
        {
            "badge_counts": {
                "bronze": 146,
                "silver": 107,
                "gold": 34
            },
            "account_id": 41010,
            "is_employee": false,
            "last_modified_date": 1651458600,
            "last_access_date": 1678273820,
            "reputation_change_year": 30,
            "reputation_change_quarter": 30,
            "reputation_change_month": 20,
            "reputation_change_week": 0,
            "reputation_change_day": 0,
            "reputation": 9876,
            "creation_date": 1244450980,
            "user_type": "registered",
            "user_id": 119093,
            "accept_rate": 88,
            "location": "Belgrade, Serbia",
            "website_url": "",
            "link": "https://stackoverflow.com/users/119093/boris",
            "profile_image": "https://i.stack.imgur.com/QPEQU.jpg?s=256&g=1",
            "display_name": "Boris"
        },
        {
            "badge_counts": {
                "bronze": 53,
                "silver": 36,
                "gold": 4
            },
            "account_id": 4493595,
            "is_employee": false,
            "last_modified_date": 1662738000,
            "last_access_date": 1678313504,
            "reputation_change_year": 349,
            "reputation_change_quarter": 349,
            "reputation_change_month": 40,
            "reputation_change_week": 30,
            "reputation_change_day": 0,
            "reputation": 9876,
            "creation_date": 1400528854,
            "user_type": "registered",
            "user_id": 3654061,
            "accept_rate": 73,
            "location": "California",
            "website_url": "",
            "link": "https://stackoverflow.com/users/3654061/felipe",
            "profile_image": "https://i.stack.imgur.com/hWQuN.jpg?s=256&g=1",
            "display_name": "Felipe"
        },
        {
            "badge_counts": {
                "bronze": 181,
                "silver": 96,
                "gold": 30
            },
            "account_id": 6459642,
            "is_employee": false,
            "last_modified_date": 1674736800,
            "last_access_date": 1678375111,
            "reputation_change_year": 85,
            "reputation_change_quarter": 85,
            "reputation_change_month": 2,
            "reputation_change_week": 2,
            "reputation_change_day": 2,
            "reputation": 9876,
            "creation_date": 1434124713,
            "user_type": "registered",
            "user_id": 5003932,
            "accept_rate": 64,
            "website_url": "",
            "link": "https://stackoverflow.com/users/5003932/jamie",
            "profile_image": "https://www.gravatar.com/avatar/53cacd0d820080bdea89cf0811f5c61f?s=256&d=identicon&r=PG&f=1",
            "display_name": "Jamie"
        },
        {
            "badge_counts": {
                "bronze": 60,
                "silver": 47,
                "gold": 4
            },
            "account_id": 78866,
            "is_employee": false,
            "last_modified_date": 1674742200,
            "last_access_date": 1677012564,
            "reputation_change_year": 10,
            "reputation_change_quarter": 10,
            "reputation_change_month": 0,
            "reputation_change_week": 0,
            "reputation_change_day": 0,
            "reputation": 9875,
            "creation_date": 1259863631,
            "user_type": "registered",
            "user_id": 224125,
            "accept_rate": 95,
            "location": "Tallahassee, FL",
            "website_url": "http://www.evanlarsen.com",
            "link": "https://stackoverflow.com/users/224125/evan-larsen",
            "profile_image": "https://www.gravatar.com/avatar/1b74caa04112ca542666cdf2706df7e0?s=256&d=identicon&r=PG",
            "display_name": "Evan Larsen"
        },
        {
            "badge_counts": {
                "bronze": 86,
                "silver": 56,
                "gold": 15
            },
            "account_id": 173743,
            "is_employee": false,
            "last_modified_date": 1610672707,
            "last_access_date": 1656827735,
            "reputation_change_year": 10,
            "reputation_change_quarter": 10,
            "reputation_change_month": 0,
            "reputation_change_week": 0,
            "reputation_change_day": 0,
            "reputation": 9875,
            "creation_date": 1280170412,
            "user_type": "registered",
            "user_id": 402637,
            "accept_rate": 70,
            "website_url": "",
            "link": "https://stackoverflow.com/users/402637/sana",
            "profile_image": "https://www.gravatar.com/avatar/65cb46542353693a6170b08eeb2e1f1b?s=256&d=identicon&r=PG&f=1",
            "display_name": "Sana"
        },
        {
            "badge_counts": {
                "bronze": 39,
                "silver": 30,
                "gold": 1
            },
            "account_id": 343702,
            "is_employee": false,
            "last_modified_date": 1667401503,
            "last_access_date": 1650993796,
            "reputation_change_year": 20,
            "reputation_change_quarter": 20,
            "reputation_change_month": 10,
            "reputation_change_week": 0,
            "reputation_change_day": 0,
            "reputation": 9874,
            "creation_date": 1300996015,
            "user_type": "registered",
            "user_id": 675589,
            "location": "Paris, France",
            "website_url": "http://www.jpountz.net",
            "link": "https://stackoverflow.com/users/675589/jpountz",
            "profile_image": "https://www.gravatar.com/avatar/e0ad83ea7b832220d0a3231e529f4338?s=256&d=identicon&r=PG",
            "display_name": "jpountz"
        },
        {
            "badge_counts": {
                "bronze": 28,
                "silver": 28,
                "gold": 4
            },
            "account_id": 34791,
            "is_employee": false,
            "last_modified_date": 1669575000,
            "last_access_date": 1678367008,
            "reputation_change_year": 60,
            "reputation_change_quarter": 60,
            "reputation_change_month": 0,
            "reputation_change_week": 0,
            "reputation_change_day": 0,
            "reputation": 9873,
            "creation_date": 1241082085,
            "user_type": "registered",
            "user_id": 98378,
            "location": "Sweden",
            "website_url": "",
            "link": "https://stackoverflow.com/users/98378/anddoutoi",
            "profile_image": "https://i.stack.imgur.com/LP69V.jpg?s=256&g=1",
            "display_name": "anddoutoi"
        },
        {
            "badge_counts": {
                "bronze": 57,
                "silver": 31,
                "gold": 2
            },
            "account_id": 235505,
            "is_employee": false,
            "last_modified_date": 1653149400,
            "last_access_date": 1678363463,
            "reputation_change_year": 383,
            "reputation_change_quarter": 383,
            "reputation_change_month": 69,
            "reputation_change_week": 44,
            "reputation_change_day": 25,
            "reputation": 9873,
            "creation_date": 1289333337,
            "user_type": "registered",
            "user_id": 502366,
            "location": "Media, Pennsylvania, United States",
            "website_url": "http://www.melloware.com",
            "link": "https://stackoverflow.com/users/502366/melloware",
            "profile_image": "https://www.gravatar.com/avatar/05f752d4ef6df107ece846e2ea2c3d92?s=256&d=identicon&r=PG",
            "display_name": "Melloware"
        },
        {
            "badge_counts": {
                "bronze": 52,
                "silver": 45,
                "gold": 13
            },
            "account_id": 36735,
            "is_employee": false,
            "last_modified_date": 1669918501,
            "last_access_date": 1678133261,
            "reputation_change_year": 110,
            "reputation_change_quarter": 110,
            "reputation_change_month": 30,
            "reputation_change_week": 10,
            "reputation_change_day": 0,
            "reputation": 9872,
            "creation_date": 1242058291,
            "user_type": "registered",
            "user_id": 104894,
            "accept_rate": 45,
            "location": "Budapest, Hungary",
            "website_url": "",
            "link": "https://stackoverflow.com/users/104894/l%c3%b3r%c3%a1nt-pint%c3%a9r",
            "profile_image": "https://www.gravatar.com/avatar/92f57a467c2594d4b1f38c7d96a0ff45?s=256&d=identicon&r=PG",
            "display_name": "L&#243;r&#225;nt Pint&#233;r"
        },
        {
            "badge_counts": {
                "bronze": 15,
                "silver": 14,
                "gold": 2
            },
            "account_id": 479689,
            "is_employee": false,
            "last_modified_date": 1607615046,
            "last_access_date": 1435542796,
            "reputation_change_year": 80,
            "reputation_change_quarter": 80,
            "reputation_change_month": 10,
            "reputation_change_week": 10,
            "reputation_change_day": 0,
            "reputation": 9872,
            "creation_date": 1313185069,
            "user_type": "registered",
            "user_id": 892503,
            "link": "https://stackoverflow.com/users/892503/goatslacker",
            "profile_image": "https://www.gravatar.com/avatar/8e830af2c64e2a4bbda590f2d7b95053?s=256&d=identicon&r=PG",
            "display_name": "goatslacker"
        },
        {
            "badge_counts": {
                "bronze": 27,
                "silver": 31,
                "gold": 2
            },
            "account_id": 6448,
            "is_employee": false,
            "last_modified_date": 1664558100,
            "last_access_date": 1678312216,
            "reputation_change_year": 60,
            "reputation_change_quarter": 60,
            "reputation_change_month": 0,
            "reputation_change_week": 0,
            "reputation_change_day": 0,
            "reputation": 9871,
            "creation_date": 1221531362,
            "user_type": "registered",
            "user_id": 10840,
            "accept_rate": 40,
            "location": "Lancaster, PA",
            "website_url": "http://pieces.openpolitics.com/",
            "link": "https://stackoverflow.com/users/10840/millerdev",
            "profile_image": "https://www.gravatar.com/avatar/26e2e5a6c39322f9333585f7ebffb8a6?s=256&d=identicon&r=PG",
            "display_name": "millerdev"
        },
        {
            "badge_counts": {
                "bronze": 112,
                "silver": 69,
                "gold": 15
            },
            "account_id": 23832,
            "is_employee": false,
            "last_modified_date": 1672991103,
            "last_access_date": 1677831966,
            "reputation_change_year": 90,
            "reputation_change_quarter": 90,
            "reputation_change_month": 10,
            "reputation_change_week": 10,
            "reputation_change_day": 0,
            "reputation": 9871,
            "creation_date": 1233206628,
            "user_type": "registered",
            "user_id": 60072,
            "accept_rate": 41,
            "location": "Kathmandu, Central Development Region, Nepal",
            "website_url": "http://nepalonrails.com",
            "link": "https://stackoverflow.com/users/60072/millisami",
            "profile_image": "https://www.gravatar.com/avatar/771f52b5b1d9889ded1391e182b44dbb?s=256&d=identicon&r=PG",
            "display_name": "millisami"
        },
        {
            "badge_counts": {
                "bronze": 81,
                "silver": 52,
                "gold": 12
            },
            "account_id": 3163776,
            "is_employee": false,
            "last_modified_date": 1649099100,
            "last_access_date": 1658138097,
            "reputation_change_year": 130,
            "reputation_change_quarter": 130,
            "reputation_change_month": 10,
            "reputation_change_week": 10,
            "reputation_change_day": 0,
            "reputation": 9871,
            "creation_date": 1376296108,
            "user_type": "registered",
            "user_id": 2674222,
            "accept_rate": 88,
            "location": "Europe",
            "website_url": "",
            "link": "https://stackoverflow.com/users/2674222/avo",
            "profile_image": "https://i.stack.imgur.com/47RUK.png?s=256&g=1",
            "display_name": "avo"
        },
        {
            "badge_counts": {
                "bronze": 156,
                "silver": 92,
                "gold": 21
            },
            "account_id": 43763,
            "is_employee": false,
            "last_modified_date": 1661004600,
            "last_access_date": 1675589196,
            "reputation_change_year": 110,
            "reputation_change_quarter": 110,
            "reputation_change_month": 10,
            "reputation_change_week": 10,
            "reputation_change_day": 0,
            "reputation": 9870,
            "creation_date": 1245833068,
            "user_type": "registered",
            "user_id": 128076,
            "accept_rate": 98,
            "website_url": "",
            "link": "https://stackoverflow.com/users/128076/ben",
            "profile_image": "https://www.gravatar.com/avatar/bb98bce4a862145344c7034aeaf04ea4?s=256&d=identicon&r=PG",
            "display_name": "Ben"
        },
        {
            "badge_counts": {
                "bronze": 56,
                "silver": 37,
                "gold": 4
            },
            "account_id": 539661,
            "is_employee": false,
            "last_modified_date": 1652470500,
            "last_access_date": 1476900220,
            "reputation_change_year": 38,
            "reputation_change_quarter": 38,
            "reputation_change_month": 10,
            "reputation_change_week": 0,
            "reputation_change_day": 0,
            "reputation": 9869,
            "creation_date": 1314097564,
            "user_type": "registered",
            "user_id": 907578,
            "accept_rate": 80,
            "location": "Israel",
            "website_url": "",
            "link": "https://stackoverflow.com/users/907578/cyborg",
            "profile_image": "https://www.gravatar.com/avatar/bbf9572666ca87e3bc0369274fef3ad6?s=256&d=identicon&r=PG",
            "display_name": "cyborg"
        },
        {
            "badge_counts": {
                "bronze": 76,
                "silver": 47,
                "gold": 5
            },
            "account_id": 429244,
            "is_employee": false,
            "last_modified_date": 1621593000,
            "last_access_date": 1671573777,
            "reputation_change_year": 70,
            "reputation_change_quarter": 70,
            "reputation_change_month": 10,
            "reputation_change_week": 10,
            "reputation_change_day": 0,
            "reputation": 9868,
            "creation_date": 1308825785,
            "user_type": "registered",
            "user_id": 812034,
            "accept_rate": 64,
            "location": "Melbourne, Victoria, Australia",
            "website_url": "",
            "link": "https://stackoverflow.com/users/812034/earth-engine",
            "profile_image": "https://www.gravatar.com/avatar/b646bea073b6f95ee97064322877a87a?s=256&d=identicon&r=PG",
            "display_name": "Earth Engine"
        },
        {
            "badge_counts": {
                "bronze": 100,
                "silver": 69,
                "gold": 13
            },
            "account_id": 1423187,
            "is_employee": false,
            "last_modified_date": 1659874500,
            "last_access_date": 1663401304,
            "reputation_change_year": 40,
            "reputation_change_quarter": 40,
            "reputation_change_month": 0,
            "reputation_change_week": 0,
            "reputation_change_day": 0,
            "reputation": 9868,
            "creation_date": 1334950817,
            "user_type": "registered",
            "user_id": 1347366,
            "accept_rate": 84,
            "website_url": "",
            "link": "https://stackoverflow.com/users/1347366/green-goblin",
            "profile_image": "https://i.stack.imgur.com/6NGKT.jpg?s=256&g=1",
            "display_name": "Green goblin"
        },
        {
            "badge_counts": {
                "bronze": 79,
                "silver": 68,
                "gold": 4
            },
            "account_id": 434721,
            "is_employee": false,
            "last_modified_date": 1673281200,
            "last_access_date": 1678374789,
            "reputation_change_year": 160,
            "reputation_change_quarter": 160,
            "reputation_change_month": 10,
            "reputation_change_week": 10,
            "reputation_change_day": 10,
            "reputation": 9868,
            "creation_date": 1309344081,
            "user_type": "registered",
            "user_id": 1414809,
            "accept_rate": 100,
            "website_url": "",
            "link": "https://stackoverflow.com/users/1414809/ebrahim-byagowi",
            "profile_image": "https://www.gravatar.com/avatar/63e622128f1f2b74858a10c1a60707fb?s=256&d=identicon&r=PG",
            "display_name": "Ebrahim Byagowi"
        },
        {
            "badge_counts": {
                "bronze": 103,
                "silver": 62,
                "gold": 10
            },
            "account_id": 27659,
            "is_employee": false,
            "last_modified_date": 1656335100,
            "last_access_date": 1674069289,
            "reputation_change_year": 30,
            "reputation_change_quarter": 30,
            "reputation_change_month": 0,
            "reputation_change_week": 0,
            "reputation_change_day": 0,
            "reputation": 9867,
            "creation_date": 1236088147,
            "user_type": "registered",
            "user_id": 73228,
            "accept_rate": 82,
            "location": "London, United Kingdom",
            "website_url": "",
            "link": "https://stackoverflow.com/users/73228/andrew",
            "profile_image": "https://i.stack.imgur.com/gH3tj.jpg?s=256&g=1",
            "display_name": "Andrew"
        },
        {
            "badge_counts": {
                "bronze": 120,
                "silver": 72,
                "gold": 15
            },
            "account_id": 73135,
            "is_employee": false,
            "last_modified_date": 1657272300,
            "last_access_date": 1519164978,
            "reputation_change_year": 60,
            "reputation_change_quarter": 60,
            "reputation_change_month": 0,
            "reputation_change_week": 0,
            "reputation_change_day": 0,
            "reputation": 9867,
            "creation_date": 1258151425,
            "user_type": "registered",
            "user_id": 210780,
            "accept_rate": 82,
            "location": "Canada. Please don&#39;t stalk me.",
            "website_url": "http://www.deengames.com",
            "link": "https://stackoverflow.com/users/210780/ashes999",
            "profile_image": "https://www.gravatar.com/avatar/87f8ee1956942944fe845a25cb7b1678?s=256&d=identicon&r=PG",
            "display_name": "ashes999"
        },
        {
            "badge_counts": {
                "bronze": 77,
                "silver": 47,
                "gold": 8
            },
            "account_id": 75141,
            "is_employee": false,
            "last_modified_date": 1648658100,
            "last_access_date": 1673358848,
            "reputation_change_year": 130,
            "reputation_change_quarter": 130,
            "reputation_change_month": 10,
            "reputation_change_week": 10,
            "reputation_change_day": 0,
            "reputation": 9867,
            "creation_date": 1258735884,
            "user_type": "registered",
            "user_id": 215608,
            "accept_rate": 93,
            "location": "New Haven, CT",
            "website_url": "",
            "link": "https://stackoverflow.com/users/215608/deacondesperado",
            "profile_image": "https://www.gravatar.com/avatar/0ada48af3e74a17f12492d99bbc2b36a?s=256&d=identicon&r=PG",
            "display_name": "DeaconDesperado"
        },
        {
            "badge_counts": {
                "bronze": 63,
                "silver": 52,
                "gold": 6
            },
            "account_id": 172480,
            "is_employee": false,
            "last_modified_date": 1655226302,
            "last_access_date": 1678238463,
            "reputation_change_year": 70,
            "reputation_change_quarter": 70,
            "reputation_change_month": 10,
            "reputation_change_week": 10,
            "reputation_change_day": 0,
            "reputation": 9867,
            "creation_date": 1279908550,
            "user_type": "registered",
            "user_id": 400545,
            "accept_rate": 89,
            "location": "San Francisco, CA",
            "website_url": "http://jeromedalbert.com",
            "link": "https://stackoverflow.com/users/400545/jerome-dalbert",
            "profile_image": "https://www.gravatar.com/avatar/cad64a643120299e1dd1856451e64e32?s=256&d=identicon&r=PG",
            "display_name": "Jerome Dalbert"
        },
        {
            "badge_counts": {
                "bronze": 29,
                "silver": 28,
                "gold": 2
            },
            "account_id": 2325977,
            "is_employee": false,
            "last_modified_date": 1654619700,
            "last_access_date": 1678369336,
            "reputation_change_year": 120,
            "reputation_change_quarter": 120,
            "reputation_change_month": 0,
            "reputation_change_week": 0,
            "reputation_change_day": 0,
            "reputation": 9867,
            "creation_date": 1359999480,
            "user_type": "registered",
            "user_id": 2040491,
            "location": "St. Louis, MO",
            "website_url": "",
            "link": "https://stackoverflow.com/users/2040491/ed-nelson",
            "profile_image": "https://www.gravatar.com/avatar/d5834a569e275b3c5d0dbbe4e54da4f6?s=256&d=identicon&r=PG",
            "display_name": "Ed Nelson"
        },
        {
            "badge_counts": {
                "bronze": 41,
                "silver": 30,
                "gold": 2
            },
            "account_id": 30270,
            "is_employee": false,
            "last_modified_date": 1662830326,
            "last_access_date": 1664130271,
            "reputation_change_year": 10,
            "reputation_change_quarter": 10,
            "reputation_change_month": 0,
            "reputation_change_week": 0,
            "reputation_change_day": 0,
            "reputation": 9866,
            "creation_date": 1237969925,
            "user_type": "registered",
            "user_id": 82449,
            "accept_rate": 71,
            "location": "Dubai, United Arab Emirates",
            "website_url": "http://stackoverflow.com/search?q=user%3A82449",
            "link": "https://stackoverflow.com/users/82449/km%c3%a5n",
            "profile_image": "https://www.gravatar.com/avatar/c7cf5f8467d9c0763cdf0d039168bca7?s=256&d=identicon&r=PG",
            "display_name": "KM&#229;n"
        },
        {
            "badge_counts": {
                "bronze": 2,
                "silver": 14,
                "gold": 1
            },
            "account_id": 1119166,
            "is_employee": false,
            "last_modified_date": 1669918800,
            "last_access_date": 1328199641,
            "reputation_change_year": 108,
            "reputation_change_quarter": 108,
            "reputation_change_month": 0,
            "reputation_change_week": 0,
            "reputation_change_day": 0,
            "reputation": 9866,
            "creation_date": 1324385388,
            "user_type": "unregistered",
            "user_id": 1107864,
            "website_url": "http://www.mobon.eu",
            "link": "https://stackoverflow.com/users/1107864/nerijus",
            "profile_image": "https://www.gravatar.com/avatar/c15fe220da46998e0a79bdd5215446d1?s=256&d=identicon&r=PG",
            "display_name": "Nerijus"
        },
        {
            "badge_counts": {
                "bronze": 31,
                "silver": 25,
                "gold": 3
            },
            "account_id": 342764,
            "is_employee": false,
            "last_modified_date": 1607614709,
            "last_access_date": 1678154397,
            "reputation_change_year": 130,
            "reputation_change_quarter": 130,
            "reputation_change_month": 0,
            "reputation_change_week": 0,
            "reputation_change_day": 0,
            "reputation": 9866,
            "creation_date": 1300926803,
            "user_type": "registered",
            "user_id": 2753545,
            "accept_rate": 60,
            "website_url": "",
            "link": "https://stackoverflow.com/users/2753545/ricky",
            "profile_image": "https://i.stack.imgur.com/k4smL.jpg?s=256&g=1",
            "display_name": "Ricky"
        },
        {
            "badge_counts": {
                "bronze": 77,
                "silver": 59,
                "gold": 5
            },
            "account_id": 6328,
            "is_employee": false,
            "last_modified_date": 1666637100,
            "last_access_date": 1678354672,
            "reputation_change_year": 69,
            "reputation_change_quarter": 69,
            "reputation_change_month": 10,
            "reputation_change_week": 10,
            "reputation_change_day": 10,
            "reputation": 9865,
            "creation_date": 1221523934,
            "user_type": "registered",
            "user_id": 10592,
            "accept_rate": 79,
            "location": "Sydney, Australia",
            "website_url": "http://www.edval.com.au/tim/index.html",
            "link": "https://stackoverflow.com/users/10592/tim-cooper",
            "profile_image": "https://www.gravatar.com/avatar/400efafaef6727a69e8c34d1f85a9842?s=256&d=identicon&r=PG",
            "display_name": "Tim Cooper"
        },
        {
            "badge_counts": {
                "bronze": 58,
                "silver": 38,
                "gold": 4
            },
            "account_id": 361996,
            "is_employee": false,
            "last_modified_date": 1675760700,
            "last_access_date": 1658292594,
            "reputation_change_year": 8,
            "reputation_change_quarter": 8,
            "reputation_change_month": 0,
            "reputation_change_week": 0,
            "reputation_change_day": 0,
            "reputation": 9865,
            "creation_date": 1302645462,
            "user_type": "registered",
            "user_id": 704944,
            "accept_rate": 100,
            "location": "United States",
            "website_url": "",
            "link": "https://stackoverflow.com/users/704944/jeremy",
            "profile_image": "https://www.gravatar.com/avatar/53d3aaf6c2c6c934574559f325d2e80c?s=256&d=identicon&r=PG",
            "display_name": "jeremy"
        },
        {
            "badge_counts": {
                "bronze": 30,
                "silver": 24,
                "gold": 3
            },
            "account_id": 796110,
            "is_employee": false,
            "last_modified_date": 1669918501,
            "last_access_date": 1678366162,
            "reputation_change_year": 40,
            "reputation_change_quarter": 40,
            "reputation_change_month": 0,
            "reputation_change_week": 0,
            "reputation_change_day": 0,
            "reputation": 9865,
            "creation_date": 1311936941,
            "user_type": "registered",
            "user_id": 869225,
            "accept_rate": 50,
            "location": "Geneva",
            "website_url": "",
            "link": "https://stackoverflow.com/users/869225/martin-frey",
            "profile_image": "https://www.gravatar.com/avatar/8477978a8c252630d53ff4f6d396e733?s=256&d=identicon&r=PG",
            "display_name": "Martin Frey"
        },
        {
            "badge_counts": {
                "bronze": 44,
                "silver": 32,
                "gold": 3
            },
            "account_id": 1873374,
            "is_employee": false,
            "last_modified_date": 1671015600,
            "last_access_date": 1641683212,
            "reputation_change_year": 10,
            "reputation_change_quarter": 10,
            "reputation_change_month": 0,
            "reputation_change_week": 0,
            "reputation_change_day": 0,
            "reputation": 9865,
            "creation_date": 1348506848,
            "user_type": "registered",
            "user_id": 1695128,
            "location": "Austin, TX",
            "website_url": "http://swiftkick.it",
            "link": "https://stackoverflow.com/users/1695128/timothy-moose",
            "profile_image": "https://i.stack.imgur.com/8y1Y7.jpg?s=256&g=1",
            "display_name": "Timothy Moose"
        },
        {
            "badge_counts": {
                "bronze": 52,
                "silver": 43,
                "gold": 5
            },
            "account_id": 8408,
            "is_employee": false,
            "last_modified_date": 1665771000,
            "last_access_date": 1677836560,
            "reputation_change_year": 60,
            "reputation_change_quarter": 60,
            "reputation_change_month": 20,
            "reputation_change_week": 10,
            "reputation_change_day": 0,
            "reputation": 9864,
            "creation_date": 1221633072,
            "user_type": "registered",
            "user_id": 15139,
            "accept_rate": 69,
            "location": "India",
            "website_url": "http://about.me/rpattabi",
            "link": "https://stackoverflow.com/users/15139/rpattabi",
            "profile_image": "https://www.gravatar.com/avatar/058ae4cb817981832d6970da3c56ac39?s=256&d=identicon&r=PG",
            "display_name": "rpattabi"
        },
        {
            "badge_counts": {
                "bronze": 41,
                "silver": 27,
                "gold": 1
            },
            "account_id": 29923,
            "is_employee": false,
            "last_modified_date": 1677243000,
            "last_access_date": 1678379004,
            "reputation_change_year": 95,
            "reputation_change_quarter": 95,
            "reputation_change_month": 19,
            "reputation_change_week": 0,
            "reputation_change_day": 0,
            "reputation": 9864,
            "creation_date": 1237773655,
            "user_type": "registered",
            "user_id": 81216,
            "location": "New York, NY, USA",
            "website_url": "",
            "link": "https://stackoverflow.com/users/81216/tonyarra",
            "profile_image": "https://i.stack.imgur.com/CmY2Y.jpg?s=256&g=1",
            "display_name": "TonyArra"
        },
        {
            "badge_counts": {
                "bronze": 64,
                "silver": 44,
                "gold": 9
            },
            "account_id": 171930,
            "is_employee": false,
            "last_modified_date": 1676031900,
            "last_access_date": 1676297094,
            "reputation_change_year": 35,
            "reputation_change_quarter": 35,
            "reputation_change_month": 0,
            "reputation_change_week": 0,
            "reputation_change_day": 0,
            "reputation": 9864,
            "creation_date": 1258971309,
            "user_type": "registered",
            "user_id": 399647,
            "accept_rate": 94,
            "link": "https://stackoverflow.com/users/399647/ninjacat",
            "profile_image": "https://www.gravatar.com/avatar/26e7bb7425633a1d741c64cc4e0d40d1?s=256&d=identicon&r=PG&f=1",
            "display_name": "NinjaCat"
        },
        {
            "badge_counts": {
                "bronze": 61,
                "silver": 39,
                "gold": 2
            },
            "account_id": 50710,
            "is_employee": false,
            "last_modified_date": 1607615383,
            "last_access_date": 1678204214,
            "reputation_change_year": 10,
            "reputation_change_quarter": 10,
            "reputation_change_month": 0,
            "reputation_change_week": 0,
            "reputation_change_day": 0,
            "reputation": 9863,
            "creation_date": 1249499735,
            "user_type": "registered",
            "user_id": 151299,
            "accept_rate": 100,
            "location": "Potsdam, Germany",
            "website_url": "https://obensonne.com",
            "link": "https://stackoverflow.com/users/151299/oben-sonne",
            "profile_image": "https://www.gravatar.com/avatar/878b25f76168179d48d641cf45654185?s=256&d=identicon&r=PG",
            "display_name": "Oben Sonne"
        },
        {
            "badge_counts": {
                "bronze": 58,
                "silver": 42,
                "gold": 15
            },
            "account_id": 103535,
            "is_employee": false,
            "last_modified_date": 1635462004,
            "last_access_date": 1383318497,
            "reputation_change_year": 180,
            "reputation_change_quarter": 180,
            "reputation_change_month": 10,
            "reputation_change_week": 10,
            "reputation_change_day": 0,
            "reputation": 9863,
            "creation_date": 1266608283,
            "user_type": "registered",
            "user_id": 277262,
            "accept_rate": 62,
            "website_url": "",
            "link": "https://stackoverflow.com/users/277262/nukl",
            "profile_image": "https://www.gravatar.com/avatar/ae51836730aa5aacc1f587f26ed0a162?s=256&d=identicon&r=PG",
            "display_name": "nukl"
        },
        {
            "badge_counts": {
                "bronze": 57,
                "silver": 50,
                "gold": 10
            },
            "account_id": 222302,
            "is_employee": false,
            "last_modified_date": 1671842700,
            "last_access_date": 1557161782,
            "reputation_change_year": 180,
            "reputation_change_quarter": 180,
            "reputation_change_month": 50,
            "reputation_change_week": 40,
            "reputation_change_day": 0,
            "reputation": 9863,
            "creation_date": 1287510166,
            "user_type": "registered",
            "user_id": 480815,
            "accept_rate": 76,
            "location": "San Francisco, CA, United States",
            "website_url": "",
            "link": "https://stackoverflow.com/users/480815/danny",
            "profile_image": "https://www.gravatar.com/avatar/0a8e96d47f9a19245a6c47ff7e791327?s=256&d=identicon&r=PG",
            "display_name": "danny"
        },
        {
            "badge_counts": {
                "bronze": 72,
                "silver": 45,
                "gold": 9
            },
            "account_id": 343738,
            "is_employee": false,
            "last_modified_date": 1656975000,
            "last_access_date": 1678312831,
            "reputation_change_year": 68,
            "reputation_change_quarter": 68,
            "reputation_change_month": 0,
            "reputation_change_week": 0,
            "reputation_change_day": 0,
            "reputation": 9863,
            "creation_date": 1300997856,
            "user_type": "registered",
            "user_id": 675637,
            "accept_rate": 77,
            "location": "Erie, CO, USA",
            "website_url": "http://poy.cloud",
            "link": "https://stackoverflow.com/users/675637/poy",
            "profile_image": "https://i.stack.imgur.com/8X97W.jpg?s=256&g=1",
            "display_name": "poy"
        },
        {
            "badge_counts": {
                "bronze": 101,
                "silver": 62,
                "gold": 18
            },
            "account_id": 1411243,
            "is_employee": false,
            "last_modified_date": 1660811100,
            "last_access_date": 1677490811,
            "reputation_change_year": 50,
            "reputation_change_quarter": 50,
            "reputation_change_month": 10,
            "reputation_change_week": 10,
            "reputation_change_day": 10,
            "reputation": 9863,
            "creation_date": 1334636449,
            "user_type": "registered",
            "user_id": 1337771,
            "accept_rate": 88,
            "website_url": "https://ultimatesecurity.pro/",
            "link": "https://stackoverflow.com/users/1337771/michael",
            "profile_image": "https://www.gravatar.com/avatar/c98626291b5e7c06c92a84fcb884fd4e?s=256&d=identicon&r=PG",
            "display_name": "Michael"
        },
        {
            "badge_counts": {
                "bronze": 46,
                "silver": 31,
                "gold": 8
            },
            "account_id": 5052345,
            "is_employee": false,
            "last_modified_date": 1629405000,
            "last_access_date": 1678268699,
            "reputation_change_year": 218,
            "reputation_change_quarter": 218,
            "reputation_change_month": 10,
            "reputation_change_week": 10,
            "reputation_change_day": 0,
            "reputation": 9863,
            "creation_date": 1411086851,
            "user_type": "registered",
            "user_id": 4056509,
            "accept_rate": 88,
            "location": "Vancouver, BC, Canada",
            "website_url": "",
            "link": "https://stackoverflow.com/users/4056509/c-lee",
            "profile_image": "https://i.stack.imgur.com/RJaBO.png?s=256&g=1",
            "display_name": "C.Lee"
        },
        {
            "badge_counts": {
                "bronze": 88,
                "silver": 62,
                "gold": 4
            },
            "account_id": 229180,
            "is_employee": false,
            "last_modified_date": 1671073386,
            "last_access_date": 1678339993,
            "reputation_change_year": 40,
            "reputation_change_quarter": 40,
            "reputation_change_month": 0,
            "reputation_change_week": 0,
            "reputation_change_day": 0,
            "reputation": 9862,
            "creation_date": 1288413809,
            "user_type": "registered",
            "user_id": 491950,
            "accept_rate": 83,
            "location": "Launceston TAS, Australia",
            "website_url": "",
            "link": "https://stackoverflow.com/users/491950/rob",
            "profile_image": "https://i.stack.imgur.com/9SBVK.jpg?s=256&g=1",
            "display_name": "Rob"
        },
        {
            "badge_counts": {
                "bronze": 105,
                "silver": 61,
                "gold": 20
            },
            "account_id": 372624,
            "is_employee": false,
            "last_modified_date": 1654810500,
            "last_access_date": 1678279209,
            "reputation_change_year": 160,
            "reputation_change_quarter": 160,
            "reputation_change_month": 20,
            "reputation_change_week": 10,
            "reputation_change_day": 0,
            "reputation": 9862,
            "creation_date": 1303566141,
            "user_type": "registered",
            "user_id": 721768,
            "accept_rate": 72,
            "website_url": "",
            "link": "https://stackoverflow.com/users/721768/kasperhj",
            "profile_image": "https://www.gravatar.com/avatar/e9750ddfa0e2a9f285bff7dced67fce9?s=256&d=identicon&r=PG",
            "display_name": "kasperhj"
        },
        {
            "badge_counts": {
                "bronze": 43,
                "silver": 38,
                "gold": 7
            },
            "account_id": 1243543,
            "is_employee": false,
            "last_modified_date": 1661876700,
            "last_access_date": 1562553971,
            "reputation_change_year": 238,
            "reputation_change_quarter": 238,
            "reputation_change_month": 60,
            "reputation_change_week": 40,
            "reputation_change_day": 10,
            "reputation": 9862,
            "creation_date": 1329073972,
            "user_type": "registered",
            "user_id": 1205529,
            "accept_rate": 54,
            "website_url": "",
            "link": "https://stackoverflow.com/users/1205529/jian",
            "profile_image": "https://www.gravatar.com/avatar/f132446782bc2bae5b392810345b9f0b?s=256&d=identicon&r=PG",
            "display_name": "Jian"
        },
        {
            "badge_counts": {
                "bronze": 89,
                "silver": 52,
                "gold": 12
            },
            "account_id": 3338575,
            "is_employee": false,
            "last_modified_date": 1678362000,
            "last_access_date": 1678290072,
            "reputation_change_year": 62,
            "reputation_change_quarter": 62,
            "reputation_change_month": 15,
            "reputation_change_week": 15,
            "reputation_change_day": 0,
            "reputation": 9862,
            "creation_date": 1379895067,
            "user_type": "registered",
            "user_id": 2805376,
            "accept_rate": 92,
            "location": "Tehran, Tehran Province, Iran",
            "website_url": "https://lamtakam.com/about#team",
            "link": "https://stackoverflow.com/users/2805376/shafizadeh",
            "profile_image": "https://i.stack.imgur.com/rvQzv.jpg?s=256&g=1",
            "display_name": "Shafizadeh"
        },
        {
            "badge_counts": {
                "bronze": 61,
                "silver": 47,
                "gold": 9
            },
            "account_id": 29453,
            "is_employee": false,
            "last_modified_date": 1677071100,
            "last_access_date": 1676285145,
            "reputation_change_year": 110,
            "reputation_change_quarter": 110,
            "reputation_change_month": 20,
            "reputation_change_week": 20,
            "reputation_change_day": 0,
            "reputation": 9861,
            "creation_date": 1237394818,
            "user_type": "registered",
            "user_id": 79591,
            "accept_rate": 100,
            "location": "England, United Kingdom",
            "website_url": "",
            "link": "https://stackoverflow.com/users/79591/grahams",
            "profile_image": "https://i.stack.imgur.com/KXNSj.jpg?s=256&g=1",
            "display_name": "GrahamS"
        },
        {
            "badge_counts": {
                "bronze": 70,
                "silver": 42,
                "gold": 8
            },
            "account_id": 341373,
            "is_employee": false,
            "last_modified_date": 1667315400,
            "last_access_date": 1678318379,
            "reputation_change_year": 20,
            "reputation_change_quarter": 20,
            "reputation_change_month": 0,
            "reputation_change_week": 0,
            "reputation_change_day": 0,
            "reputation": 9861,
            "creation_date": 1300825229,
            "user_type": "registered",
            "user_id": 671943,
            "accept_rate": 100,
            "location": "Chicago, IL",
            "website_url": "",
            "link": "https://stackoverflow.com/users/671943/rooster",
            "profile_image": "https://i.stack.imgur.com/4HS79.jpg?s=256&g=1",
            "display_name": "Rooster"
        },
        {
            "badge_counts": {
                "bronze": 31,
                "silver": 17,
                "gold": 4
            },
            "account_id": 7034556,
            "is_employee": false,
            "last_modified_date": 1676454900,
            "last_access_date": 1678367288,
            "reputation_change_year": 595,
            "reputation_change_quarter": 595,
            "reputation_change_month": 55,
            "reputation_change_week": 20,
            "reputation_change_day": 0,
            "reputation": 9861,
            "creation_date": 1443534978,
            "user_type": "registered",
            "user_id": 5389127,
            "location": "Grenoble, France",
            "link": "https://stackoverflow.com/users/5389127/ga%c3%abl-j",
            "profile_image": "https://www.gravatar.com/avatar/0b9b7053d50e8e925972718bd56fedeb?s=256&d=identicon&r=PG&f=1",
            "display_name": "Ga&#235;l J"
        },
        {
            "badge_counts": {
                "bronze": 55,
                "silver": 37,
                "gold": 2
            },
            "account_id": 18179,
            "is_employee": false,
            "last_modified_date": 1631964000,
            "last_access_date": 1677577474,
            "reputation_change_year": 60,
            "reputation_change_quarter": 60,
            "reputation_change_month": 0,
            "reputation_change_week": 0,
            "reputation_change_day": 0,
            "reputation": 9860,
            "creation_date": 1227804146,
            "user_type": "registered",
            "user_id": 41420,
            "accept_rate": 94,
            "location": "Krakow, Poland",
            "website_url": "",
            "link": "https://stackoverflow.com/users/41420/pawel-krakowiak",
            "profile_image": "https://i.stack.imgur.com/3NZMk.png?s=256&g=1",
            "display_name": "Pawel Krakowiak"
        },
        {
            "badge_counts": {
                "bronze": 76,
                "silver": 52,
                "gold": 3
            },
            "account_id": 210377,
            "is_employee": false,
            "last_modified_date": 1644666000,
            "last_access_date": 1661104468,
            "reputation_change_year": 150,
            "reputation_change_quarter": 150,
            "reputation_change_month": 0,
            "reputation_change_week": 0,
            "reputation_change_day": 0,
            "reputation": 9860,
            "creation_date": 1285776034,
            "user_type": "registered",
            "user_id": 461958,
            "accept_rate": 96,
            "location": "Boulder, CO",
            "website_url": "",
            "link": "https://stackoverflow.com/users/461958/mateuscb",
            "profile_image": "https://i.stack.imgur.com/8U2sN.jpg?s=256&g=1",
            "display_name": "mateuscb"
        },
        {
            "badge_counts": {
                "bronze": 43,
                "silver": 23,
                "gold": 1
            },
            "account_id": 3444668,
            "is_employee": false,
            "last_modified_date": 1656724200,
            "last_access_date": 1677579480,
            "reputation_change_year": 98,
            "reputation_change_quarter": 98,
            "reputation_change_month": 10,
            "reputation_change_week": 10,
            "reputation_change_day": 0,
            "reputation": 9860,
            "creation_date": 1381915369,
            "user_type": "registered",
            "user_id": 2885763,
            "accept_rate": 60,
            "website_url": "",
            "link": "https://stackoverflow.com/users/2885763/neronlevelu",
            "profile_image": "https://i.stack.imgur.com/l4VVG.jpg?s=256&g=1",
            "display_name": "NeronLeVelu"
        },
        {
            "badge_counts": {
                "bronze": 54,
                "silver": 44,
                "gold": 2
            },
            "account_id": 5107,
            "is_employee": false,
            "last_modified_date": 1607615601,
            "last_access_date": 1677791831,
            "reputation_change_year": 50,
            "reputation_change_quarter": 50,
            "reputation_change_month": 0,
            "reputation_change_week": 0,
            "reputation_change_day": 0,
            "reputation": 9859,
            "creation_date": 1221490762,
            "user_type": "registered",
            "user_id": 8037,
            "accept_rate": 40,
            "location": "Scottsdale, AZ",
            "website_url": "http://programcsharp.com",
            "link": "https://stackoverflow.com/users/8037/chris-hynes",
            "profile_image": "https://www.gravatar.com/avatar/7bad109d0328303759eba09b6be6da25?s=256&d=identicon&r=PG",
            "display_name": "Chris Hynes"
        },
        {
            "badge_counts": {
                "bronze": 50,
                "silver": 35,
                "gold": 3
            },
            "account_id": 58069,
            "is_employee": false,
            "last_modified_date": 1657850404,
            "last_access_date": 1652411506,
            "reputation_change_year": 10,
            "reputation_change_quarter": 10,
            "reputation_change_month": 0,
            "reputation_change_week": 0,
            "reputation_change_day": 0,
            "reputation": 9859,
            "creation_date": 1253042665,
            "user_type": "registered",
            "user_id": 173925,
            "accept_rate": 100,
            "location": "Las Vegas, NV, USA",
            "website_url": "http://www.dereleased.com",
            "link": "https://stackoverflow.com/users/173925/dereleased",
            "profile_image": "https://i.stack.imgur.com/PMx1r.jpg?s=256&g=1",
            "display_name": "Dereleased"
        },
        {
            "badge_counts": {
                "bronze": 78,
                "silver": 46,
                "gold": 6
            },
            "account_id": 3188636,
            "is_employee": false,
            "last_modified_date": 1677443701,
            "last_access_date": 1678374017,
            "reputation_change_year": 337,
            "reputation_change_quarter": 337,
            "reputation_change_month": 75,
            "reputation_change_week": 30,
            "reputation_change_day": 0,
            "reputation": 9858,
            "creation_date": 1376815884,
            "user_type": "registered",
            "user_id": 2693543,
            "accept_rate": 64,
            "location": "Berlin, Germany",
            "website_url": "https://shobi.in",
            "link": "https://stackoverflow.com/users/2693543/shobi",
            "profile_image": "https://i.stack.imgur.com/c2tUD.jpg?s=256&g=1",
            "display_name": "Shobi"
        },
        {
            "badge_counts": {
                "bronze": 52,
                "silver": 41,
                "gold": 6
            },
            "account_id": 4634163,
            "is_employee": false,
            "last_modified_date": 1652218803,
            "last_access_date": 1677290391,
            "reputation_change_year": 100,
            "reputation_change_quarter": 100,
            "reputation_change_month": 0,
            "reputation_change_week": 0,
            "reputation_change_day": 0,
            "reputation": 9858,
            "creation_date": 1403170599,
            "user_type": "registered",
            "user_id": 3755845,
            "accept_rate": 83,
            "location": "California, USA",
            "website_url": "",
            "link": "https://stackoverflow.com/users/3755845/louis-barranqueiro",
            "profile_image": "https://www.gravatar.com/avatar/c91acb7faf4cf918fcb1b912810d323d?s=256&d=identicon&r=PG",
            "display_name": "Louis Barranqueiro"
        },
        {
            "badge_counts": {
                "bronze": 30,
                "silver": 20,
                "gold": 3
            },
            "account_id": 3677474,
            "is_employee": false,
            "last_modified_date": 1655249101,
            "last_access_date": 1678360072,
            "reputation_change_year": 385,
            "reputation_change_quarter": 385,
            "reputation_change_month": 20,
            "reputation_change_week": 0,
            "reputation_change_day": 0,
            "reputation": 9857,
            "creation_date": 1386104235,
            "user_type": "registered",
            "user_id": 3063243,
            "location": "Paris, France",
            "website_url": "",
            "link": "https://stackoverflow.com/users/3063243/phi",
            "profile_image": "https://www.gravatar.com/avatar/a88a5195a59ff5fd55255f185f518fdc?s=256&d=identicon&r=PG&f=1",
            "display_name": "phi"
        },
        {
            "badge_counts": {
                "bronze": 56,
                "silver": 47,
                "gold": 6
            },
            "account_id": 25095,
            "is_employee": false,
            "last_modified_date": 1644588303,
            "last_access_date": 1553385781,
            "reputation_change_year": 20,
            "reputation_change_quarter": 20,
            "reputation_change_month": 0,
            "reputation_change_week": 0,
            "reputation_change_day": 0,
            "reputation": 9856,
            "creation_date": 1234201909,
            "user_type": "registered",
            "user_id": 64257,
            "accept_rate": 66,
            "link": "https://stackoverflow.com/users/64257/chris",
            "profile_image": "https://www.gravatar.com/avatar/995ce6ce7f139e8e284361863ffb0fc7?s=256&d=identicon&r=PG",
            "display_name": "Chris"
        },
        {
            "badge_counts": {
                "bronze": 122,
                "silver": 84,
                "gold": 25
            },
            "account_id": 55683,
            "is_employee": false,
            "last_modified_date": 1621685400,
            "last_access_date": 1676692387,
            "reputation_change_year": 50,
            "reputation_change_quarter": 50,
            "reputation_change_month": 10,
            "reputation_change_week": 0,
            "reputation_change_day": 0,
            "reputation": 9856,
            "creation_date": 1251834995,
            "user_type": "registered",
            "user_id": 166836,
            "accept_rate": 78,
            "website_url": "",
            "link": "https://stackoverflow.com/users/166836/sdot257",
            "profile_image": "https://www.gravatar.com/avatar/7dc9b173972bd369209e43dd2c997bab?s=256&d=identicon&r=PG",
            "display_name": "sdot257"
        },
        {
            "badge_counts": {
                "bronze": 22,
                "silver": 17,
                "gold": 2
            },
            "account_id": 2676253,
            "is_employee": false,
            "last_modified_date": 1576925101,
            "last_access_date": 1678368210,
            "reputation_change_year": 20,
            "reputation_change_quarter": 20,
            "reputation_change_month": 0,
            "reputation_change_week": 0,
            "reputation_change_day": 0,
            "reputation": 9856,
            "creation_date": 1366741299,
            "user_type": "registered",
            "user_id": 2312614,
            "location": "Kanpur, Uttar Pradesh, India",
            "website_url": "",
            "link": "https://stackoverflow.com/users/2312614/subodh-tiwari-sktneer",
            "profile_image": "https://i.stack.imgur.com/ra7Jm.jpg?s=256&g=1",
            "display_name": "Subodh Tiwari sktneer"
        },
        {
            "badge_counts": {
                "bronze": 63,
                "silver": 44,
                "gold": 7
            },
            "account_id": 60738,
            "is_employee": false,
            "last_modified_date": 1668513000,
            "last_access_date": 1678374683,
            "reputation_change_year": 90,
            "reputation_change_quarter": 90,
            "reputation_change_month": 10,
            "reputation_change_week": 10,
            "reputation_change_day": 0,
            "reputation": 9855,
            "creation_date": 1254249582,
            "user_type": "registered",
            "user_id": 181337,
            "accept_rate": 62,
            "location": "Santos Lugares, Argentina",
            "website_url": "http://profiles.google.com/fcasco",
            "link": "https://stackoverflow.com/users/181337/facundo-casco",
            "profile_image": "https://www.gravatar.com/avatar/471b3ac93ac8da3a68c8dd72c9225fcd?s=256&d=identicon&r=PG",
            "display_name": "Facundo Casco"
        },
        {
            "badge_counts": {
                "bronze": 112,
                "silver": 75,
                "gold": 10
            },
            "account_id": 135551,
            "is_employee": false,
            "last_modified_date": 1662773700,
            "last_access_date": 1677896242,
            "reputation_change_year": -76,
            "reputation_change_quarter": -76,
            "reputation_change_month": -138,
            "reputation_change_week": 0,
            "reputation_change_day": 0,
            "reputation": 9855,
            "creation_date": 1273594570,
            "user_type": "registered",
            "user_id": 338479,
            "accept_rate": 80,
            "location": "California",
            "website_url": "http://thespamdiaries.blogspot.com",
            "link": "https://stackoverflow.com/users/338479/edward-falk",
            "profile_image": "https://i.stack.imgur.com/nYkXL.jpg?s=256&g=1",
            "display_name": "Edward Falk"
        },
        {
            "badge_counts": {
                "bronze": 46,
                "silver": 32,
                "gold": 5
            },
            "account_id": 227623,
            "is_employee": false,
            "last_modified_date": 1659531900,
            "last_access_date": 1678363796,
            "reputation_change_year": 32,
            "reputation_change_quarter": 32,
            "reputation_change_month": 12,
            "reputation_change_week": 12,
            "reputation_change_day": 0,
            "reputation": 9855,
            "creation_date": 1288215826,
            "user_type": "registered",
            "user_id": 489403,
            "accept_rate": 90,
            "location": "D&#252;sseldorf, Germany",
            "website_url": "https://devmiles.com",
            "link": "https://stackoverflow.com/users/489403/devmiles-com",
            "profile_image": "https://www.gravatar.com/avatar/9c10cb49dafd9528869598ca5d301a6e?s=256&d=identicon&r=PG",
            "display_name": "devmiles.com"
        }
    ],
    "has_more": true,
    "quota_max": 10000,
    "quota_remaining": 7738
}