{
    "items": [
        {
            "badge_counts": {
                "bronze": 37,
                "silver": 28,
                "gold": 1
            },
            "account_id": 56556,
            "is_employee": false,
            "last_modified_date": 1645116900,
            "last_access_date": 1672910651,
            "reputation_change_year": 10,
            "reputation_change_quarter": 10,
            "reputation_change_month": 0,
            "reputation_change_week": 0,
            "reputation_change_day": 0,
            "reputation": 2894,
            "creation_date": 1252283665,
            "user_type": "registered",
            "user_id": 169437,
            "accept_rate": 100,
            "link": "https://stackoverflow.com/users/169437/alecco",
            "profile_image": "https://i.stack.imgur.com/OjV3B.png?s=256&g=1",
            "display_name": "alecco"
        },
        {
            "badge_counts": {
                "bronze": 25,
                "silver": 27,
                "gold": 2
            },
            "account_id": 149507,
            "is_employee": false,
            "last_modified_date": 1573685252,
            "last_access_date": 1660842232,
            "reputation_change_year": 10,
            "reputation_change_quarter": 10,
            "reputation_change_month": 0,
            "reputation_change_week": 0,
            "reputation_change_day": 0,
            "reputation": 2894,
            "creation_date": 1276056908,
            "user_type": "registered",
            "user_id": 362042,
            "accept_rate": 100,
            "location": "Bay Area, CA, United States",
            "website_url": "http://codefromabove.com",
            "link": "https://stackoverflow.com/users/362042/dakota",
            "profile_image": "https://i.stack.imgur.com/6aMpz.jpg?s=256&g=1",
            "display_name": "Dakota"
        },
        {
            "badge_counts": {
                "bronze": 14,
                "silver": 17,
                "gold": 1
            },
            "account_id": 166955,
            "is_employee": false,
            "last_modified_date": 1654807200,
            "last_access_date": 1675247510,
            "reputation_change_year": 40,
            "reputation_change_quarter": 40,
            "reputation_change_month": 10,
            "reputation_change_week": 10,
            "reputation_change_day": 0,
            "reputation": 2894,
            "creation_date": 1279102662,
            "user_type": "registered",
            "user_id": 391432,
            "accept_rate": 100,
            "location": "Hyderabad, Telangana, India",
            "website_url": "http://rohitja.in",
            "link": "https://stackoverflow.com/users/391432/rohit-jain",
            "profile_image": "https://www.gravatar.com/avatar/2d79cc7007653a8c5b77f3b4032fd015?s=256&d=identicon&r=PG",
            "display_name": "Rohit Jain"
        },
        {
            "badge_counts": {
                "bronze": 86,
                "silver": 46,
                "gold": 6
            },
            "account_id": 195254,
            "is_employee": false,
            "last_modified_date": 1653135300,
            "last_access_date": 1572088739,
            "reputation_change_year": 20,
            "reputation_change_quarter": 20,
            "reputation_change_month": 10,
            "reputation_change_week": 0,
            "reputation_change_day": 0,
            "reputation": 2894,
            "creation_date": 1283435308,
            "user_type": "registered",
            "user_id": 438039,
            "accept_rate": 83,
            "website_url": "",
            "link": "https://stackoverflow.com/users/438039/kagali-san",
            "profile_image": "https://www.gravatar.com/avatar/16dc9a9ba1826f5e89204a7df84cfde0?s=256&d=identicon&r=PG",
            "display_name": "kagali-san"
        },
        {
            "badge_counts": {
                "bronze": 25,
                "silver": 20,
                "gold": 5
            },
            "account_id": 223973,
            "is_employee": false,
            "last_modified_date": 1658542500,
            "last_access_date": 1652173024,
            "reputation_change_year": 0,
            "reputation_change_quarter": 0,
            "reputation_change_month": 0,
            "reputation_change_week": 0,
            "reputation_change_day": 0,
            "reputation": 2894,
            "creation_date": 1287692397,
            "user_type": "registered",
            "user_id": 483510,
            "accept_rate": 27,
            "website_url": "",
            "link": "https://stackoverflow.com/users/483510/ppalmeida",
            "profile_image": "https://graph.facebook.com/100000496839612/picture?type=large",
            "display_name": "ppalmeida"
        },
        {
            "badge_counts": {
                "bronze": 38,
                "silver": 24,
                "gold": 2
            },
            "account_id": 231741,
            "is_employee": false,
            "last_modified_date": 1601107800,
            "last_access_date": 1611692514,
            "reputation_change_year": 0,
            "reputation_change_quarter": 0,
            "reputation_change_month": 0,
            "reputation_change_week": 0,
            "reputation_change_day": 0,
            "reputation": 2894,
            "creation_date": 1288798781,
            "user_type": "registered",
            "user_id": 496127,
            "accept_rate": 100,
            "location": "Reston, VA, United States",
            "website_url": "http://www.pwan.org",
            "link": "https://stackoverflow.com/users/496127/pwan",
            "profile_image": "https://www.gravatar.com/avatar/1c4e19858bc048f8dedafa3877823e8f?s=256&d=identicon&r=PG&f=1",
            "display_name": "pwan"
        },
        {
            "badge_counts": {
                "bronze": 30,
                "silver": 24,
                "gold": 3
            },
            "account_id": 302572,
            "is_employee": false,
            "last_modified_date": 1677774612,
            "last_access_date": 1678105245,
            "reputation_change_year": 30,
            "reputation_change_quarter": 30,
            "reputation_change_month": 10,
            "reputation_change_week": 0,
            "reputation_change_day": 0,
            "reputation": 2894,
            "creation_date": 1297325749,
            "user_type": "registered",
            "user_id": 611020,
            "accept_rate": 85,
            "location": "Jerusalem, Israel",
            "website_url": "",
            "link": "https://stackoverflow.com/users/611020/benjamin-harel",
            "profile_image": "https://i.stack.imgur.com/jpH8f.png?s=256&g=1",
            "display_name": "Benjamin Harel"
        },
        {
            "badge_counts": {
                "bronze": 31,
                "silver": 19,
                "gold": 2
            },
            "account_id": 410604,
            "is_employee": false,
            "last_modified_date": 1588398300,
            "last_access_date": 1678365998,
            "reputation_change_year": 30,
            "reputation_change_quarter": 30,
            "reputation_change_month": 0,
            "reputation_change_week": 0,
            "reputation_change_day": 0,
            "reputation": 2894,
            "creation_date": 1307096956,
            "user_type": "registered",
            "user_id": 782529,
            "accept_rate": 47,
            "location": "France",
            "website_url": "http://cutebugs.net",
            "link": "https://stackoverflow.com/users/782529/mathieu",
            "profile_image": "https://www.gravatar.com/avatar/019e76291be98fe873f88d1ae8670673?s=256&d=identicon&r=PG",
            "display_name": "mathieu"
        },
        {
            "badge_counts": {
                "bronze": 27,
                "silver": 21,
                "gold": 5
            },
            "account_id": 442364,
            "is_employee": false,
            "last_modified_date": 1656316500,
            "last_access_date": 1378195418,
            "reputation_change_year": 20,
            "reputation_change_quarter": 20,
            "reputation_change_month": 10,
            "reputation_change_week": 0,
            "reputation_change_day": 0,
            "reputation": 2894,
            "creation_date": 1310019607,
            "user_type": "registered",
            "user_id": 832949,
            "accept_rate": 76,
            "link": "https://stackoverflow.com/users/832949/a-s",
            "profile_image": "https://www.gravatar.com/avatar/217a7ee60db81abdf4c71c6ee2a529ea?s=256&d=identicon&r=PG",
            "display_name": "A S"
        },
        {
            "badge_counts": {
                "bronze": 24,
                "silver": 19,
                "gold": 1
            },
            "account_id": 469456,
            "is_employee": false,
            "last_modified_date": 1659638100,
            "last_access_date": 1678278665,
            "reputation_change_year": 30,
            "reputation_change_quarter": 30,
            "reputation_change_month": 0,
            "reputation_change_week": 0,
            "reputation_change_day": 0,
            "reputation": 2894,
            "creation_date": 1312354849,
            "user_type": "registered",
            "user_id": 876038,
            "accept_rate": 50,
            "website_url": "",
            "link": "https://stackoverflow.com/users/876038/alexander",
            "profile_image": "https://www.gravatar.com/avatar/53b42c97180ddf1de2c63b7eef402ed0?s=256&d=identicon&r=PG&f=1",
            "display_name": "Alexander"
        },
        {
            "badge_counts": {
                "bronze": 24,
                "silver": 17,
                "gold": 0
            },
            "account_id": 1022312,
            "is_employee": false,
            "last_modified_date": 1628016900,
            "last_access_date": 1575141653,
            "reputation_change_year": 10,
            "reputation_change_quarter": 10,
            "reputation_change_month": 10,
            "reputation_change_week": 0,
            "reputation_change_day": 0,
            "reputation": 2894,
            "creation_date": 1320592113,
            "user_type": "registered",
            "user_id": 1032340,
            "location": "Houston, TX, USA",
            "website_url": "https://dvnguyen.com",
            "link": "https://stackoverflow.com/users/1032340/dvnguyen",
            "profile_image": "https://i.stack.imgur.com/tUV0d.jpg?s=256&g=1",
            "display_name": "dvnguyen"
        },
        {
            "badge_counts": {
                "bronze": 44,
                "silver": 26,
                "gold": 1
            },
            "account_id": 1529892,
            "is_employee": false,
            "last_modified_date": 1660605492,
            "last_access_date": 1678354069,
            "reputation_change_year": 48,
            "reputation_change_quarter": 48,
            "reputation_change_month": 20,
            "reputation_change_week": 10,
            "reputation_change_day": 0,
            "reputation": 2894,
            "creation_date": 1338430538,
            "user_type": "registered",
            "user_id": 1427338,
            "accept_rate": 50,
            "location": "Port-au-Prince, Haiti",
            "website_url": "https://www.fruitsbytes.com/",
            "link": "https://stackoverflow.com/users/1427338/jeffrey-nicholson-carr%c3%a9",
            "profile_image": "https://i.stack.imgur.com/eCerr.png?s=256&g=1",
            "display_name": "Jeffrey Nicholson Carr&#233;"
        },
        {
            "badge_counts": {
                "bronze": 30,
                "silver": 18,
                "gold": 1
            },
            "account_id": 1539682,
            "is_employee": false,
            "last_modified_date": 1618046700,
            "last_access_date": 1678357605,
            "reputation_change_year": 115,
            "reputation_change_quarter": 115,
            "reputation_change_month": 10,
            "reputation_change_week": 10,
            "reputation_change_day": 0,
            "reputation": 2894,
            "creation_date": 1338796069,
            "user_type": "registered",
            "user_id": 1434632,
            "accept_rate": 100,
            "location": "Ho Chi Minh City, Vietnam",
            "website_url": "https://kaiz.space",
            "link": "https://stackoverflow.com/users/1434632/kai",
            "profile_image": "https://i.stack.imgur.com/axV6i.jpg?s=256&g=1",
            "display_name": "Kai"
        },
        {
            "badge_counts": {
                "bronze": 21,
                "silver": 16,
                "gold": 2
            },
            "account_id": 1006637,
            "is_employee": false,
            "last_modified_date": 1655154600,
            "last_access_date": 1678336388,
            "reputation_change_year": 69,
            "reputation_change_quarter": 69,
            "reputation_change_month": 10,
            "reputation_change_week": 10,
            "reputation_change_day": 0,
            "reputation": 2894,
            "creation_date": 1319928695,
            "user_type": "registered",
            "user_id": 1443533,
            "accept_rate": 25,
            "website_url": "http://jacobt.com",
            "link": "https://stackoverflow.com/users/1443533/jacob-thomason",
            "profile_image": "https://www.gravatar.com/avatar/fa01dd1ae5e40cca5e6e5b5f694c5d9a?s=256&d=identicon&r=PG",
            "display_name": "Jacob Thomason"
        },
        {
            "badge_counts": {
                "bronze": 59,
                "silver": 32,
                "gold": 3
            },
            "account_id": 2198326,
            "is_employee": false,
            "last_modified_date": 1647051900,
            "last_access_date": 1675775623,
            "reputation_change_year": 38,
            "reputation_change_quarter": 38,
            "reputation_change_month": 0,
            "reputation_change_week": 0,
            "reputation_change_day": 0,
            "reputation": 2894,
            "creation_date": 1357144844,
            "user_type": "registered",
            "user_id": 1943432,
            "accept_rate": 9,
            "link": "https://stackoverflow.com/users/1943432/rolintocour",
            "profile_image": "https://www.gravatar.com/avatar/e82229289291cfea4277c0e85d9b29b3?s=256&d=identicon&r=PG",
            "display_name": "Rolintocour"
        },
        {
            "badge_counts": {
                "bronze": 54,
                "silver": 32,
                "gold": 5
            },
            "account_id": 1688527,
            "is_employee": false,
            "last_modified_date": 1660295400,
            "last_access_date": 1678074683,
            "reputation_change_year": 50,
            "reputation_change_quarter": 50,
            "reputation_change_month": 30,
            "reputation_change_week": 10,
            "reputation_change_day": 0,
            "reputation": 2894,
            "creation_date": 1357329739,
            "user_type": "registered",
            "user_id": 1949676,
            "accept_rate": 36,
            "location": "Ahmadabad, India",
            "website_url": "",
            "link": "https://stackoverflow.com/users/1949676/napster",
            "profile_image": "https://i.stack.imgur.com/Z6xX5.jpg?s=256&g=1",
            "display_name": "Napster"
        },
        {
            "badge_counts": {
                "bronze": 66,
                "silver": 35,
                "gold": 5
            },
            "account_id": 2449026,
            "is_employee": false,
            "last_modified_date": 1668823802,
            "last_access_date": 1678378974,
            "reputation_change_year": 70,
            "reputation_change_quarter": 70,
            "reputation_change_month": 20,
            "reputation_change_week": 0,
            "reputation_change_day": 0,
            "reputation": 2894,
            "creation_date": 1362485940,
            "user_type": "registered",
            "user_id": 2135719,
            "accept_rate": 81,
            "website_url": "",
            "link": "https://stackoverflow.com/users/2135719/gvdm",
            "profile_image": "https://www.gravatar.com/avatar/f4b94d909637c5feed80d4cacf06093b?s=256&d=identicon&r=PG",
            "display_name": "gvdm"
        },
        {
            "badge_counts": {
                "bronze": 24,
                "silver": 18,
                "gold": 4
            },
            "account_id": 2582600,
            "is_employee": false,
            "last_modified_date": 1635183301,
            "last_access_date": 1667371874,
            "reputation_change_year": 10,
            "reputation_change_quarter": 10,
            "reputation_change_month": 0,
            "reputation_change_week": 0,
            "reputation_change_day": 0,
            "reputation": 2894,
            "creation_date": 1364966428,
            "user_type": "registered",
            "user_id": 2238940,
            "accept_rate": 27,
            "location": "Malaysia",
            "website_url": "",
            "link": "https://stackoverflow.com/users/2238940/gayathri-mohan",
            "profile_image": "https://i.stack.imgur.com/GzI38.jpg?s=256&g=1",
            "display_name": "Gayathri Mohan"
        },
        {
            "badge_counts": {
                "bronze": 19,
                "silver": 18,
                "gold": 1
            },
            "account_id": 2920322,
            "is_employee": false,
            "last_modified_date": 1639078476,
            "last_access_date": 1663344251,
            "reputation_change_year": 50,
            "reputation_change_quarter": 50,
            "reputation_change_month": 0,
            "reputation_change_week": 0,
            "reputation_change_day": 0,
            "reputation": 2894,
            "creation_date": 1371671577,
            "user_type": "registered",
            "user_id": 2502746,
            "location": "Randstad, Pa&#237;ses Baixos",
            "website_url": "",
            "link": "https://stackoverflow.com/users/2502746/ian",
            "profile_image": "https://www.gravatar.com/avatar/f2cc7edb1b68ec59a37fef5bb99a436d?s=256&d=identicon&r=PG",
            "display_name": "Ian"
        },
        {
            "badge_counts": {
                "bronze": 25,
                "silver": 18,
                "gold": 1
            },
            "account_id": 3071160,
            "is_employee": false,
            "last_modified_date": 1607614723,
            "last_access_date": 1677743149,
            "reputation_change_year": 12,
            "reputation_change_quarter": 12,
            "reputation_change_month": 0,
            "reputation_change_week": 0,
            "reputation_change_day": 0,
            "reputation": 2894,
            "creation_date": 1374306210,
            "user_type": "registered",
            "user_id": 2601788,
            "accept_rate": 100,
            "location": "Vancouver, Canada",
            "website_url": "",
            "link": "https://stackoverflow.com/users/2601788/nikita",
            "profile_image": "https://i.stack.imgur.com/j3y9v.jpg?s=256&g=1",
            "display_name": "Nikita"
        },
        {
            "badge_counts": {
                "bronze": 16,
                "silver": 13,
                "gold": 3
            },
            "account_id": 3917139,
            "is_employee": false,
            "last_modified_date": 1664540700,
            "last_access_date": 1678377290,
            "reputation_change_year": 70,
            "reputation_change_quarter": 70,
            "reputation_change_month": 10,
            "reputation_change_week": 0,
            "reputation_change_day": 0,
            "reputation": 2894,
            "creation_date": 1390831035,
            "user_type": "registered",
            "user_id": 3240699,
            "website_url": "",
            "link": "https://stackoverflow.com/users/3240699/jeyko",
            "profile_image": "https://graph.facebook.com/100000462347994/picture?type=large",
            "display_name": "jeyko"
        },
        {
            "badge_counts": {
                "bronze": 71,
                "silver": 44,
                "gold": 9
            },
            "account_id": 4009282,
            "is_employee": false,
            "last_modified_date": 1670029800,
            "last_access_date": 1676830986,
            "reputation_change_year": 90,
            "reputation_change_quarter": 90,
            "reputation_change_month": 10,
            "reputation_change_week": 10,
            "reputation_change_day": 10,
            "reputation": 2894,
            "creation_date": 1392231836,
            "user_type": "registered",
            "user_id": 3303155,
            "accept_rate": 77,
            "location": "Canada",
            "website_url": "",
            "link": "https://stackoverflow.com/users/3303155/root-loop",
            "profile_image": "https://i.stack.imgur.com/UTyYU.jpg?s=256&g=1",
            "display_name": "Root Loop"
        },
        {
            "badge_counts": {
                "bronze": 39,
                "silver": 22,
                "gold": 7
            },
            "account_id": 4051748,
            "is_employee": false,
            "last_modified_date": 1670442010,
            "last_access_date": 1678310816,
            "reputation_change_year": 20,
            "reputation_change_quarter": 20,
            "reputation_change_month": 0,
            "reputation_change_week": 0,
            "reputation_change_day": 0,
            "reputation": 2894,
            "creation_date": 1402952212,
            "user_type": "registered",
            "user_id": 3746375,
            "accept_rate": 55,
            "location": "Berkeley, CA, United States",
            "website_url": "http://none",
            "link": "https://stackoverflow.com/users/3746375/bhzag",
            "profile_image": "https://www.gravatar.com/avatar/8e5a03c199ad9a769c5d497399f32730?s=256&d=identicon&r=PG&f=1",
            "display_name": "bhzag"
        },
        {
            "badge_counts": {
                "bronze": 31,
                "silver": 14,
                "gold": 1
            },
            "account_id": 4718602,
            "is_employee": false,
            "last_modified_date": 1634915101,
            "last_access_date": 1671651067,
            "reputation_change_year": 18,
            "reputation_change_quarter": 18,
            "reputation_change_month": 0,
            "reputation_change_week": 0,
            "reputation_change_day": 0,
            "reputation": 2894,
            "creation_date": 1404834128,
            "user_type": "registered",
            "user_id": 3817152,
            "accept_rate": 67,
            "location": "Kolkata, West Bengal, India",
            "website_url": "http://about.me/debmalya.biswas",
            "link": "https://stackoverflow.com/users/3817152/deb",
            "profile_image": "https://i.stack.imgur.com/HvjWc.jpg?s=256&g=1",
            "display_name": "Deb"
        },
        {
            "badge_counts": {
                "bronze": 7,
                "silver": 10,
                "gold": 2
            },
            "account_id": 1491342,
            "is_employee": false,
            "last_modified_date": 1674835500,
            "last_access_date": 1678287681,
            "reputation_change_year": 101,
            "reputation_change_quarter": 101,
            "reputation_change_month": 10,
            "reputation_change_week": 10,
            "reputation_change_day": 0,
            "reputation": 2894,
            "creation_date": 1418952905,
            "user_type": "registered",
            "user_id": 4376342,
            "location": "Brussels, Belgique",
            "link": "https://stackoverflow.com/users/4376342/soitje",
            "profile_image": "https://www.gravatar.com/avatar/0c9bafdbec21566db49a704ea2190b44?s=256&d=identicon&r=PG&f=1",
            "display_name": "Soitje"
        },
        {
            "badge_counts": {
                "bronze": 28,
                "silver": 15,
                "gold": 0
            },
            "account_id": 5537845,
            "is_employee": false,
            "last_modified_date": 1573679897,
            "last_access_date": 1599641231,
            "reputation_change_year": 20,
            "reputation_change_quarter": 20,
            "reputation_change_month": 0,
            "reputation_change_week": 0,
            "reputation_change_day": 0,
            "reputation": 2894,
            "creation_date": 1419589360,
            "user_type": "registered",
            "user_id": 4395530,
            "location": "Yangon, Myanmar",
            "website_url": "http://yeminhtut.com",
            "link": "https://stackoverflow.com/users/4395530/ye-min-htut",
            "profile_image": "https://graph.facebook.com/100007756714288/picture?type=large",
            "display_name": "Ye Min Htut"
        },
        {
            "badge_counts": {
                "bronze": 44,
                "silver": 23,
                "gold": 3
            },
            "account_id": 6764603,
            "is_employee": false,
            "last_modified_date": 1657333500,
            "last_access_date": 1678340462,
            "reputation_change_year": 50,
            "reputation_change_quarter": 50,
            "reputation_change_month": 10,
            "reputation_change_week": 10,
            "reputation_change_day": 0,
            "reputation": 2894,
            "creation_date": 1439188723,
            "user_type": "registered",
            "user_id": 5209982,
            "accept_rate": 58,
            "location": "Bangalore",
            "website_url": "",
            "link": "https://stackoverflow.com/users/5209982/vipin-negi",
            "profile_image": "https://lh6.googleusercontent.com/-9ySpDpFKI2E/AAAAAAAAAAI/AAAAAAAABKs/OwWRKIiCZps/photo.jpg?sz=256",
            "display_name": "VipiN Negi"
        },
        {
            "badge_counts": {
                "bronze": 71,
                "silver": 27,
                "gold": 3
            },
            "account_id": 10044646,
            "is_employee": false,
            "last_modified_date": 1660957500,
            "last_access_date": 1652927320,
            "reputation_change_year": 30,
            "reputation_change_quarter": 30,
            "reputation_change_month": 0,
            "reputation_change_week": 0,
            "reputation_change_day": 0,
            "reputation": 2894,
            "creation_date": 1484584335,
            "user_type": "registered",
            "user_id": 7426461,
            "accept_rate": 66,
            "location": "Memphis, TN, USA",
            "website_url": "",
            "link": "https://stackoverflow.com/users/7426461/cannon-moyer",
            "profile_image": "https://i.stack.imgur.com/Ldwxy.jpg?s=256&g=1",
            "display_name": "Cannon Moyer"
        },
        {
            "badge_counts": {
                "bronze": 34,
                "silver": 13,
                "gold": 4
            },
            "account_id": 13318942,
            "is_employee": false,
            "last_modified_date": 1665420900,
            "last_access_date": 1678344385,
            "reputation_change_year": 50,
            "reputation_change_quarter": 50,
            "reputation_change_month": 0,
            "reputation_change_week": 0,
            "reputation_change_day": 0,
            "reputation": 2894,
            "creation_date": 1523173270,
            "user_type": "registered",
            "user_id": 9614331,
            "location": "Dhaka, Bangladesh",
            "website_url": "https://www.linkedin.com/in/aavijitbarua/",
            "link": "https://stackoverflow.com/users/9614331/avijit-barua",
            "profile_image": "https://www.gravatar.com/avatar/a73db37edfcd7d9270bdfa3f50730606?s=256&d=identicon&r=PG&f=1",
            "display_name": "Avijit Barua"
        },
        {
            "badge_counts": {
                "bronze": 12,
                "silver": 18,
                "gold": 2
            },
            "account_id": 7771,
            "is_employee": false,
            "last_modified_date": 1617801000,
            "last_access_date": 1288894800,
            "reputation_change_year": 0,
            "reputation_change_quarter": 0,
            "reputation_change_month": 0,
            "reputation_change_week": 0,
            "reputation_change_day": 0,
            "reputation": 2893,
            "creation_date": 1221595550,
            "user_type": "registered",
            "user_id": 13594,
            "accept_rate": 60,
            "link": "https://stackoverflow.com/users/13594/vintana",
            "profile_image": "https://www.gravatar.com/avatar/2ef9609286d3af36a9ab8431212d028b?s=256&d=identicon&r=PG",
            "display_name": "vintana"
        },
        {
            "badge_counts": {
                "bronze": 57,
                "silver": 37,
                "gold": 6
            },
            "account_id": 19380,
            "is_employee": false,
            "last_modified_date": 1634807282,
            "last_access_date": 1645198453,
            "reputation_change_year": 20,
            "reputation_change_quarter": 20,
            "reputation_change_month": 0,
            "reputation_change_week": 0,
            "reputation_change_day": 0,
            "reputation": 2893,
            "creation_date": 1229010645,
            "user_type": "registered",
            "user_id": 45390,
            "accept_rate": 81,
            "location": "Utrecht, Netherlands",
            "website_url": "https://blog.abstractinvoke.com/",
            "link": "https://stackoverflow.com/users/45390/hannes-de-jager",
            "profile_image": "https://www.gravatar.com/avatar/cc8ae49cb2ee9881b47785fd38d0a93d?s=256&d=identicon&r=PG",
            "display_name": "Hannes de Jager"
        },
        {
            "badge_counts": {
                "bronze": 40,
                "silver": 32,
                "gold": 3
            },
            "account_id": 31213,
            "is_employee": false,
            "last_modified_date": 1643331900,
            "last_access_date": 1678355865,
            "reputation_change_year": 0,
            "reputation_change_quarter": 0,
            "reputation_change_month": 0,
            "reputation_change_week": 0,
            "reputation_change_day": 0,
            "reputation": 2893,
            "creation_date": 1238574311,
            "user_type": "registered",
            "user_id": 85556,
            "accept_rate": 82,
            "location": "London, United Kingdom",
            "website_url": "http://www.stefanoricciardi.com",
            "link": "https://stackoverflow.com/users/85556/stefano-ricciardi",
            "profile_image": "https://www.gravatar.com/avatar/fd01d24a2f1dde438f0ef2ed23d93854?s=256&d=identicon&r=PG",
            "display_name": "Stefano Ricciardi"
        },
        {
            "badge_counts": {
                "bronze": 30,
                "silver": 20,
                "gold": 1
            },
            "account_id": 41498,
            "is_employee": false,
            "last_modified_date": 1655928067,
            "last_access_date": 1678245012,
            "reputation_change_year": 0,
            "reputation_change_quarter": 0,
            "reputation_change_month": 0,
            "reputation_change_week": 0,
            "reputation_change_day": 0,
            "reputation": 2893,
            "creation_date": 1244652668,
            "user_type": "registered",
            "user_id": 120673,
            "accept_rate": 100,
            "website_url": "",
            "link": "https://stackoverflow.com/users/120673/drstevens",
            "profile_image": "https://www.gravatar.com/avatar/f7335c0d69738a1873a03173b3fc283f?s=256&d=identicon&r=PG",
            "display_name": "drstevens"
        },
        {
            "badge_counts": {
                "bronze": 39,
                "silver": 26,
                "gold": 2
            },
            "account_id": 75144,
            "is_employee": false,
            "last_modified_date": 1601367000,
            "last_access_date": 1669908892,
            "reputation_change_year": 20,
            "reputation_change_quarter": 20,
            "reputation_change_month": 0,
            "reputation_change_week": 0,
            "reputation_change_day": 0,
            "reputation": 2893,
            "creation_date": 1258736474,
            "user_type": "registered",
            "user_id": 215614,
            "accept_rate": 75,
            "location": "Houston, TX",
            "website_url": "http://www.drivingforceauto.com",
            "link": "https://stackoverflow.com/users/215614/fordareh",
            "profile_image": "https://www.gravatar.com/avatar/886380d288049d25535390879481795d?s=256&d=identicon&r=PG",
            "display_name": "fordareh"
        },
        {
            "badge_counts": {
                "bronze": 22,
                "silver": 17,
                "gold": 2
            },
            "account_id": 194097,
            "is_employee": false,
            "last_modified_date": 1668468001,
            "last_access_date": 1678298896,
            "reputation_change_year": 28,
            "reputation_change_quarter": 28,
            "reputation_change_month": 0,
            "reputation_change_week": 0,
            "reputation_change_day": 0,
            "reputation": 2893,
            "creation_date": 1283276410,
            "user_type": "registered",
            "user_id": 436210,
            "location": "Vermont, USA",
            "website_url": "http://www.approachingpi.com",
            "link": "https://stackoverflow.com/users/436210/tea-curran",
            "profile_image": "https://i.stack.imgur.com/N5CME.jpg?s=256&g=1",
            "display_name": "Tea Curran"
        },
        {
            "badge_counts": {
                "bronze": 124,
                "silver": 59,
                "gold": 10
            },
            "account_id": 253757,
            "is_employee": false,
            "last_modified_date": 1676081400,
            "last_access_date": 1678363303,
            "reputation_change_year": 19,
            "reputation_change_quarter": 19,
            "reputation_change_month": 0,
            "reputation_change_week": 0,
            "reputation_change_day": 0,
            "reputation": 2893,
            "creation_date": 1291658230,
            "user_type": "registered",
            "user_id": 532675,
            "accept_rate": 84,
            "location": "Krivoy Rog, Ukraine",
            "website_url": "",
            "link": "https://stackoverflow.com/users/532675/lexeme",
            "profile_image": "https://www.gravatar.com/avatar/529981b25ff68802b428af90a7bec74b?s=256&d=identicon&r=PG",
            "display_name": "lexeme"
        },
        {
            "badge_counts": {
                "bronze": 7,
                "silver": 17,
                "gold": 5
            },
            "account_id": 701697,
            "is_employee": false,
            "last_modified_date": 1655511900,
            "last_access_date": 1302857665,
            "reputation_change_year": 40,
            "reputation_change_quarter": 40,
            "reputation_change_month": 0,
            "reputation_change_week": 0,
            "reputation_change_day": 0,
            "reputation": 2893,
            "creation_date": 1296121118,
            "user_type": "unregistered",
            "user_id": 591940,
            "accept_rate": 0,
            "link": "https://stackoverflow.com/users/591940/dew",
            "profile_image": "https://www.gravatar.com/avatar/87fcf026e0f1598bd0b8e418479e1e05?s=256&d=identicon&r=PG",
            "display_name": "Dew"
        },
        {
            "badge_counts": {
                "bronze": 23,
                "silver": 19,
                "gold": 3
            },
            "account_id": 302556,
            "is_employee": false,
            "last_modified_date": 1604516700,
            "last_access_date": 1524033324,
            "reputation_change_year": 30,
            "reputation_change_quarter": 30,
            "reputation_change_month": 0,
            "reputation_change_week": 0,
            "reputation_change_day": 0,
            "reputation": 2893,
            "creation_date": 1297323923,
            "user_type": "registered",
            "user_id": 610996,
            "accept_rate": 92,
            "location": "Swindon, UK",
            "website_url": "",
            "link": "https://stackoverflow.com/users/610996/neha",
            "profile_image": "https://www.gravatar.com/avatar/93d1ee67d8d4dc83e33b2fcc027133fd?s=256&d=identicon&r=PG",
            "display_name": "Neha"
        },
        {
            "badge_counts": {
                "bronze": 26,
                "silver": 24,
                "gold": 0
            },
            "account_id": 304229,
            "is_employee": false,
            "last_modified_date": 1658327100,
            "last_access_date": 1678124560,
            "reputation_change_year": 10,
            "reputation_change_quarter": 10,
            "reputation_change_month": 0,
            "reputation_change_week": 0,
            "reputation_change_day": 0,
            "reputation": 2893,
            "creation_date": 1297456870,
            "user_type": "registered",
            "user_id": 613620,
            "website_url": "",
            "link": "https://stackoverflow.com/users/613620/tim-p",
            "profile_image": "https://www.gravatar.com/avatar/78ba838b3271b96e0e58cc2dba0d01f0?s=256&d=identicon&r=PG",
            "display_name": "Tim P."
        },
        {
            "badge_counts": {
                "bronze": 45,
                "silver": 26,
                "gold": 6
            },
            "account_id": 326993,
            "is_employee": false,
            "last_modified_date": 1672585500,
            "last_access_date": 1678328763,
            "reputation_change_year": 100,
            "reputation_change_quarter": 100,
            "reputation_change_month": 0,
            "reputation_change_week": 0,
            "reputation_change_day": 0,
            "reputation": 2893,
            "creation_date": 1299547135,
            "user_type": "registered",
            "user_id": 649090,
            "accept_rate": 27,
            "link": "https://stackoverflow.com/users/649090/kashif",
            "profile_image": "https://www.gravatar.com/avatar/383fae71e6b102d98629de9345923126?s=256&d=identicon&r=PG",
            "display_name": "Kashif"
        },
        {
            "badge_counts": {
                "bronze": 50,
                "silver": 30,
                "gold": 2
            },
            "account_id": 347942,
            "is_employee": false,
            "last_modified_date": 1660826700,
            "last_access_date": 1677807892,
            "reputation_change_year": 60,
            "reputation_change_quarter": 60,
            "reputation_change_month": 0,
            "reputation_change_week": 0,
            "reputation_change_day": 0,
            "reputation": 2893,
            "creation_date": 1251249180,
            "user_type": "registered",
            "user_id": 682349,
            "accept_rate": 86,
            "location": "San Francisco",
            "website_url": "http://www.ultrasaurus.com",
            "link": "https://stackoverflow.com/users/682349/ultrasaurus",
            "profile_image": "https://www.gravatar.com/avatar/20ee0d23c969c7740d3c936a4675bb23?s=256&d=identicon&r=PG",
            "display_name": "Ultrasaurus"
        },
        {
            "badge_counts": {
                "bronze": 45,
                "silver": 31,
                "gold": 4
            },
            "account_id": 450813,
            "is_employee": false,
            "last_modified_date": 1677348600,
            "last_access_date": 1678366512,
            "reputation_change_year": 40,
            "reputation_change_quarter": 40,
            "reputation_change_month": 10,
            "reputation_change_week": 10,
            "reputation_change_day": 0,
            "reputation": 2893,
            "creation_date": 1310728520,
            "user_type": "registered",
            "user_id": 846340,
            "accept_rate": 42,
            "website_url": "http://gusev.io",
            "link": "https://stackoverflow.com/users/846340/peetonn",
            "profile_image": "https://www.gravatar.com/avatar/b4e01fd7f5752f9de60d5a8b96460392?s=256&d=identicon&r=PG",
            "display_name": "peetonn"
        },
        {
            "badge_counts": {
                "bronze": 59,
                "silver": 38,
                "gold": 5
            },
            "account_id": 1155476,
            "is_employee": false,
            "last_modified_date": 1648090804,
            "last_access_date": 1678233446,
            "reputation_change_year": 42,
            "reputation_change_quarter": 42,
            "reputation_change_month": 0,
            "reputation_change_week": 0,
            "reputation_change_day": 0,
            "reputation": 2893,
            "creation_date": 1325957900,
            "user_type": "registered",
            "user_id": 1136218,
            "accept_rate": 80,
            "website_url": "",
            "link": "https://stackoverflow.com/users/1136218/leo",
            "profile_image": "https://www.gravatar.com/avatar/b61cf565a9787baa3cb62b42d5500e6a?s=256&d=identicon&r=PG",
            "display_name": "Leo"
        },
        {
            "badge_counts": {
                "bronze": 39,
                "silver": 25,
                "gold": 1
            },
            "account_id": 3331975,
            "is_employee": false,
            "last_modified_date": 1651753716,
            "last_access_date": 1671543498,
            "reputation_change_year": 20,
            "reputation_change_quarter": 20,
            "reputation_change_month": 10,
            "reputation_change_week": 10,
            "reputation_change_day": 10,
            "reputation": 2893,
            "creation_date": 1379710017,
            "user_type": "registered",
            "user_id": 2800700,
            "accept_rate": 62,
            "location": "Denmark",
            "website_url": "",
            "link": "https://stackoverflow.com/users/2800700/michael-falck-wedelg%c3%a5rd",
            "profile_image": "https://graph.facebook.com/1240394859/picture?type=large",
            "display_name": "Michael Falck Wedelg&#229;rd"
        },
        {
            "badge_counts": {
                "bronze": 22,
                "silver": 14,
                "gold": 0
            },
            "account_id": 3393320,
            "is_employee": false,
            "last_modified_date": 1655513401,
            "last_access_date": 1669138698,
            "reputation_change_year": 0,
            "reputation_change_quarter": 0,
            "reputation_change_month": 0,
            "reputation_change_week": 0,
            "reputation_change_day": 0,
            "reputation": 2893,
            "creation_date": 1380909212,
            "user_type": "registered",
            "user_id": 2847643,
            "accept_rate": 100,
            "location": "Warsaw, Poland",
            "website_url": "",
            "link": "https://stackoverflow.com/users/2847643/user2847643",
            "profile_image": "https://i.stack.imgur.com/PmATO.jpg?s=256&g=1",
            "display_name": "user2847643"
        },
        {
            "badge_counts": {
                "bronze": 18,
                "silver": 17,
                "gold": 2
            },
            "account_id": 3580697,
            "is_employee": false,
            "last_modified_date": 1607614686,
            "last_access_date": 1634032624,
            "reputation_change_year": 20,
            "reputation_change_quarter": 20,
            "reputation_change_month": 0,
            "reputation_change_week": 0,
            "reputation_change_day": 0,
            "reputation": 2893,
            "creation_date": 1384366026,
            "user_type": "registered",
            "user_id": 2988981,
            "accept_rate": 0,
            "location": "Fortaleza, Brazil",
            "website_url": "",
            "link": "https://stackoverflow.com/users/2988981/ricardo-fran%c3%a7a",
            "profile_image": "https://i.stack.imgur.com/pSGUi.jpg?s=256&g=1",
            "display_name": "Ricardo Fran&#231;a"
        },
        {
            "badge_counts": {
                "bronze": 12,
                "silver": 14,
                "gold": 1
            },
            "account_id": 3725807,
            "is_employee": false,
            "last_modified_date": 1607614677,
            "last_access_date": 1669949095,
            "reputation_change_year": 50,
            "reputation_change_quarter": 50,
            "reputation_change_month": 0,
            "reputation_change_week": 0,
            "reputation_change_day": 0,
            "reputation": 2893,
            "creation_date": 1386944731,
            "user_type": "registered",
            "user_id": 3099743,
            "accept_rate": 75,
            "location": "United States",
            "website_url": "https://www.youtube.com/user/CodeCowboyOrg/videos",
            "link": "https://stackoverflow.com/users/3099743/codecowboyorg",
            "profile_image": "https://www.gravatar.com/avatar/3d37d6991c8e7eda7b0f22c160ce3629?s=256&d=identicon&r=PG&f=1",
            "display_name": "CodeCowboyOrg"
        },
        {
            "badge_counts": {
                "bronze": 21,
                "silver": 25,
                "gold": 1
            },
            "account_id": 3751190,
            "is_employee": false,
            "last_modified_date": 1592784600,
            "last_access_date": 1677821977,
            "reputation_change_year": 20,
            "reputation_change_quarter": 20,
            "reputation_change_month": 0,
            "reputation_change_week": 0,
            "reputation_change_day": 0,
            "reputation": 2893,
            "creation_date": 1387447034,
            "user_type": "registered",
            "user_id": 3118652,
            "accept_rate": 0,
            "location": "Ahmedabad, India",
            "website_url": "http://www.syncapp.chat",
            "link": "https://stackoverflow.com/users/3118652/hiren-panchal",
            "profile_image": "https://i.stack.imgur.com/1LhVp.jpg?s=256&g=1",
            "display_name": "Hiren Panchal"
        },
        {
            "badge_counts": {
                "bronze": 29,
                "silver": 21,
                "gold": 3
            },
            "account_id": 4452217,
            "is_employee": false,
            "last_modified_date": 1670853305,
            "last_access_date": 1678377753,
            "reputation_change_year": 120,
            "reputation_change_quarter": 120,
            "reputation_change_month": 10,
            "reputation_change_week": 0,
            "reputation_change_day": 0,
            "reputation": 2893,
            "creation_date": 1399738285,
            "user_type": "registered",
            "user_id": 3623723,
            "accept_rate": 53,
            "website_url": "",
            "link": "https://stackoverflow.com/users/3623723/zak",
            "profile_image": "https://www.gravatar.com/avatar/?s=256&d=identicon&r=PG&f=1",
            "display_name": "Zak"
        },
        {
            "badge_counts": {
                "bronze": 25,
                "silver": 17,
                "gold": 3
            },
            "account_id": 5002719,
            "is_employee": false,
            "last_modified_date": 1677287700,
            "last_access_date": 1677686611,
            "reputation_change_year": 270,
            "reputation_change_quarter": 270,
            "reputation_change_month": 30,
            "reputation_change_week": 20,
            "reputation_change_day": 0,
            "reputation": 2893,
            "creation_date": 1410227414,
            "user_type": "registered",
            "user_id": 4021213,
            "accept_rate": 55,
            "website_url": "https://rafaelheard.com",
            "link": "https://stackoverflow.com/users/4021213/rafael",
            "profile_image": "https://i.stack.imgur.com/HGDTv.jpg?s=256&g=1",
            "display_name": "Rafael"
        },
        {
            "badge_counts": {
                "bronze": 38,
                "silver": 20,
                "gold": 2
            },
            "account_id": 5630610,
            "is_employee": false,
            "last_modified_date": 1668884700,
            "last_access_date": 1678288760,
            "reputation_change_year": 40,
            "reputation_change_quarter": 40,
            "reputation_change_month": 0,
            "reputation_change_week": 0,
            "reputation_change_day": 0,
            "reputation": 2893,
            "creation_date": 1421327824,
            "user_type": "registered",
            "user_id": 4457676,
            "accept_rate": 69,
            "link": "https://stackoverflow.com/users/4457676/dmitry",
            "profile_image": "https://www.gravatar.com/avatar/92b0d9b8a6f5110092bd2e0866341f5f?s=256&d=identicon&r=PG&f=1",
            "display_name": "Dmitry"
        },
        {
            "badge_counts": {
                "bronze": 59,
                "silver": 25,
                "gold": 4
            },
            "account_id": 6302158,
            "is_employee": false,
            "last_modified_date": 1670522700,
            "last_access_date": 1678350113,
            "reputation_change_year": 43,
            "reputation_change_quarter": 43,
            "reputation_change_month": 20,
            "reputation_change_week": 10,
            "reputation_change_day": 0,
            "reputation": 2893,
            "creation_date": 1431530515,
            "user_type": "registered",
            "user_id": 4896449,
            "accept_rate": 57,
            "location": "London, United Kingdom",
            "website_url": "",
            "link": "https://stackoverflow.com/users/4896449/dendog",
            "profile_image": "https://www.gravatar.com/avatar/bedc8f2b818a07cfcb09f0e763e1a596?s=256&d=identicon&r=PG&f=1",
            "display_name": "dendog"
        },
        {
            "badge_counts": {
                "bronze": 40,
                "silver": 24,
                "gold": 2
            },
            "account_id": 6406447,
            "is_employee": false,
            "last_modified_date": 1655634600,
            "last_access_date": 1678375042,
            "reputation_change_year": 32,
            "reputation_change_quarter": 32,
            "reputation_change_month": 0,
            "reputation_change_week": 0,
            "reputation_change_day": 0,
            "reputation": 2893,
            "creation_date": 1433292471,
            "user_type": "registered",
            "user_id": 4967497,
            "accept_rate": 83,
            "location": "Berlin, Germany",
            "website_url": "",
            "link": "https://stackoverflow.com/users/4967497/jojoatxgme",
            "profile_image": "https://www.gravatar.com/avatar/a0c6d09001cf39a7646ed2d22bc23352?s=256&d=identicon&r=PG",
            "display_name": "JojOatXGME"
        },
        {
            "badge_counts": {
                "bronze": 32,
                "silver": 22,
                "gold": 2
            },
            "account_id": 10068177,
            "is_employee": false,
            "last_modified_date": 1642450800,
            "last_access_date": 1678146003,
            "reputation_change_year": 0,
            "reputation_change_quarter": 0,
            "reputation_change_month": 0,
            "reputation_change_week": 0,
            "reputation_change_day": 0,
            "reputation": 2893,
            "creation_date": 1484850476,
            "user_type": "registered",
            "user_id": 7442673,
            "accept_rate": 100,
            "location": "Grenoble, France",
            "website_url": "",
            "link": "https://stackoverflow.com/users/7442673/m-raynal",
            "profile_image": "https://i.stack.imgur.com/iTfit.jpg?s=256&g=1",
            "display_name": "m.raynal"
        },
        {
            "badge_counts": {
                "bronze": 20,
                "silver": 22,
                "gold": 3
            },
            "account_id": 9235,
            "is_employee": false,
            "last_modified_date": 1656316802,
            "last_access_date": 1674606667,
            "reputation_change_year": 0,
            "reputation_change_quarter": 0,
            "reputation_change_month": 0,
            "reputation_change_week": 0,
            "reputation_change_day": 0,
            "reputation": 2892,
            "creation_date": 1221694440,
            "user_type": "registered",
            "user_id": 16979,
            "accept_rate": 83,
            "location": "Utah",
            "website_url": "http://mythicant.com",
            "link": "https://stackoverflow.com/users/16979/jon-turner",
            "profile_image": "https://www.gravatar.com/avatar/9ba040df083ccfc2946fb70de6bc80c5?s=256&d=identicon&r=PG",
            "display_name": "Jon Turner"
        },
        {
            "badge_counts": {
                "bronze": 6,
                "silver": 17,
                "gold": 1
            },
            "account_id": 21477,
            "is_employee": false,
            "last_modified_date": 1573688152,
            "last_access_date": 1297982454,
            "reputation_change_year": 0,
            "reputation_change_quarter": 0,
            "reputation_change_month": 0,
            "reputation_change_week": 0,
            "reputation_change_day": 0,
            "reputation": 2892,
            "creation_date": 1231280476,
            "user_type": "registered",
            "user_id": 52213,
            "location": "Illinois",
            "website_url": "http://www.s-online.co.il/",
            "link": "https://stackoverflow.com/users/52213/shay-jacoby",
            "profile_image": "https://www.gravatar.com/avatar/f14de953f0fe4a459500928c7d6bbf89?s=256&d=identicon&r=PG",
            "display_name": "Shay Jacoby"
        },
        {
            "badge_counts": {
                "bronze": 39,
                "silver": 31,
                "gold": 1
            },
            "account_id": 78900,
            "is_employee": false,
            "last_modified_date": 1573686016,
            "last_access_date": 1650730984,
            "reputation_change_year": 10,
            "reputation_change_quarter": 10,
            "reputation_change_month": 0,
            "reputation_change_week": 0,
            "reputation_change_day": 0,
            "reputation": 2892,
            "creation_date": 1259868629,
            "user_type": "registered",
            "user_id": 224192,
            "accept_rate": 75,
            "location": "Arlington, VA",
            "website_url": "http://davidrivers.name",
            "link": "https://stackoverflow.com/users/224192/david-rivers",
            "profile_image": "https://i.stack.imgur.com/vfrUe.jpg?s=256&g=1",
            "display_name": "David Rivers"
        },
        {
            "badge_counts": {
                "bronze": 37,
                "silver": 26,
                "gold": 2
            },
            "account_id": 114056,
            "is_employee": false,
            "last_modified_date": 1622753700,
            "last_access_date": 1674568138,
            "reputation_change_year": -2,
            "reputation_change_quarter": -2,
            "reputation_change_month": -2,
            "reputation_change_week": 0,
            "reputation_change_day": 0,
            "reputation": 2892,
            "creation_date": 1269360327,
            "user_type": "registered",
            "user_id": 300089,
            "accept_rate": 15,
            "location": "India",
            "website_url": "http://alfanso.com",
            "link": "https://stackoverflow.com/users/300089/ashit-vora",
            "profile_image": "https://www.gravatar.com/avatar/ad45edcb1e70f20aa6de6ca69ebe5219?s=256&d=identicon&r=PG",
            "display_name": "Ashit Vora"
        },
        {
            "badge_counts": {
                "bronze": 19,
                "silver": 18,
                "gold": 1
            },
            "account_id": 164099,
            "is_employee": false,
            "last_modified_date": 1590163500,
            "last_access_date": 1395758944,
            "reputation_change_year": 0,
            "reputation_change_quarter": 0,
            "reputation_change_month": 0,
            "reputation_change_week": 0,
            "reputation_change_day": 0,
            "reputation": 2892,
            "creation_date": 1278593017,
            "user_type": "registered",
            "user_id": 386654,
            "accept_rate": 83,
            "location": "Charlotte, NC",
            "website_url": "http://www.androidworkz.com",
            "link": "https://stackoverflow.com/users/386654/androidworkz",
            "profile_image": "https://www.gravatar.com/avatar/4ae3280cab8e50ede64acffc7fa299f9?s=256&d=identicon&r=PG",
            "display_name": "androidworkz"
        },
        {
            "badge_counts": {
                "bronze": 39,
                "silver": 29,
                "gold": 2
            },
            "account_id": 193578,
            "is_employee": false,
            "last_modified_date": 1621529702,
            "last_access_date": 1675455253,
            "reputation_change_year": 20,
            "reputation_change_quarter": 20,
            "reputation_change_month": 0,
            "reputation_change_week": 0,
            "reputation_change_day": 0,
            "reputation": 2892,
            "creation_date": 1283206159,
            "user_type": "registered",
            "user_id": 435394,
            "accept_rate": 79,
            "location": "Colombia",
            "website_url": "",
            "link": "https://stackoverflow.com/users/435394/roger",
            "profile_image": "https://www.gravatar.com/avatar/29da06cb3c88608fdf3dcb87e70affc4?s=256&d=identicon&r=PG",
            "display_name": "Roger"
        },
        {
            "badge_counts": {
                "bronze": 30,
                "silver": 20,
                "gold": 1
            },
            "account_id": 223560,
            "is_employee": false,
            "last_modified_date": 1672361700,
            "last_access_date": 1674327108,
            "reputation_change_year": 0,
            "reputation_change_quarter": 0,
            "reputation_change_month": 0,
            "reputation_change_week": 0,
            "reputation_change_day": 0,
            "reputation": 2892,
            "creation_date": 1266579992,
            "user_type": "registered",
            "user_id": 482842,
            "accept_rate": 87,
            "location": "Cape Town, South Africa",
            "website_url": "https://ghstcode.com",
            "link": "https://stackoverflow.com/users/482842/ghstcode",
            "profile_image": "https://www.gravatar.com/avatar/135dc4655009942421d5def8c6d153b4?s=256&d=identicon&r=PG",
            "display_name": "ghstcode"
        },
        {
            "badge_counts": {
                "bronze": 25,
                "silver": 23,
                "gold": 1
            },
            "account_id": 244992,
            "is_employee": false,
            "last_modified_date": 1656317400,
            "last_access_date": 1310094367,
            "reputation_change_year": 0,
            "reputation_change_quarter": 0,
            "reputation_change_month": 0,
            "reputation_change_week": 0,
            "reputation_change_day": 0,
            "reputation": 2892,
            "creation_date": 1290559940,
            "user_type": "registered",
            "user_id": 518219,
            "accept_rate": 75,
            "location": "Melbourne, Australia",
            "website_url": "https://market.android.com/developer?pub=acharya",
            "link": "https://stackoverflow.com/users/518219/gsree",
            "profile_image": "https://www.gravatar.com/avatar/76ccfd150197cc3f6c96dfa05a9bd77e?s=256&d=identicon&r=PG",
            "display_name": "GSree"
        },
        {
            "badge_counts": {
                "bronze": 17,
                "silver": 23,
                "gold": 1
            },
            "account_id": 344175,
            "is_employee": false,
            "last_modified_date": 1596571800,
            "last_access_date": 1675694094,
            "reputation_change_year": 30,
            "reputation_change_quarter": 30,
            "reputation_change_month": 0,
            "reputation_change_week": 0,
            "reputation_change_day": 0,
            "reputation": 2892,
            "creation_date": 1301041482,
            "user_type": "registered",
            "user_id": 676342,
            "location": "Copenhagen, Denmark",
            "website_url": "",
            "link": "https://stackoverflow.com/users/676342/erwin-wessels",
            "profile_image": "https://graph.facebook.com/673222811/picture?type=large",
            "display_name": "Erwin Wessels"
        },
        {
            "badge_counts": {
                "bronze": 21,
                "silver": 17,
                "gold": 2
            },
            "account_id": 407784,
            "is_employee": false,
            "last_modified_date": 1607615081,
            "last_access_date": 1669078329,
            "reputation_change_year": 30,
            "reputation_change_quarter": 30,
            "reputation_change_month": 0,
            "reputation_change_week": 0,
            "reputation_change_day": 0,
            "reputation": 2892,
            "creation_date": 1306860917,
            "user_type": "registered",
            "user_id": 778056,
            "location": "Liverpool",
            "website_url": "http://www.fizzypopapps.com",
            "link": "https://stackoverflow.com/users/778056/david-thompson",
            "profile_image": "https://www.gravatar.com/avatar/de70aefadebcc26095392f679ea06acf?s=256&d=identicon&r=PG",
            "display_name": "David Thompson"
        },
        {
            "badge_counts": {
                "bronze": 31,
                "silver": 24,
                "gold": 1
            },
            "account_id": 534741,
            "is_employee": false,
            "last_modified_date": 1647645900,
            "last_access_date": 1678221411,
            "reputation_change_year": 10,
            "reputation_change_quarter": 10,
            "reputation_change_month": 0,
            "reputation_change_week": 0,
            "reputation_change_day": 0,
            "reputation": 2892,
            "creation_date": 1313929886,
            "user_type": "registered",
            "user_id": 904563,
            "accept_rate": 82,
            "location": "Gothenburg, Sweden",
            "website_url": "http://gustavsvalander.com",
            "link": "https://stackoverflow.com/users/904563/gustav",
            "profile_image": "https://www.gravatar.com/avatar/4f4e31323c283252ceba50666c1f7296?s=256&d=identicon&r=PG",
            "display_name": "Gustav"
        },
        {
            "badge_counts": {
                "bronze": 30,
                "silver": 21,
                "gold": 1
            },
            "account_id": 1250438,
            "is_employee": false,
            "last_modified_date": 1655243700,
            "last_access_date": 1675149468,
            "reputation_change_year": 40,
            "reputation_change_quarter": 40,
            "reputation_change_month": 0,
            "reputation_change_week": 0,
            "reputation_change_day": 0,
            "reputation": 2892,
            "creation_date": 1329299261,
            "user_type": "registered",
            "user_id": 1210949,
            "accept_rate": 80,
            "location": "Gothenburg, Sweden",
            "website_url": "http://kortapositioner.se",
            "link": "https://stackoverflow.com/users/1210949/albin",
            "profile_image": "https://i.stack.imgur.com/vAL35.jpg?s=256&g=1",
            "display_name": "Albin"
        },
        {
            "badge_counts": {
                "bronze": 27,
                "silver": 16,
                "gold": 0
            },
            "account_id": 1430391,
            "is_employee": false,
            "last_modified_date": 1656318000,
            "last_access_date": 1678278585,
            "reputation_change_year": 0,
            "reputation_change_quarter": 0,
            "reputation_change_month": 0,
            "reputation_change_week": 0,
            "reputation_change_day": 0,
            "reputation": 2892,
            "creation_date": 1335246789,
            "user_type": "registered",
            "user_id": 1352921,
            "accept_rate": 88,
            "location": "Bangalore, India",
            "website_url": "",
            "link": "https://stackoverflow.com/users/1352921/oxi",
            "profile_image": "https://i.stack.imgur.com/UkdAV.jpg?s=256&g=1",
            "display_name": "Oxi"
        },
        {
            "badge_counts": {
                "bronze": 39,
                "silver": 21,
                "gold": 2
            },
            "account_id": 1449908,
            "is_employee": false,
            "last_modified_date": 1677294061,
            "last_access_date": 1661260539,
            "reputation_change_year": -10,
            "reputation_change_quarter": -10,
            "reputation_change_month": 0,
            "reputation_change_week": 0,
            "reputation_change_day": 0,
            "reputation": 2892,
            "creation_date": 1335847245,
            "user_type": "registered",
            "user_id": 1367157,
            "accept_rate": 54,
            "location": "Vadodara, Gujarat, India",
            "website_url": "",
            "link": "https://stackoverflow.com/users/1367157/dhruvil-patel",
            "profile_image": "https://i.stack.imgur.com/X9nPV.jpg?s=256&g=1",
            "display_name": "Dhruvil Patel"
        },
        {
            "badge_counts": {
                "bronze": 68,
                "silver": 35,
                "gold": 3
            },
            "account_id": 1499259,
            "is_employee": false,
            "last_modified_date": 1660480800,
            "last_access_date": 1673394577,
            "reputation_change_year": 30,
            "reputation_change_quarter": 30,
            "reputation_change_month": 0,
            "reputation_change_week": 0,
            "reputation_change_day": 0,
            "reputation": 2892,
            "creation_date": 1337382983,
            "user_type": "registered",
            "user_id": 1404447,
            "accept_rate": 89,
            "link": "https://stackoverflow.com/users/1404447/tom",
            "profile_image": "https://www.gravatar.com/avatar/a09616794142013529fb3b7881c41eca?s=256&d=identicon&r=PG",
            "display_name": "Tom"
        },
        {
            "badge_counts": {
                "bronze": 33,
                "silver": 23,
                "gold": 2
            },
            "account_id": 1934616,
            "is_employee": false,
            "last_modified_date": 1663659900,
            "last_access_date": 1678375237,
            "reputation_change_year": 20,
            "reputation_change_quarter": 20,
            "reputation_change_month": 10,
            "reputation_change_week": 10,
            "reputation_change_day": 0,
            "reputation": 2892,
            "creation_date": 1350123753,
            "user_type": "registered",
            "user_id": 1743192,
            "accept_rate": 50,
            "location": "Lagos, Nigeria",
            "website_url": "",
            "link": "https://stackoverflow.com/users/1743192/naijaprogrammer",
            "profile_image": "https://www.gravatar.com/avatar/ff6bec2e5afa3db8c3d15209b8866906?s=256&d=identicon&r=PG",
            "display_name": "NaijaProgrammer"
        },
        {
            "badge_counts": {
                "bronze": 22,
                "silver": 18,
                "gold": 0
            },
            "account_id": 1949886,
            "is_employee": false,
            "last_modified_date": 1546323789,
            "last_access_date": 1678221380,
            "reputation_change_year": 0,
            "reputation_change_quarter": 0,
            "reputation_change_month": 0,
            "reputation_change_week": 0,
            "reputation_change_day": 0,
            "reputation": 2892,
            "creation_date": 1350499919,
            "user_type": "registered",
            "user_id": 1754225,
            "link": "https://stackoverflow.com/users/1754225/carl-lindberg",
            "profile_image": "https://www.gravatar.com/avatar/55b6e035c8585fc4e6b1ed681ee8125a?s=256&d=identicon&r=PG&f=1",
            "display_name": "Carl Lindberg"
        },
        {
            "badge_counts": {
                "bronze": 45,
                "silver": 33,
                "gold": 3
            },
            "account_id": 3077118,
            "is_employee": false,
            "last_modified_date": 1599291000,
            "last_access_date": 1678201156,
            "reputation_change_year": 80,
            "reputation_change_quarter": 80,
            "reputation_change_month": 10,
            "reputation_change_week": 0,
            "reputation_change_day": 0,
            "reputation": 2892,
            "creation_date": 1374483215,
            "user_type": "registered",
            "user_id": 2606178,
            "accept_rate": 71,
            "location": "Geneva, Switzerland",
            "website_url": "",
            "link": "https://stackoverflow.com/users/2606178/amdev",
            "profile_image": "https://www.gravatar.com/avatar/1ba1c8d0a11944217e941dde237fe8b6?s=256&d=identicon&r=PG&f=1",
            "display_name": "amdev"
        },
        {
            "badge_counts": {
                "bronze": 36,
                "silver": 20,
                "gold": 4
            },
            "account_id": 3652239,
            "is_employee": false,
            "last_modified_date": 1615187700,
            "last_access_date": 1669143108,
            "reputation_change_year": 0,
            "reputation_change_quarter": 0,
            "reputation_change_month": 0,
            "reputation_change_week": 0,
            "reputation_change_day": 0,
            "reputation": 2892,
            "creation_date": 1385603885,
            "user_type": "registered",
            "user_id": 3044080,
            "accept_rate": 88,
            "location": "Easthampton, MA, USA",
            "website_url": "",
            "link": "https://stackoverflow.com/users/3044080/nomistic",
            "profile_image": "https://i.stack.imgur.com/cJDU5.jpg?s=256&g=1",
            "display_name": "nomistic"
        },
        {
            "badge_counts": {
                "bronze": 36,
                "silver": 27,
                "gold": 2
            },
            "account_id": 3744313,
            "is_employee": false,
            "last_modified_date": 1668411801,
            "last_access_date": 1678313459,
            "reputation_change_year": 45,
            "reputation_change_quarter": 45,
            "reputation_change_month": 10,
            "reputation_change_week": 10,
            "reputation_change_day": 0,
            "reputation": 2892,
            "creation_date": 1387325880,
            "user_type": "registered",
            "user_id": 3113342,
            "location": "San Francisco, CA",
            "website_url": "http://austinewalker.com",
            "link": "https://stackoverflow.com/users/3113342/austin",
            "profile_image": "https://www.gravatar.com/avatar/a1377178fbcffbcf5cf1e47eef38d5a8?s=256&d=identicon&r=PG",
            "display_name": "Austin"
        },
        {
            "badge_counts": {
                "bronze": 21,
                "silver": 17,
                "gold": 1
            },
            "account_id": 4140349,
            "is_employee": false,
            "last_modified_date": 1666976591,
            "last_access_date": 1678362407,
            "reputation_change_year": 70,
            "reputation_change_quarter": 70,
            "reputation_change_month": 10,
            "reputation_change_week": 10,
            "reputation_change_day": 0,
            "reputation": 2892,
            "creation_date": 1394276872,
            "user_type": "registered",
            "user_id": 3395884,
            "location": "Spain",
            "website_url": "http://www.karmaemprendedor.com",
            "link": "https://stackoverflow.com/users/3395884/pablo-albaladejo",
            "profile_image": "https://i.stack.imgur.com/5rz73.jpg?s=256&g=1",
            "display_name": "Pablo Albaladejo"
        },
        {
            "badge_counts": {
                "bronze": 17,
                "silver": 18,
                "gold": 1
            },
            "account_id": 5195552,
            "is_employee": false,
            "last_modified_date": 1634433000,
            "last_access_date": 1668434673,
            "reputation_change_year": 70,
            "reputation_change_quarter": 70,
            "reputation_change_month": 0,
            "reputation_change_week": 0,
            "reputation_change_day": 0,
            "reputation": 2892,
            "creation_date": 1413648021,
            "user_type": "registered",
            "user_id": 4156997,
            "website_url": "",
            "link": "https://stackoverflow.com/users/4156997/sritam",
            "profile_image": "https://www.gravatar.com/avatar/a7fa7cb5bd276eee498ec9c458d0dc1b?s=256&d=identicon&r=PG&f=1",
            "display_name": "Sritam"
        },
        {
            "badge_counts": {
                "bronze": 16,
                "silver": 15,
                "gold": 0
            },
            "account_id": 6081494,
            "is_employee": false,
            "last_modified_date": 1607614566,
            "last_access_date": 1669747300,
            "reputation_change_year": 20,
            "reputation_change_quarter": 20,
            "reputation_change_month": 10,
            "reputation_change_week": 0,
            "reputation_change_day": 0,
            "reputation": 2892,
            "creation_date": 1428080902,
            "user_type": "registered",
            "user_id": 4747123,
            "location": "Chicago, IL",
            "website_url": "",
            "link": "https://stackoverflow.com/users/4747123/bri",
            "profile_image": "https://lh5.googleusercontent.com/-UaHnqotY9dU/AAAAAAAAAAI/AAAAAAAAAAw/M7E4DBnMnuc/photo.jpg?sz=256",
            "display_name": "bri"
        },
        {
            "badge_counts": {
                "bronze": 55,
                "silver": 27,
                "gold": 1
            },
            "account_id": 7601844,
            "is_employee": false,
            "last_modified_date": 1668219900,
            "last_access_date": 1678364824,
            "reputation_change_year": 49,
            "reputation_change_quarter": 49,
            "reputation_change_month": 10,
            "reputation_change_week": 10,
            "reputation_change_day": 0,
            "reputation": 2892,
            "creation_date": 1452327336,
            "user_type": "registered",
            "user_id": 5766143,
            "accept_rate": 70,
            "website_url": "",
            "link": "https://stackoverflow.com/users/5766143/relief-melone",
            "profile_image": "https://i.stack.imgur.com/ztzpE.jpg?s=256&g=1",
            "display_name": "relief.melone"
        },
        {
            "badge_counts": {
                "bronze": 26,
                "silver": 9,
                "gold": 1
            },
            "account_id": 18169310,
            "is_employee": false,
            "last_modified_date": 1663010300,
            "last_access_date": 1678376128,
            "reputation_change_year": 297,
            "reputation_change_quarter": 297,
            "reputation_change_month": 30,
            "reputation_change_week": 30,
            "reputation_change_day": 20,
            "reputation": 2892,
            "creation_date": 1588165963,
            "user_type": "registered",
            "user_id": 13433323,
            "location": "China",
            "website_url": "",
            "link": "https://stackoverflow.com/users/13433323/sprite",
            "profile_image": "https://i.stack.imgur.com/wrcS9.png?s=256&g=1",
            "display_name": "Sprite"
        },
        {
            "badge_counts": {
                "bronze": 19,
                "silver": 3,
                "gold": 2
            },
            "account_id": 24657937,
            "is_employee": false,
            "last_modified_date": 1678111500,
            "last_access_date": 1678375835,
            "reputation_change_year": 50,
            "reputation_change_quarter": 50,
            "reputation_change_month": 0,
            "reputation_change_week": 0,
            "reputation_change_day": 0,
            "reputation": 2892,
            "creation_date": 1648027634,
            "user_type": "registered",
            "user_id": 18554456,
            "website_url": "",
            "link": "https://stackoverflow.com/users/18554456/othedev",
            "profile_image": "https://www.gravatar.com/avatar/77b0b23c93c26909091d14e10aa5b4b2?s=256&d=identicon&r=PG&f=1",
            "display_name": "OTheDev"
        },
        {
            "badge_counts": {
                "bronze": 17,
                "silver": 22,
                "gold": 3
            },
            "account_id": 21167,
            "is_employee": false,
            "last_modified_date": 1627855500,
            "last_access_date": 1678085185,
            "reputation_change_year": 30,
            "reputation_change_quarter": 30,
            "reputation_change_month": 0,
            "reputation_change_week": 0,
            "reputation_change_day": 0,
            "reputation": 2891,
            "creation_date": 1231022309,
            "user_type": "registered",
            "user_id": 51259,
            "location": "Okinawa, Japan",
            "website_url": "https://www.SuperRetroMaker.com",
            "link": "https://stackoverflow.com/users/51259/rngbus",
            "profile_image": "https://i.stack.imgur.com/0eh0z.png?s=256&g=1",
            "display_name": "Rngbus"
        },
        {
            "badge_counts": {
                "bronze": 32,
                "silver": 32,
                "gold": 5
            },
            "account_id": 877765,
            "is_employee": false,
            "last_modified_date": 1607615471,
            "last_access_date": 1390052199,
            "reputation_change_year": 20,
            "reputation_change_quarter": 20,
            "reputation_change_month": 10,
            "reputation_change_week": 10,
            "reputation_change_day": 0,
            "reputation": 2891,
            "creation_date": 1235600117,
            "user_type": "registered",
            "user_id": 71097,
            "accept_rate": 78,
            "link": "https://stackoverflow.com/users/71097/antonius-common",
            "profile_image": "https://www.gravatar.com/avatar/?s=256&d=identicon&r=PG&f=1",
            "display_name": "Antonius Common"
        },
        {
            "badge_counts": {
                "bronze": 37,
                "silver": 29,
                "gold": 0
            },
            "account_id": 52865,
            "is_employee": false,
            "last_modified_date": 1607615377,
            "last_access_date": 1623812191,
            "reputation_change_year": 20,
            "reputation_change_quarter": 20,
            "reputation_change_month": 0,
            "reputation_change_week": 0,
            "reputation_change_day": 0,
            "reputation": 2891,
            "creation_date": 1250542118,
            "user_type": "registered",
            "user_id": 158017,
            "accept_rate": 81,
            "website_url": "",
            "link": "https://stackoverflow.com/users/158017/user158017",
            "profile_image": "https://www.gravatar.com/avatar/0f5057cf4383ac48134489dd16cf0b1b?s=256&d=identicon&r=PG",
            "display_name": "user158017"
        },
        {
            "badge_counts": {
                "bronze": 37,
                "silver": 26,
                "gold": 2
            },
            "account_id": 55869,
            "is_employee": false,
            "last_modified_date": 1607615371,
            "last_access_date": 1676218286,
            "reputation_change_year": 0,
            "reputation_change_quarter": 0,
            "reputation_change_month": 0,
            "reputation_change_week": 0,
            "reputation_change_day": 0,
            "reputation": 2891,
            "creation_date": 1251912721,
            "user_type": "registered",
            "user_id": 167402,
            "accept_rate": 91,
            "location": "Chicago, IL",
            "website_url": "http://www.ryanferretti.com",
            "link": "https://stackoverflow.com/users/167402/ryan-ferretti",
            "profile_image": "https://www.gravatar.com/avatar/a34d6592dfe90f41632729b2df29712a?s=256&d=identicon&r=PG",
            "display_name": "Ryan Ferretti"
        },
        {
            "badge_counts": {
                "bronze": 21,
                "silver": 19,
                "gold": 1
            },
            "account_id": 57768,
            "is_employee": false,
            "last_modified_date": 1656622500,
            "last_access_date": 1660954636,
            "reputation_change_year": 10,
            "reputation_change_quarter": 10,
            "reputation_change_month": 0,
            "reputation_change_week": 0,
            "reputation_change_day": 0,
            "reputation": 2891,
            "creation_date": 1252928211,
            "user_type": "registered",
            "user_id": 173074,
            "accept_rate": 75,
            "location": "England, United Kingdom",
            "website_url": "http://rickyclarkson.blogspot.com",
            "link": "https://stackoverflow.com/users/173074/ricky-clarkson",
            "profile_image": "https://www.gravatar.com/avatar/328bcf45b24e219e3ea9f4c57017b9b1?s=256&d=identicon&r=PG",
            "display_name": "Ricky Clarkson"
        },
        {
            "badge_counts": {
                "bronze": 22,
                "silver": 19,
                "gold": 3
            },
            "account_id": 115166,
            "is_employee": false,
            "last_modified_date": 1647877293,
            "last_access_date": 1678362648,
            "reputation_change_year": 18,
            "reputation_change_quarter": 18,
            "reputation_change_month": 0,
            "reputation_change_week": 0,
            "reputation_change_day": 0,
            "reputation": 2891,
            "creation_date": 1269606938,
            "user_type": "registered",
            "user_id": 302503,
            "accept_rate": 79,
            "location": "High Wycombe, United Kingdom",
            "website_url": "https://chapmanio.dev",
            "link": "https://stackoverflow.com/users/302503/chapmanio",
            "profile_image": "https://www.gravatar.com/avatar/a7b774fb8bad38d0e6f085989d207490?s=256&d=identicon&r=PG",
            "display_name": "chapmanio"
        },
        {
            "badge_counts": {
                "bronze": 30,
                "silver": 24,
                "gold": 6
            },
            "account_id": 123936,
            "is_employee": false,
            "last_modified_date": 1573685420,
            "last_access_date": 1665076922,
            "reputation_change_year": 10,
            "reputation_change_quarter": 10,
            "reputation_change_month": 0,
            "reputation_change_week": 0,
            "reputation_change_day": 0,
            "reputation": 2891,
            "creation_date": 1271436823,
            "user_type": "registered",
            "user_id": 318724,
            "accept_rate": 100,
            "location": "San Diego, CA",
            "website_url": "http://N/A",
            "link": "https://stackoverflow.com/users/318724/wesley",
            "profile_image": "https://www.gravatar.com/avatar/c48bc0ca2e67df7522cf691d00cfcdfd?s=256&amp;d=identicon&amp;r=PG",
            "display_name": "Wesley"
        },
        {
            "badge_counts": {
                "bronze": 54,
                "silver": 34,
                "gold": 3
            },
            "account_id": 151200,
            "is_employee": false,
            "last_modified_date": 1602061500,
            "last_access_date": 1669152266,
            "reputation_change_year": 0,
            "reputation_change_quarter": 0,
            "reputation_change_month": 0,
            "reputation_change_week": 0,
            "reputation_change_day": 0,
            "reputation": 2891,
            "creation_date": 1276287992,
            "user_type": "registered",
            "user_id": 364913,
            "accept_rate": 81,
            "location": "Philadelphia, PA",
            "link": "https://stackoverflow.com/users/364913/mpdonadio",
            "profile_image": "https://www.gravatar.com/avatar/146af4faec304a16147cae7d5d0ac83d?s=256&d=identicon&r=PG",
            "display_name": "mpdonadio"
        },
        {
            "badge_counts": {
                "bronze": 95,
                "silver": 56,
                "gold": 14
            },
            "account_id": 249551,
            "is_employee": false,
            "last_modified_date": 1663354200,
            "last_access_date": 1678231347,
            "reputation_change_year": 0,
            "reputation_change_quarter": 0,
            "reputation_change_month": 0,
            "reputation_change_week": 0,
            "reputation_change_day": 0,
            "reputation": 2891,
            "creation_date": 1291149792,
            "user_type": "registered",
            "user_id": 525706,
            "accept_rate": 97,
            "location": "Toledo, OH",
            "website_url": "http://www.BASequipment.com",
            "link": "https://stackoverflow.com/users/525706/toddn",
            "profile_image": "https://www.gravatar.com/avatar/769b0e57b44329c34a756e1c2a3bee71?s=256&d=identicon&r=PG",
            "display_name": "ToddN"
        },
        {
            "badge_counts": {
                "bronze": 16,
                "silver": 19,
                "gold": 4
            },
            "account_id": 381561,
            "is_employee": false,
            "last_modified_date": 1631134801,
            "last_access_date": 1578427806,
            "reputation_change_year": 10,
            "reputation_change_quarter": 10,
            "reputation_change_month": 0,
            "reputation_change_week": 0,
            "reputation_change_day": 0,
            "reputation": 2891,
            "creation_date": 1304431896,
            "user_type": "registered",
            "user_id": 736291,
            "accept_rate": 50,
            "location": "New York, United States",
            "website_url": "http://www.fabriziogiordano.com/",
            "link": "https://stackoverflow.com/users/736291/fabrizio-giordano",
            "profile_image": "https://www.gravatar.com/avatar/ebff50c89ba9bb9a67d640470006ad88?s=256&d=identicon&r=PG",
            "display_name": "Fabrizio Giordano"
        },
        {
            "badge_counts": {
                "bronze": 39,
                "silver": 29,
                "gold": 3
            },
            "account_id": 391990,
            "is_employee": false,
            "last_modified_date": 1573683933,
            "last_access_date": 1667962084,
            "reputation_change_year": 0,
            "reputation_change_quarter": 0,
            "reputation_change_month": 0,
            "reputation_change_week": 0,
            "reputation_change_day": 0,
            "reputation": 2891,
            "creation_date": 1305318216,
            "user_type": "registered",
            "user_id": 752979,
            "accept_rate": 100,
            "location": "Denver, CO",
            "website_url": "http://arlingtonruby.org",
            "link": "https://stackoverflow.com/users/752979/sean",
            "profile_image": "https://www.gravatar.com/avatar/0e20c5961a206d79ec041bd2f737582f?s=256&d=identicon&r=PG",
            "display_name": "Sean"
        },
        {
            "badge_counts": {
                "bronze": 48,
                "silver": 29,
                "gold": 5
            },
            "account_id": 447677,
            "is_employee": false,
            "last_modified_date": 1597108500,
            "last_access_date": 1674266090,
            "reputation_change_year": 0,
            "reputation_change_quarter": 0,
            "reputation_change_month": 0,
            "reputation_change_week": 0,
            "reputation_change_day": 0,
            "reputation": 2891,
            "creation_date": 1310499757,
            "user_type": "registered",
            "user_id": 841438,
            "accept_rate": 92,
            "location": "Charleston, South Carolina, United States, 29407",
            "website_url": "http://careers.stackoverflow.com/darrellneel",
            "link": "https://stackoverflow.com/users/841438/drneel",
            "profile_image": "https://i.stack.imgur.com/8nyW2.png?s=256&g=1",
            "display_name": "drneel"
        },
        {
            "badge_counts": {
                "bronze": 24,
                "silver": 22,
                "gold": 1
            },
            "account_id": 452276,
            "is_employee": false,
            "last_modified_date": 1573683729,
            "last_access_date": 1669400376,
            "reputation_change_year": 80,
            "reputation_change_quarter": 80,
            "reputation_change_month": 0,
            "reputation_change_week": 0,
            "reputation_change_day": 0,
            "reputation": 2891,
            "creation_date": 1310903767,
            "user_type": "registered",
            "user_id": 848626,
            "accept_rate": 67,
            "website_url": "",
            "link": "https://stackoverflow.com/users/848626/alexey-alexandrov",
            "profile_image": "https://i.stack.imgur.com/LLbsh.png?s=256&g=1",
            "display_name": "Alexey Alexandrov"
        },
        {
            "badge_counts": {
                "bronze": 61,
                "silver": 34,
                "gold": 2
            },
            "account_id": 965009,
            "is_employee": false,
            "last_modified_date": 1670155500,
            "last_access_date": 1678379419,
            "reputation_change_year": 69,
            "reputation_change_quarter": 69,
            "reputation_change_month": 19,
            "reputation_change_week": 19,
            "reputation_change_day": 9,
            "reputation": 2891,
            "creation_date": 1318291464,
            "user_type": "registered",
            "user_id": 988591,
            "accept_rate": 70,
            "website_url": "",
            "link": "https://stackoverflow.com/users/988591/redoman",
            "profile_image": "https://i.stack.imgur.com/q74su.png?s=256&g=1",
            "display_name": "Redoman"
        },
        {
            "badge_counts": {
                "bronze": 33,
                "silver": 29,
                "gold": 3
            },
            "account_id": 1008305,
            "is_employee": false,
            "last_modified_date": 1627887000,
            "last_access_date": 1527109091,
            "reputation_change_year": 20,
            "reputation_change_quarter": 20,
            "reputation_change_month": 0,
            "reputation_change_week": 0,
            "reputation_change_day": 0,
            "reputation": 2891,
            "creation_date": 1320038278,
            "user_type": "registered",
            "user_id": 1021430,
            "accept_rate": 86,
            "link": "https://stackoverflow.com/users/1021430/user1021430",
            "profile_image": "https://www.gravatar.com/avatar/7e9987d77809343c249182a285aa1847?s=256&d=identicon&r=PG",
            "display_name": "user1021430"
        },
        {
            "badge_counts": {
                "bronze": 22,
                "silver": 19,
                "gold": 3
            },
            "account_id": 1107461,
            "is_employee": false,
            "last_modified_date": 1671078000,
            "last_access_date": 1675772493,
            "reputation_change_year": 30,
            "reputation_change_quarter": 30,
            "reputation_change_month": 10,
            "reputation_change_week": 0,
            "reputation_change_day": 0,
            "reputation": 2891,
            "creation_date": 1323891777,
            "user_type": "registered",
            "user_id": 1098584,
            "accept_rate": 95,
            "website_url": "",
            "link": "https://stackoverflow.com/users/1098584/sontags",
            "profile_image": "https://www.gravatar.com/avatar/7ab6b6d44e367a743580c3089026b7bc?s=256&d=identicon&r=PG",
            "display_name": "sontags"
        },
        {
            "badge_counts": {
                "bronze": 23,
                "silver": 25,
                "gold": 1
            },
            "account_id": 1126081,
            "is_employee": false,
            "last_modified_date": 1607614977,
            "last_access_date": 1678267072,
            "reputation_change_year": 50,
            "reputation_change_quarter": 50,
            "reputation_change_month": 10,
            "reputation_change_week": 10,
            "reputation_change_day": 0,
            "reputation": 2891,
            "creation_date": 1324640400,
            "user_type": "registered",
            "user_id": 1113345,
            "website_url": "",
            "link": "https://stackoverflow.com/users/1113345/neilenmarais",
            "profile_image": "https://www.gravatar.com/avatar/bca1be6476d532c6b8b110a6917275af?s=256&d=identicon&r=PG",
            "display_name": "NeilenMarais"
        },
        {
            "badge_counts": {
                "bronze": 15,
                "silver": 17,
                "gold": 2
            },
            "account_id": 1206413,
            "is_employee": false,
            "last_modified_date": 1607614959,
            "last_access_date": 1665694639,
            "reputation_change_year": 0,
            "reputation_change_quarter": 0,
            "reputation_change_month": 0,
            "reputation_change_week": 0,
            "reputation_change_day": 0,
            "reputation": 2891,
            "creation_date": 1327800543,
            "user_type": "registered",
            "user_id": 1175935,
            "link": "https://stackoverflow.com/users/1175935/jon",
            "profile_image": "https://www.gravatar.com/avatar/42b57b079954c18fdde646962bbd6107?s=256&d=identicon&r=PG",
            "display_name": "Jon"
        },
        {
            "badge_counts": {
                "bronze": 27,
                "silver": 21,
                "gold": 1
            },
            "account_id": 1333354,
            "is_employee": false,
            "last_modified_date": 1678331703,
            "last_access_date": 1647177500,
            "reputation_change_year": 20,
            "reputation_change_quarter": 20,
            "reputation_change_month": 0,
            "reputation_change_week": 0,
            "reputation_change_day": 0,
            "reputation": 2891,
            "creation_date": 1332060411,
            "user_type": "registered",
            "user_id": 1276697,
            "accept_rate": 67,
            "location": "Egypt",
            "website_url": "http://www.propertynet.co/",
            "link": "https://stackoverflow.com/users/1276697/mahmoude-elghandour",
            "profile_image": "https://www.gravatar.com/avatar/dac03c2d6f84f4be088290d6417fb306?s=256&d=identicon&r=PG",
            "display_name": "Mahmoude Elghandour"
        },
        {
            "badge_counts": {
                "bronze": 35,
                "silver": 23,
                "gold": 2
            },
            "account_id": 1915255,
            "is_employee": false,
            "last_modified_date": 1678271700,
            "last_access_date": 1678370837,
            "reputation_change_year": 348,
            "reputation_change_quarter": 348,
            "reputation_change_month": 160,
            "reputation_change_week": 125,
            "reputation_change_day": 25,
            "reputation": 2891,
            "creation_date": 1349678497,
            "user_type": "registered",
            "user_id": 1727948,
            "location": "Taiwan",
            "website_url": "http://konekoya.github.io/",
            "link": "https://stackoverflow.com/users/1727948/joshua",
            "profile_image": "https://i.stack.imgur.com/MT65i.jpg?s=256&g=1",
            "display_name": "Joshua"
        }
    ],
    "has_more": true,
    "quota_max": 10000,
    "quota_remaining": 7008
}