{
    "items": [
        {
            "badge_counts": {
                "bronze": 24,
                "silver": 16,
                "gold": 0
            },
            "account_id": 7588607,
            "is_employee": false,
            "last_modified_date": 1645283400,
            "last_access_date": 1678359015,
            "reputation_change_year": 20,
            "reputation_change_quarter": 20,
            "reputation_change_month": 0,
            "reputation_change_week": 0,
            "reputation_change_day": 0,
            "reputation": 2516,
            "creation_date": 1452162060,
            "user_type": "registered",
            "user_id": 5756903,
            "location": "India",
            "website_url": "",
            "link": "https://stackoverflow.com/users/5756903/milang",
            "profile_image": "https://i.stack.imgur.com/xvtpQ.png?s=256&g=1",
            "display_name": "MilanG"
        },
        {
            "badge_counts": {
                "bronze": 23,
                "silver": 23,
                "gold": 2
            },
            "account_id": 9361034,
            "is_employee": false,
            "last_modified_date": 1672826400,
            "last_access_date": 1678218107,
            "reputation_change_year": 44,
            "reputation_change_quarter": 44,
            "reputation_change_month": 10,
            "reputation_change_week": 0,
            "reputation_change_day": 0,
            "reputation": 2516,
            "creation_date": 1476075714,
            "user_type": "registered",
            "user_id": 6947349,
            "location": "Kirkland, WA, USA",
            "website_url": "https://www.sammywealth.com/the-power-of-comprehend",
            "link": "https://stackoverflow.com/users/6947349/samuel-nde",
            "profile_image": "https://graph.facebook.com/1682570098663073/picture?type=large",
            "display_name": "Samuel Nde"
        },
        {
            "badge_counts": {
                "bronze": 26,
                "silver": 15,
                "gold": 0
            },
            "account_id": 2699496,
            "is_employee": false,
            "last_modified_date": 1662336900,
            "last_access_date": 1677036734,
            "reputation_change_year": 20,
            "reputation_change_quarter": 20,
            "reputation_change_month": 10,
            "reputation_change_week": 10,
            "reputation_change_day": 0,
            "reputation": 2516,
            "creation_date": 1480470732,
            "user_type": "registered",
            "user_id": 7228427,
            "location": "Toronto, ON, Canada",
            "website_url": "https://starikov.dev",
            "link": "https://stackoverflow.com/users/7228427/herman-starikov",
            "profile_image": "https://i.stack.imgur.com/KSpEd.png?s=256&g=1",
            "display_name": "Herman Starikov"
        },
        {
            "badge_counts": {
                "bronze": 18,
                "silver": 8,
                "gold": 1
            },
            "account_id": 14415971,
            "is_employee": false,
            "last_modified_date": 1663594800,
            "last_access_date": 1678371901,
            "reputation_change_year": 30,
            "reputation_change_quarter": 30,
            "reputation_change_month": 0,
            "reputation_change_week": 0,
            "reputation_change_day": 0,
            "reputation": 2516,
            "creation_date": 1537880361,
            "user_type": "registered",
            "user_id": 10413416,
            "location": "Bulgaria",
            "website_url": "",
            "link": "https://stackoverflow.com/users/10413416/infern0",
            "profile_image": "https://www.gravatar.com/avatar/ceedf65b5c2b247ee12ed7b3420ee77d?s=256&d=identicon&r=PG&f=1",
            "display_name": "Infern0"
        },
        {
            "badge_counts": {
                "bronze": 28,
                "silver": 9,
                "gold": 2
            },
            "account_id": 18108247,
            "is_employee": false,
            "last_modified_date": 1670673300,
            "last_access_date": 1677765236,
            "reputation_change_year": 160,
            "reputation_change_quarter": 160,
            "reputation_change_month": 10,
            "reputation_change_week": 0,
            "reputation_change_day": 0,
            "reputation": 2516,
            "creation_date": 1585647099,
            "user_type": "registered",
            "user_id": 13165457,
            "location": "Zagreb, Hrvatska",
            "website_url": "",
            "link": "https://stackoverflow.com/users/13165457/radovix",
            "profile_image": "https://i.stack.imgur.com/ZvXAL.jpg?s=256&g=1",
            "display_name": "radovix"
        },
        {
            "badge_counts": {
                "bronze": 23,
                "silver": 8,
                "gold": 2
            },
            "account_id": 18788510,
            "is_employee": false,
            "last_modified_date": 1660959900,
            "last_access_date": 1678201801,
            "reputation_change_year": 100,
            "reputation_change_quarter": 100,
            "reputation_change_month": 0,
            "reputation_change_week": 0,
            "reputation_change_day": 0,
            "reputation": 2516,
            "creation_date": 1591552728,
            "user_type": "registered",
            "user_id": 13701546,
            "location": "Lipetsk, Russia",
            "website_url": "http://vol12922@gmail.com",
            "link": "https://stackoverflow.com/users/13701546/simon-sot",
            "profile_image": "https://i.stack.imgur.com/mZA9A.jpg?s=256&g=1",
            "display_name": "Simon Sot"
        },
        {
            "badge_counts": {
                "bronze": 26,
                "silver": 24,
                "gold": 1
            },
            "account_id": 3594,
            "is_employee": false,
            "last_modified_date": 1573688706,
            "last_access_date": 1638718904,
            "reputation_change_year": 10,
            "reputation_change_quarter": 10,
            "reputation_change_month": 10,
            "reputation_change_week": 10,
            "reputation_change_day": 10,
            "reputation": 2515,
            "creation_date": 1220876634,
            "user_type": "registered",
            "user_id": 5193,
            "accept_rate": 92,
            "location": "Perth, Australia",
            "website_url": "https://profiles.google.com/craigday",
            "link": "https://stackoverflow.com/users/5193/craig-day",
            "profile_image": "https://www.gravatar.com/avatar/ecd5c1abeb7c975a1cdff8e1fa24e625?s=256&d=identicon&r=PG",
            "display_name": "Craig Day"
        },
        {
            "badge_counts": {
                "bronze": 28,
                "silver": 24,
                "gold": 2
            },
            "account_id": 64547,
            "is_employee": false,
            "last_modified_date": 1650562800,
            "last_access_date": 1678376201,
            "reputation_change_year": 19,
            "reputation_change_quarter": 19,
            "reputation_change_month": 0,
            "reputation_change_week": 0,
            "reputation_change_day": 0,
            "reputation": 2515,
            "creation_date": 1255600588,
            "user_type": "registered",
            "user_id": 190482,
            "accept_rate": 60,
            "location": "Russia",
            "website_url": "",
            "link": "https://stackoverflow.com/users/190482/anton",
            "profile_image": "https://i.stack.imgur.com/L7rm9.jpg?s=256&g=1",
            "display_name": "Anton"
        },
        {
            "badge_counts": {
                "bronze": 11,
                "silver": 17,
                "gold": 3
            },
            "account_id": 132817,
            "is_employee": false,
            "last_modified_date": 1627906200,
            "last_access_date": 1423295666,
            "reputation_change_year": 80,
            "reputation_change_quarter": 80,
            "reputation_change_month": 10,
            "reputation_change_week": 10,
            "reputation_change_day": 0,
            "reputation": 2515,
            "creation_date": 1273084285,
            "user_type": "registered",
            "user_id": 333746,
            "accept_rate": 100,
            "link": "https://stackoverflow.com/users/333746/user333746",
            "profile_image": "https://www.gravatar.com/avatar/20bdbd54f6241e9a04fb71afd585a962?s=256&d=identicon&r=PG",
            "display_name": "user333746"
        },
        {
            "badge_counts": {
                "bronze": 21,
                "silver": 23,
                "gold": 0
            },
            "account_id": 137290,
            "is_employee": false,
            "last_modified_date": 1573685332,
            "last_access_date": 1675209251,
            "reputation_change_year": 10,
            "reputation_change_quarter": 10,
            "reputation_change_month": 0,
            "reputation_change_week": 0,
            "reputation_change_day": 0,
            "reputation": 2515,
            "creation_date": 1273850408,
            "user_type": "registered",
            "user_id": 341371,
            "accept_rate": 100,
            "location": "San Francisco, CA",
            "website_url": "http://insolit.us",
            "link": "https://stackoverflow.com/users/341371/josh-gao",
            "profile_image": "https://www.gravatar.com/avatar/ba1bc8936987319b631163cc443c53a3?s=256&d=identicon&r=PG",
            "display_name": "Josh Gao"
        },
        {
            "badge_counts": {
                "bronze": 26,
                "silver": 22,
                "gold": 2
            },
            "account_id": 175691,
            "is_employee": false,
            "last_modified_date": 1639962300,
            "last_access_date": 1662993587,
            "reputation_change_year": 10,
            "reputation_change_quarter": 10,
            "reputation_change_month": 0,
            "reputation_change_week": 0,
            "reputation_change_day": 0,
            "reputation": 2515,
            "creation_date": 1280417821,
            "user_type": "registered",
            "user_id": 405874,
            "accept_rate": 62,
            "link": "https://stackoverflow.com/users/405874/viv",
            "profile_image": "https://www.gravatar.com/avatar/599711fea0510f216d5063e08aabb4d7?s=256&d=identicon&r=PG",
            "display_name": "Viv"
        },
        {
            "badge_counts": {
                "bronze": 14,
                "silver": 17,
                "gold": 2
            },
            "account_id": 177513,
            "is_employee": false,
            "last_modified_date": 1586536806,
            "last_access_date": 1420614878,
            "reputation_change_year": 0,
            "reputation_change_quarter": 0,
            "reputation_change_month": 0,
            "reputation_change_week": 0,
            "reputation_change_day": 0,
            "reputation": 2515,
            "creation_date": 1280770519,
            "user_type": "registered",
            "user_id": 408896,
            "accept_rate": 57,
            "location": "Earth, TX",
            "website_url": "http://xsznix.my3gb.com",
            "link": "https://stackoverflow.com/users/408896/xsznix",
            "profile_image": "https://www.gravatar.com/avatar/f8bf187f03c7f4f7b610082e87812400?s=256&d=identicon&r=PG",
            "display_name": "xsznix"
        },
        {
            "badge_counts": {
                "bronze": 21,
                "silver": 18,
                "gold": 1
            },
            "account_id": 180167,
            "is_employee": false,
            "last_modified_date": 1668606900,
            "last_access_date": 1622675250,
            "reputation_change_year": 0,
            "reputation_change_quarter": 0,
            "reputation_change_month": 0,
            "reputation_change_week": 0,
            "reputation_change_day": 0,
            "reputation": 2515,
            "creation_date": 1246332947,
            "user_type": "registered",
            "user_id": 413317,
            "accept_rate": 67,
            "location": "California, United States",
            "website_url": "http://duruk.net",
            "link": "https://stackoverflow.com/users/413317/cduruk",
            "profile_image": "https://www.gravatar.com/avatar/14e63cabd378c52c550b9a3ba5d350a0?s=256&d=identicon&r=PG",
            "display_name": "cduruk"
        },
        {
            "badge_counts": {
                "bronze": 26,
                "silver": 23,
                "gold": 3
            },
            "account_id": 205531,
            "is_employee": false,
            "last_modified_date": 1653699900,
            "last_access_date": 1656470512,
            "reputation_change_year": 58,
            "reputation_change_quarter": 58,
            "reputation_change_month": 20,
            "reputation_change_week": 20,
            "reputation_change_day": 10,
            "reputation": 2515,
            "creation_date": 1285096083,
            "user_type": "registered",
            "user_id": 454336,
            "accept_rate": 94,
            "website_url": "",
            "link": "https://stackoverflow.com/users/454336/bajabob",
            "profile_image": "https://www.gravatar.com/avatar/c044e75eb65f99ba16e148157cba5bbf?s=256&d=identicon&r=PG",
            "display_name": "BajaBob"
        },
        {
            "badge_counts": {
                "bronze": 8,
                "silver": 16,
                "gold": 3
            },
            "account_id": 403107,
            "is_employee": false,
            "last_modified_date": 1607615083,
            "last_access_date": 1578200541,
            "reputation_change_year": 40,
            "reputation_change_quarter": 40,
            "reputation_change_month": 10,
            "reputation_change_week": 0,
            "reputation_change_day": 0,
            "reputation": 2515,
            "creation_date": 1306384409,
            "user_type": "registered",
            "user_id": 770679,
            "accept_rate": 33,
            "link": "https://stackoverflow.com/users/770679/obrienmd",
            "profile_image": "https://www.gravatar.com/avatar/37b093e824d75018ae73c67b5fc58d17?s=256&d=identicon&r=PG",
            "display_name": "obrienmd"
        },
        {
            "badge_counts": {
                "bronze": 32,
                "silver": 20,
                "gold": 0
            },
            "account_id": 420642,
            "is_employee": false,
            "last_modified_date": 1630717501,
            "last_access_date": 1678248853,
            "reputation_change_year": 10,
            "reputation_change_quarter": 10,
            "reputation_change_month": 10,
            "reputation_change_week": 0,
            "reputation_change_day": 0,
            "reputation": 2515,
            "creation_date": 1308082754,
            "user_type": "registered",
            "user_id": 798440,
            "accept_rate": 60,
            "website_url": "",
            "link": "https://stackoverflow.com/users/798440/blins",
            "profile_image": "https://www.gravatar.com/avatar/c0f56c03f646a55391be7953c848f60f?s=256&d=identicon&r=PG",
            "display_name": "blins"
        },
        {
            "badge_counts": {
                "bronze": 29,
                "silver": 19,
                "gold": 1
            },
            "account_id": 454156,
            "is_employee": false,
            "last_modified_date": 1636234500,
            "last_access_date": 1596979189,
            "reputation_change_year": 0,
            "reputation_change_quarter": 0,
            "reputation_change_month": 0,
            "reputation_change_week": 0,
            "reputation_change_day": 0,
            "reputation": 2515,
            "creation_date": 1311062913,
            "user_type": "registered",
            "user_id": 851541,
            "accept_rate": 92,
            "location": "Netherlands",
            "website_url": "",
            "link": "https://stackoverflow.com/users/851541/middelpat",
            "profile_image": "https://www.gravatar.com/avatar/de33fd03e639deac8dabe15fbecf31bc?s=256&d=identicon&r=PG",
            "display_name": "middelpat"
        },
        {
            "badge_counts": {
                "bronze": 23,
                "silver": 18,
                "gold": 0
            },
            "account_id": 471238,
            "is_employee": false,
            "last_modified_date": 1603729200,
            "last_access_date": 1678249180,
            "reputation_change_year": 70,
            "reputation_change_quarter": 70,
            "reputation_change_month": 0,
            "reputation_change_week": 0,
            "reputation_change_day": 0,
            "reputation": 2515,
            "creation_date": 1312471102,
            "user_type": "registered",
            "user_id": 878903,
            "location": "New York, NY, United States",
            "website_url": "http://www.linkedin.com/in/huntharo/",
            "link": "https://stackoverflow.com/users/878903/huntharo",
            "profile_image": "https://i.stack.imgur.com/RfCUb.jpg?s=256&g=1",
            "display_name": "huntharo"
        },
        {
            "badge_counts": {
                "bronze": 21,
                "silver": 16,
                "gold": 0
            },
            "account_id": 543112,
            "is_employee": false,
            "last_modified_date": 1656335700,
            "last_access_date": 1674915519,
            "reputation_change_year": 8,
            "reputation_change_quarter": 8,
            "reputation_change_month": 0,
            "reputation_change_week": 0,
            "reputation_change_day": 0,
            "reputation": 2515,
            "creation_date": 1314276613,
            "user_type": "registered",
            "user_id": 912104,
            "location": "Delhi, India",
            "website_url": "https://www.linkedin.com/in/harmeet-singh-37173185/",
            "link": "https://stackoverflow.com/users/912104/harmeet-singh",
            "profile_image": "https://i.stack.imgur.com/Svo6i.jpg?s=256&g=1",
            "display_name": "Harmeet Singh"
        },
        {
            "badge_counts": {
                "bronze": 21,
                "silver": 19,
                "gold": 2
            },
            "account_id": 974745,
            "is_employee": false,
            "last_modified_date": 1642814100,
            "last_access_date": 1647591952,
            "reputation_change_year": 10,
            "reputation_change_quarter": 10,
            "reputation_change_month": 0,
            "reputation_change_week": 0,
            "reputation_change_day": 0,
            "reputation": 2515,
            "creation_date": 1318640653,
            "user_type": "registered",
            "user_id": 996385,
            "location": "Budapest, Hungary",
            "website_url": "",
            "link": "https://stackoverflow.com/users/996385/nistv4n",
            "profile_image": "https://www.gravatar.com/avatar/be3bd5102c7f96f45a172c365da5b6e9?s=256&d=identicon&r=PG",
            "display_name": "nistv4n"
        },
        {
            "badge_counts": {
                "bronze": 56,
                "silver": 31,
                "gold": 7
            },
            "account_id": 1002143,
            "is_employee": false,
            "last_modified_date": 1650074700,
            "last_access_date": 1678368491,
            "reputation_change_year": 20,
            "reputation_change_quarter": 20,
            "reputation_change_month": 10,
            "reputation_change_week": 10,
            "reputation_change_day": 0,
            "reputation": 2515,
            "creation_date": 1319728558,
            "user_type": "registered",
            "user_id": 1016772,
            "accept_rate": 36,
            "location": "Warszawa, Poland",
            "website_url": "http://www.lordjaba.eu",
            "link": "https://stackoverflow.com/users/1016772/lord-jaba",
            "profile_image": "https://www.gravatar.com/avatar/9c7f7fd872db144235cdfdb3e4d6596a?s=256&d=identicon&r=PG",
            "display_name": "Lord_JABA"
        },
        {
            "badge_counts": {
                "bronze": 23,
                "silver": 23,
                "gold": 1
            },
            "account_id": 1005069,
            "is_employee": false,
            "last_modified_date": 1653022200,
            "last_access_date": 1678338809,
            "reputation_change_year": 10,
            "reputation_change_quarter": 10,
            "reputation_change_month": 0,
            "reputation_change_week": 0,
            "reputation_change_day": 0,
            "reputation": 2515,
            "creation_date": 1319832815,
            "user_type": "registered",
            "user_id": 1019059,
            "accept_rate": 67,
            "location": "Peru",
            "website_url": "http://rcotrina94.github.io",
            "link": "https://stackoverflow.com/users/1019059/richard-cotrina",
            "profile_image": "https://www.gravatar.com/avatar/c6bc7c18ab4a3532f9edd549b5be953d?s=256&d=identicon&r=PG",
            "display_name": "Richard Cotrina"
        },
        {
            "badge_counts": {
                "bronze": 80,
                "silver": 44,
                "gold": 12
            },
            "account_id": 1024672,
            "is_employee": false,
            "last_modified_date": 1607615001,
            "last_access_date": 1580811796,
            "reputation_change_year": 20,
            "reputation_change_quarter": 20,
            "reputation_change_month": 0,
            "reputation_change_week": 0,
            "reputation_change_day": 0,
            "reputation": 2515,
            "creation_date": 1320688620,
            "user_type": "registered",
            "user_id": 1034253,
            "accept_rate": 45,
            "location": "Russia",
            "website_url": "",
            "link": "https://stackoverflow.com/users/1034253/ufx",
            "profile_image": "https://i.stack.imgur.com/nO7s7.png?s=256&g=1",
            "display_name": "Ufx"
        },
        {
            "badge_counts": {
                "bronze": 21,
                "silver": 20,
                "gold": 2
            },
            "account_id": 1093702,
            "is_employee": false,
            "last_modified_date": 1627855500,
            "last_access_date": 1678277010,
            "reputation_change_year": 10,
            "reputation_change_quarter": 10,
            "reputation_change_month": 0,
            "reputation_change_week": 0,
            "reputation_change_day": 0,
            "reputation": 2515,
            "creation_date": 1323348983,
            "user_type": "registered",
            "user_id": 1087768,
            "accept_rate": 100,
            "website_url": "",
            "link": "https://stackoverflow.com/users/1087768/coni2k",
            "profile_image": "https://i.stack.imgur.com/wvqNU.jpg?s=256&g=1",
            "display_name": "coni2k"
        },
        {
            "badge_counts": {
                "bronze": 19,
                "silver": 14,
                "gold": 0
            },
            "account_id": 293757,
            "is_employee": false,
            "last_modified_date": 1635124500,
            "last_access_date": 1678380106,
            "reputation_change_year": 35,
            "reputation_change_quarter": 35,
            "reputation_change_month": 10,
            "reputation_change_week": 10,
            "reputation_change_day": 0,
            "reputation": 2515,
            "creation_date": 1296495623,
            "user_type": "registered",
            "user_id": 1246011,
            "link": "https://stackoverflow.com/users/1246011/jasper",
            "profile_image": "https://www.gravatar.com/avatar/b1e98b43bd03bd1fb66392302b7a8bd2?s=256&d=identicon&r=PG",
            "display_name": "Jasper"
        },
        {
            "badge_counts": {
                "bronze": 58,
                "silver": 38,
                "gold": 10
            },
            "account_id": 1393434,
            "is_employee": false,
            "last_modified_date": 1672450800,
            "last_access_date": 1645896950,
            "reputation_change_year": 10,
            "reputation_change_quarter": 10,
            "reputation_change_month": 0,
            "reputation_change_week": 0,
            "reputation_change_day": 0,
            "reputation": 2515,
            "creation_date": 1334051311,
            "user_type": "registered",
            "user_id": 1323716,
            "accept_rate": 82,
            "website_url": "",
            "link": "https://stackoverflow.com/users/1323716/stanislas-piotrowski",
            "profile_image": "https://i.stack.imgur.com/GG9lj.jpg?s=256&g=1",
            "display_name": "Stanislas Piotrowski"
        },
        {
            "badge_counts": {
                "bronze": 14,
                "silver": 14,
                "gold": 1
            },
            "account_id": 1439605,
            "is_employee": false,
            "last_modified_date": 1662456600,
            "last_access_date": 1657265136,
            "reputation_change_year": 40,
            "reputation_change_quarter": 40,
            "reputation_change_month": 10,
            "reputation_change_week": 10,
            "reputation_change_day": 0,
            "reputation": 2515,
            "creation_date": 1335494273,
            "user_type": "registered",
            "user_id": 1360133,
            "website_url": "http://chaoslog.com",
            "link": "https://stackoverflow.com/users/1360133/james",
            "profile_image": "https://i.stack.imgur.com/GRgUR.png?s=256&g=1",
            "display_name": "James"
        },
        {
            "badge_counts": {
                "bronze": 35,
                "silver": 24,
                "gold": 3
            },
            "account_id": 1542442,
            "is_employee": false,
            "last_modified_date": 1656336600,
            "last_access_date": 1624619193,
            "reputation_change_year": 20,
            "reputation_change_quarter": 20,
            "reputation_change_month": 10,
            "reputation_change_week": 0,
            "reputation_change_day": 0,
            "reputation": 2515,
            "creation_date": 1338881001,
            "user_type": "registered",
            "user_id": 1436757,
            "accept_rate": 77,
            "location": "Gauteng, South Africa",
            "website_url": "",
            "link": "https://stackoverflow.com/users/1436757/johan-de-klerk",
            "profile_image": "https://www.gravatar.com/avatar/4c406c7b6d8180179029c502ac8c319c?s=256&d=identicon&r=PG",
            "display_name": "Johan de Klerk"
        },
        {
            "badge_counts": {
                "bronze": 43,
                "silver": 29,
                "gold": 5
            },
            "account_id": 1710973,
            "is_employee": false,
            "last_modified_date": 1669424700,
            "last_access_date": 1678331003,
            "reputation_change_year": 40,
            "reputation_change_quarter": 40,
            "reputation_change_month": 10,
            "reputation_change_week": 0,
            "reputation_change_day": 0,
            "reputation": 2515,
            "creation_date": 1343835599,
            "user_type": "registered",
            "user_id": 1569058,
            "accept_rate": 62,
            "website_url": "",
            "link": "https://stackoverflow.com/users/1569058/tesla1060",
            "profile_image": "https://www.gravatar.com/avatar/0c273662352eaf2645d1222a3d7c7c4d?s=256&d=identicon&r=PG",
            "display_name": "tesla1060"
        },
        {
            "badge_counts": {
                "bronze": 54,
                "silver": 34,
                "gold": 4
            },
            "account_id": 1833938,
            "is_employee": false,
            "last_modified_date": 1661566800,
            "last_access_date": 1678311627,
            "reputation_change_year": 31,
            "reputation_change_quarter": 31,
            "reputation_change_month": 0,
            "reputation_change_week": 0,
            "reputation_change_day": 0,
            "reputation": 2515,
            "creation_date": 1347425716,
            "user_type": "registered",
            "user_id": 1664675,
            "accept_rate": 56,
            "website_url": "",
            "link": "https://stackoverflow.com/users/1664675/letsc",
            "profile_image": "https://www.gravatar.com/avatar/e9526be62369d44940cded06d9b1f7f8?s=256&d=identicon&r=PG",
            "display_name": "letsc"
        },
        {
            "badge_counts": {
                "bronze": 26,
                "silver": 19,
                "gold": 0
            },
            "account_id": 2706626,
            "is_employee": false,
            "last_modified_date": 1573681389,
            "last_access_date": 1675341863,
            "reputation_change_year": 0,
            "reputation_change_quarter": 0,
            "reputation_change_month": 0,
            "reputation_change_week": 0,
            "reputation_change_day": 0,
            "reputation": 2515,
            "creation_date": 1367329173,
            "user_type": "registered",
            "user_id": 2336098,
            "website_url": "",
            "link": "https://stackoverflow.com/users/2336098/captainobvious",
            "profile_image": "https://www.gravatar.com/avatar/e8fe1c07dbbb312a76a5a775906d7bfd?s=256&d=identicon&r=PG",
            "display_name": "CaptainObvious"
        },
        {
            "badge_counts": {
                "bronze": 42,
                "silver": 29,
                "gold": 7
            },
            "account_id": 2801864,
            "is_employee": false,
            "last_modified_date": 1677287100,
            "last_access_date": 1658238663,
            "reputation_change_year": 20,
            "reputation_change_quarter": 20,
            "reputation_change_month": 0,
            "reputation_change_week": 0,
            "reputation_change_day": 0,
            "reputation": 2515,
            "creation_date": 1369232200,
            "user_type": "registered",
            "user_id": 2409970,
            "accept_rate": 86,
            "location": "Dubai - United Arab Emirates",
            "website_url": "https://www.linkedin.com/in/sayedjalilhassan/",
            "link": "https://stackoverflow.com/users/2409970/sayed-jalil-hassan",
            "profile_image": "https://i.stack.imgur.com/jLIkM.jpg?s=256&g=1",
            "display_name": "Sayed Jalil Hassan"
        },
        {
            "badge_counts": {
                "bronze": 26,
                "silver": 20,
                "gold": 5
            },
            "account_id": 3069879,
            "is_employee": false,
            "last_modified_date": 1573681177,
            "last_access_date": 1662711995,
            "reputation_change_year": 0,
            "reputation_change_quarter": 0,
            "reputation_change_month": 0,
            "reputation_change_week": 0,
            "reputation_change_day": 0,
            "reputation": 2515,
            "creation_date": 1374262835,
            "user_type": "registered",
            "user_id": 2600810,
            "accept_rate": 75,
            "location": "Sweden",
            "website_url": "",
            "link": "https://stackoverflow.com/users/2600810/oscarwyck",
            "profile_image": "https://www.gravatar.com/avatar/adb3128a7204d23d19f2f3482c3707c4?s=256&d=identicon&r=PG&f=1",
            "display_name": "OscarWyck"
        },
        {
            "badge_counts": {
                "bronze": 25,
                "silver": 27,
                "gold": 1
            },
            "account_id": 3243353,
            "is_employee": false,
            "last_modified_date": 1631615400,
            "last_access_date": 1678367362,
            "reputation_change_year": 0,
            "reputation_change_quarter": 0,
            "reputation_change_month": 0,
            "reputation_change_week": 0,
            "reputation_change_day": 0,
            "reputation": 2515,
            "creation_date": 1378736047,
            "user_type": "registered",
            "user_id": 2761728,
            "accept_rate": 50,
            "location": "Beijing, China",
            "website_url": "https://anthonyeef.github.io/",
            "link": "https://stackoverflow.com/users/2761728/anthonyeef",
            "profile_image": "https://i.stack.imgur.com/7Lkhy.jpg?s=256&g=1",
            "display_name": "Anthonyeef"
        },
        {
            "badge_counts": {
                "bronze": 24,
                "silver": 13,
                "gold": 2
            },
            "account_id": 3761479,
            "is_employee": false,
            "last_modified_date": 1662336600,
            "last_access_date": 1678374726,
            "reputation_change_year": 60,
            "reputation_change_quarter": 60,
            "reputation_change_month": 0,
            "reputation_change_week": 0,
            "reputation_change_day": 0,
            "reputation": 2515,
            "creation_date": 1387673147,
            "user_type": "registered",
            "user_id": 3126323,
            "accept_rate": 57,
            "location": "Paris, France",
            "website_url": "http://None",
            "link": "https://stackoverflow.com/users/3126323/farvilain",
            "profile_image": "https://www.gravatar.com/avatar/625654da2ba9a5a082c1e4f8917a0774?s=256&d=identicon&r=PG",
            "display_name": "farvilain"
        },
        {
            "badge_counts": {
                "bronze": 55,
                "silver": 31,
                "gold": 4
            },
            "account_id": 4845453,
            "is_employee": false,
            "last_modified_date": 1631613601,
            "last_access_date": 1624209330,
            "reputation_change_year": 10,
            "reputation_change_quarter": 10,
            "reputation_change_month": 0,
            "reputation_change_week": 0,
            "reputation_change_day": 0,
            "reputation": 2515,
            "creation_date": 1407221259,
            "user_type": "registered",
            "user_id": 3909196,
            "accept_rate": 92,
            "website_url": "http://www.cashpass.me",
            "link": "https://stackoverflow.com/users/3909196/rashadb",
            "profile_image": "https://www.gravatar.com/avatar/55d56032f7c90e539d0efa43eb3ee1a4?s=256&d=identicon&r=PG&f=1",
            "display_name": "rashadb"
        },
        {
            "badge_counts": {
                "bronze": 38,
                "silver": 23,
                "gold": 4
            },
            "account_id": 4960200,
            "is_employee": false,
            "last_modified_date": 1678223747,
            "last_access_date": 1678297451,
            "reputation_change_year": 30,
            "reputation_change_quarter": 30,
            "reputation_change_month": 0,
            "reputation_change_week": 0,
            "reputation_change_day": 0,
            "reputation": 2515,
            "creation_date": 1409350118,
            "user_type": "registered",
            "user_id": 3991628,
            "location": "Eagle Mountain, UT, USA",
            "website_url": "https://christopher-bradshaw.com/",
            "link": "https://stackoverflow.com/users/3991628/christopher-bradshaw",
            "profile_image": "https://i.stack.imgur.com/j2pFg.png?s=256&g=1",
            "display_name": "Christopher Bradshaw"
        },
        {
            "badge_counts": {
                "bronze": 18,
                "silver": 18,
                "gold": 2
            },
            "account_id": 5317438,
            "is_employee": false,
            "last_modified_date": 1658922600,
            "last_access_date": 1678117110,
            "reputation_change_year": 30,
            "reputation_change_quarter": 30,
            "reputation_change_month": 10,
            "reputation_change_week": 10,
            "reputation_change_day": 0,
            "reputation": 2515,
            "creation_date": 1415753173,
            "user_type": "registered",
            "user_id": 4241818,
            "location": "London, UK",
            "website_url": "http://davidharlow.dev",
            "link": "https://stackoverflow.com/users/4241818/david-harlow",
            "profile_image": "https://graph.facebook.com/778527579/picture?type=large",
            "display_name": "David Harlow"
        },
        {
            "badge_counts": {
                "bronze": 40,
                "silver": 22,
                "gold": 4
            },
            "account_id": 6303401,
            "is_employee": false,
            "last_modified_date": 1671452262,
            "last_access_date": 1678376223,
            "reputation_change_year": 110,
            "reputation_change_quarter": 110,
            "reputation_change_month": 20,
            "reputation_change_week": 10,
            "reputation_change_day": 0,
            "reputation": 2515,
            "creation_date": 1431545567,
            "user_type": "registered",
            "user_id": 4897281,
            "accept_rate": 88,
            "location": "Cape Town, Western Cape, South Africa",
            "website_url": "",
            "link": "https://stackoverflow.com/users/4897281/jonathan",
            "profile_image": "https://i.stack.imgur.com/G3Q3Y.jpg?s=256&g=1",
            "display_name": "Jonathan"
        },
        {
            "badge_counts": {
                "bronze": 26,
                "silver": 16,
                "gold": 3
            },
            "account_id": 6388506,
            "is_employee": false,
            "last_modified_date": 1661878200,
            "last_access_date": 1552987001,
            "reputation_change_year": 20,
            "reputation_change_quarter": 20,
            "reputation_change_month": 10,
            "reputation_change_week": 10,
            "reputation_change_day": 0,
            "reputation": 2515,
            "creation_date": 1432967730,
            "user_type": "registered",
            "user_id": 4955554,
            "accept_rate": 78,
            "website_url": "",
            "link": "https://stackoverflow.com/users/4955554/js-jms-web",
            "profile_image": "https://www.gravatar.com/avatar/38a5c524bbd2a112cde492f53e74c811?s=256&d=identicon&r=PG&f=1",
            "display_name": "JS-JMS-WEB"
        },
        {
            "badge_counts": {
                "bronze": 18,
                "silver": 11,
                "gold": 2
            },
            "account_id": 6473289,
            "is_employee": false,
            "last_modified_date": 1573679577,
            "last_access_date": 1669666776,
            "reputation_change_year": 0,
            "reputation_change_quarter": 0,
            "reputation_change_month": 0,
            "reputation_change_week": 0,
            "reputation_change_day": 0,
            "reputation": 2515,
            "creation_date": 1434395986,
            "user_type": "registered",
            "user_id": 5012734,
            "accept_rate": 100,
            "website_url": "",
            "link": "https://stackoverflow.com/users/5012734/arnbobo",
            "profile_image": "https://www.gravatar.com/avatar/617a80d904f54588ff12f7d6945d159b?s=256&d=identicon&r=PG&f=1",
            "display_name": "arnbobo"
        },
        {
            "badge_counts": {
                "bronze": 15,
                "silver": 13,
                "gold": 2
            },
            "account_id": 6868844,
            "is_employee": false,
            "last_modified_date": 1607614536,
            "last_access_date": 1678292465,
            "reputation_change_year": 0,
            "reputation_change_quarter": 0,
            "reputation_change_month": 0,
            "reputation_change_week": 0,
            "reputation_change_day": 0,
            "reputation": 2515,
            "creation_date": 1440863448,
            "user_type": "registered",
            "user_id": 5280107,
            "location": "Vienna, Austria",
            "link": "https://stackoverflow.com/users/5280107/raptox",
            "profile_image": "https://www.gravatar.com/avatar/71a4d8b882a76baf55e0731c55fcbe58?s=256&d=identicon&r=PG",
            "display_name": "RaptoX"
        },
        {
            "badge_counts": {
                "bronze": 17,
                "silver": 16,
                "gold": 1
            },
            "account_id": 7004991,
            "is_employee": false,
            "last_modified_date": 1655143800,
            "last_access_date": 1678318207,
            "reputation_change_year": 70,
            "reputation_change_quarter": 70,
            "reputation_change_month": 0,
            "reputation_change_week": 0,
            "reputation_change_day": 0,
            "reputation": 2515,
            "creation_date": 1443045276,
            "user_type": "registered",
            "user_id": 5369726,
            "location": "Melbourne, Australia",
            "website_url": "http://dataexpertsgroup.com",
            "link": "https://stackoverflow.com/users/5369726/gary-holland",
            "profile_image": "https://i.stack.imgur.com/mHt6O.jpg?s=256&g=1",
            "display_name": "Gary Holland"
        },
        {
            "badge_counts": {
                "bronze": 13,
                "silver": 10,
                "gold": 1
            },
            "account_id": 8207029,
            "is_employee": false,
            "last_modified_date": 1650381600,
            "last_access_date": 1677411809,
            "reputation_change_year": 50,
            "reputation_change_quarter": 50,
            "reputation_change_month": 0,
            "reputation_change_week": 0,
            "reputation_change_day": 0,
            "reputation": 2515,
            "creation_date": 1460107823,
            "user_type": "registered",
            "user_id": 6176437,
            "location": "Iran",
            "website_url": "",
            "link": "https://stackoverflow.com/users/6176437/sajad-mirzaei",
            "profile_image": "https://www.gravatar.com/avatar/46a7076dc085c188b784bcad10a815b3?s=256&d=identicon&r=PG&f=1",
            "display_name": "Sajad Mirzaei"
        },
        {
            "badge_counts": {
                "bronze": 47,
                "silver": 17,
                "gold": 3
            },
            "account_id": 8362023,
            "is_employee": false,
            "last_modified_date": 1669342702,
            "last_access_date": 1678340193,
            "reputation_change_year": 20,
            "reputation_change_quarter": 20,
            "reputation_change_month": 0,
            "reputation_change_week": 0,
            "reputation_change_day": 0,
            "reputation": 2515,
            "creation_date": 1462170271,
            "user_type": "registered",
            "user_id": 6279975,
            "accept_rate": 56,
            "location": "China Shanghai",
            "website_url": "http://www.tomfriwel.com",
            "link": "https://stackoverflow.com/users/6279975/tomfriwel",
            "profile_image": "https://i.stack.imgur.com/qOH6C.jpg?s=256&g=1",
            "display_name": "tomfriwel"
        },
        {
            "badge_counts": {
                "bronze": 45,
                "silver": 32,
                "gold": 6
            },
            "account_id": 10697472,
            "is_employee": false,
            "last_modified_date": 1678191609,
            "last_access_date": 1678352158,
            "reputation_change_year": 0,
            "reputation_change_quarter": 0,
            "reputation_change_month": 0,
            "reputation_change_week": 0,
            "reputation_change_day": 0,
            "reputation": 2515,
            "creation_date": 1492334697,
            "user_type": "registered",
            "user_id": 7874047,
            "accept_rate": 33,
            "location": "Ahmedabad, Gujarat, India",
            "website_url": "",
            "link": "https://stackoverflow.com/users/7874047/ronak-thakkar",
            "profile_image": "https://i.stack.imgur.com/ZAN17.jpg?s=256&g=1",
            "display_name": "Ronak Thakkar"
        },
        {
            "badge_counts": {
                "bronze": 16,
                "silver": 9,
                "gold": 0
            },
            "account_id": 13246028,
            "is_employee": false,
            "last_modified_date": 1658836801,
            "last_access_date": 1678379506,
            "reputation_change_year": 35,
            "reputation_change_quarter": 35,
            "reputation_change_month": 0,
            "reputation_change_week": 0,
            "reputation_change_day": 0,
            "reputation": 2515,
            "creation_date": 1522252237,
            "user_type": "registered",
            "user_id": 9565139,
            "website_url": "",
            "link": "https://stackoverflow.com/users/9565139/vqf",
            "profile_image": "https://i.stack.imgur.com/t0SKo.png?s=256&g=1",
            "display_name": "vqf"
        },
        {
            "badge_counts": {
                "bronze": 24,
                "silver": 13,
                "gold": 1
            },
            "account_id": 13388096,
            "is_employee": false,
            "last_modified_date": 1667314500,
            "last_access_date": 1678375689,
            "reputation_change_year": 40,
            "reputation_change_quarter": 40,
            "reputation_change_month": 0,
            "reputation_change_week": 0,
            "reputation_change_day": 0,
            "reputation": 2515,
            "creation_date": 1524004832,
            "user_type": "registered",
            "user_id": 9661304,
            "location": "Trofa, Portugal",
            "website_url": "https://pedro-oliveira-silva.web.app/",
            "link": "https://stackoverflow.com/users/9661304/pedro-silva",
            "profile_image": "https://i.stack.imgur.com/Eq6Ms.jpg?s=256&g=1",
            "display_name": "Pedro Silva"
        },
        {
            "badge_counts": {
                "bronze": 51,
                "silver": 34,
                "gold": 10
            },
            "account_id": 6920,
            "is_employee": false,
            "last_modified_date": 1615917900,
            "last_access_date": 1244423433,
            "reputation_change_year": 0,
            "reputation_change_quarter": 0,
            "reputation_change_month": 0,
            "reputation_change_week": 0,
            "reputation_change_day": 0,
            "reputation": 2514,
            "creation_date": 1221564069,
            "user_type": "registered",
            "user_id": 11795,
            "accept_rate": 95,
            "location": "Belgium",
            "website_url": "",
            "link": "https://stackoverflow.com/users/11795/vordreller",
            "profile_image": "https://www.gravatar.com/avatar/d49ff24287f409d78522cb751b4b3e18?s=256&d=identicon&r=PG",
            "display_name": "Vordreller"
        },
        {
            "badge_counts": {
                "bronze": 25,
                "silver": 17,
                "gold": 0
            },
            "account_id": 24698,
            "is_employee": false,
            "last_modified_date": 1627086785,
            "last_access_date": 1678374606,
            "reputation_change_year": -2,
            "reputation_change_quarter": -2,
            "reputation_change_month": -2,
            "reputation_change_week": -2,
            "reputation_change_day": 0,
            "reputation": 2514,
            "creation_date": 1233857918,
            "user_type": "registered",
            "user_id": 62985,
            "accept_rate": 75,
            "location": "Nashville, TN, USA",
            "website_url": "https://medium.com/@nick_writes_stuff",
            "link": "https://stackoverflow.com/users/62985/nick",
            "profile_image": "https://www.gravatar.com/avatar/36638ea4806e70487716dddd417624bd?s=256&d=identicon&r=PG",
            "display_name": "Nick"
        },
        {
            "badge_counts": {
                "bronze": 30,
                "silver": 26,
                "gold": 3
            },
            "account_id": 58219,
            "is_employee": false,
            "last_modified_date": 1669429200,
            "last_access_date": 1678362787,
            "reputation_change_year": 0,
            "reputation_change_quarter": 0,
            "reputation_change_month": 0,
            "reputation_change_week": 0,
            "reputation_change_day": 0,
            "reputation": 2514,
            "creation_date": 1253109967,
            "user_type": "registered",
            "user_id": 174365,
            "accept_rate": 96,
            "link": "https://stackoverflow.com/users/174365/emilio-m-bumachar",
            "profile_image": "https://www.gravatar.com/avatar/afc5b8351b0622aab55049c7a48a6fca?s=256&d=identicon&r=PG",
            "display_name": "Emilio M Bumachar"
        },
        {
            "badge_counts": {
                "bronze": 41,
                "silver": 32,
                "gold": 6
            },
            "account_id": 104584,
            "is_employee": false,
            "last_modified_date": 1677288300,
            "last_access_date": 1667100608,
            "reputation_change_year": 50,
            "reputation_change_quarter": 50,
            "reputation_change_month": 20,
            "reputation_change_week": 10,
            "reputation_change_day": 0,
            "reputation": 2514,
            "creation_date": 1266935002,
            "user_type": "registered",
            "user_id": 279538,
            "accept_rate": 82,
            "website_url": "",
            "link": "https://stackoverflow.com/users/279538/cedivad",
            "profile_image": "https://www.gravatar.com/avatar/b77fadd2ba791134ac40a9c184be1eda?s=256&d=identicon&r=PG",
            "display_name": "cedivad"
        },
        {
            "badge_counts": {
                "bronze": 2,
                "silver": 14,
                "gold": 1
            },
            "account_id": 110562,
            "is_employee": false,
            "last_modified_date": 1672853700,
            "last_access_date": 1527097079,
            "reputation_change_year": -10,
            "reputation_change_quarter": -10,
            "reputation_change_month": 0,
            "reputation_change_week": 0,
            "reputation_change_day": 0,
            "reputation": 2514,
            "creation_date": 1268413877,
            "user_type": "registered",
            "user_id": 292514,
            "website_url": "",
            "link": "https://stackoverflow.com/users/292514/steve",
            "profile_image": "https://www.gravatar.com/avatar/c025445196c19d54bdec9dd22c69d7d9?s=256&d=identicon&r=PG",
            "display_name": "Steve"
        },
        {
            "badge_counts": {
                "bronze": 35,
                "silver": 23,
                "gold": 1
            },
            "account_id": 285703,
            "is_employee": false,
            "last_modified_date": 1653704100,
            "last_access_date": 1678204682,
            "reputation_change_year": 0,
            "reputation_change_quarter": 0,
            "reputation_change_month": 0,
            "reputation_change_week": 0,
            "reputation_change_day": 0,
            "reputation": 2514,
            "creation_date": 1295618153,
            "user_type": "registered",
            "user_id": 584532,
            "accept_rate": 79,
            "location": "Switzerland",
            "website_url": "",
            "link": "https://stackoverflow.com/users/584532/nrainer",
            "profile_image": "https://www.gravatar.com/avatar/32400436517e5dcc8f1b1c4c2477d877?s=256&d=identicon&r=PG",
            "display_name": "nrainer"
        },
        {
            "badge_counts": {
                "bronze": 46,
                "silver": 24,
                "gold": 1
            },
            "account_id": 347403,
            "is_employee": false,
            "last_modified_date": 1607615110,
            "last_access_date": 1675828816,
            "reputation_change_year": 0,
            "reputation_change_quarter": 0,
            "reputation_change_month": 0,
            "reputation_change_week": 0,
            "reputation_change_day": 0,
            "reputation": 2514,
            "creation_date": 1301380260,
            "user_type": "registered",
            "user_id": 681493,
            "accept_rate": 67,
            "location": "Chicago, IL",
            "website_url": "http://www.designatednerd.com",
            "link": "https://stackoverflow.com/users/681493/designatednerd",
            "profile_image": "https://www.gravatar.com/avatar/c4861b1dfdf3bbb21faec4a1acdf183d?s=256&d=identicon&r=PG",
            "display_name": "DesignatedNerd"
        },
        {
            "badge_counts": {
                "bronze": 56,
                "silver": 30,
                "gold": 5
            },
            "account_id": 454912,
            "is_employee": false,
            "last_modified_date": 1629761700,
            "last_access_date": 1678075148,
            "reputation_change_year": 80,
            "reputation_change_quarter": 80,
            "reputation_change_month": 10,
            "reputation_change_week": 0,
            "reputation_change_day": 0,
            "reputation": 2514,
            "creation_date": 1311107553,
            "user_type": "registered",
            "user_id": 852795,
            "accept_rate": 85,
            "location": "San Francisco, CA, United States",
            "website_url": "http://www.linkedin.com/in/mcramer",
            "link": "https://stackoverflow.com/users/852795/mark-cramer",
            "profile_image": "https://i.stack.imgur.com/2J4Iq.jpg?s=256&g=1",
            "display_name": "Mark Cramer"
        },
        {
            "badge_counts": {
                "bronze": 56,
                "silver": 39,
                "gold": 8
            },
            "account_id": 890146,
            "is_employee": false,
            "last_modified_date": 1607615036,
            "last_access_date": 1678358016,
            "reputation_change_year": 20,
            "reputation_change_quarter": 20,
            "reputation_change_month": 20,
            "reputation_change_week": 10,
            "reputation_change_day": 0,
            "reputation": 2514,
            "creation_date": 1315214833,
            "user_type": "registered",
            "user_id": 928585,
            "accept_rate": 74,
            "location": "Kerala",
            "website_url": "",
            "link": "https://stackoverflow.com/users/928585/sajith",
            "profile_image": "https://i.stack.imgur.com/dB6Mn.png?s=256&g=1",
            "display_name": "sajith"
        },
        {
            "badge_counts": {
                "bronze": 37,
                "silver": 21,
                "gold": 2
            },
            "account_id": 934280,
            "is_employee": false,
            "last_modified_date": 1582364728,
            "last_access_date": 1661005701,
            "reputation_change_year": 10,
            "reputation_change_quarter": 10,
            "reputation_change_month": 0,
            "reputation_change_week": 0,
            "reputation_change_day": 0,
            "reputation": 2514,
            "creation_date": 1316946920,
            "user_type": "registered",
            "user_id": 963514,
            "accept_rate": 67,
            "location": "Sweden/Germany",
            "website_url": "",
            "link": "https://stackoverflow.com/users/963514/systembolaget",
            "profile_image": "https://www.gravatar.com/avatar/5407c3c95467f5ab674769618b37f496?s=256&d=identicon&r=PG",
            "display_name": "Systembolaget"
        },
        {
            "badge_counts": {
                "bronze": 46,
                "silver": 31,
                "gold": 2
            },
            "account_id": 1033434,
            "is_employee": false,
            "last_modified_date": 1607614999,
            "last_access_date": 1678375035,
            "reputation_change_year": 30,
            "reputation_change_quarter": 30,
            "reputation_change_month": 0,
            "reputation_change_week": 0,
            "reputation_change_day": 0,
            "reputation": 2514,
            "creation_date": 1320998070,
            "user_type": "registered",
            "user_id": 1041282,
            "accept_rate": 64,
            "location": "Stockholm, Sweden",
            "website_url": "http://codebyexample.info/",
            "link": "https://stackoverflow.com/users/1041282/uzilan",
            "profile_image": "https://www.gravatar.com/avatar/d3f79892438a80372f016d63c8fac39f?s=256&d=identicon&r=PG",
            "display_name": "uzilan"
        },
        {
            "badge_counts": {
                "bronze": 14,
                "silver": 15,
                "gold": 1
            },
            "account_id": 1087474,
            "is_employee": false,
            "last_modified_date": 1635487800,
            "last_access_date": 1670087720,
            "reputation_change_year": 20,
            "reputation_change_quarter": 20,
            "reputation_change_month": 0,
            "reputation_change_week": 0,
            "reputation_change_day": 0,
            "reputation": 2514,
            "creation_date": 1323146212,
            "user_type": "registered",
            "user_id": 1082845,
            "accept_rate": 71,
            "location": "Argentina",
            "website_url": "http://www.m2code.com",
            "link": "https://stackoverflow.com/users/1082845/fisu",
            "profile_image": "https://www.gravatar.com/avatar/105f6d9647edda1f99f780691f7b3be6?s=256&d=identicon&r=PG",
            "display_name": "Fisu"
        },
        {
            "badge_counts": {
                "bronze": 19,
                "silver": 16,
                "gold": 1
            },
            "account_id": 1314776,
            "is_employee": false,
            "last_modified_date": 1607614938,
            "last_access_date": 1618756781,
            "reputation_change_year": 0,
            "reputation_change_quarter": 0,
            "reputation_change_month": 0,
            "reputation_change_week": 0,
            "reputation_change_day": 0,
            "reputation": 2514,
            "creation_date": 1331445874,
            "user_type": "registered",
            "user_id": 1261915,
            "accept_rate": 43,
            "location": "Bengaluru, Karnataka, India",
            "website_url": "",
            "link": "https://stackoverflow.com/users/1261915/sourabh-bhardwaj",
            "profile_image": "https://www.gravatar.com/avatar/f7e50a310e4f4dc416ef56c45fda8856?s=256&d=identicon&r=PG",
            "display_name": "Sourabh Bhardwaj"
        },
        {
            "badge_counts": {
                "bronze": 34,
                "silver": 23,
                "gold": 5
            },
            "account_id": 1484300,
            "is_employee": false,
            "last_modified_date": 1653571200,
            "last_access_date": 1678131991,
            "reputation_change_year": 10,
            "reputation_change_quarter": 10,
            "reputation_change_month": 10,
            "reputation_change_week": 0,
            "reputation_change_day": 0,
            "reputation": 2514,
            "creation_date": 1336961676,
            "user_type": "registered",
            "user_id": 1392862,
            "accept_rate": 73,
            "location": "Truckee, CA, USA",
            "website_url": "",
            "link": "https://stackoverflow.com/users/1392862/nathasm",
            "profile_image": "https://www.gravatar.com/avatar/582c0f8e8348c7d37d769c19f97b3d22?s=256&d=identicon&r=PG",
            "display_name": "nathasm"
        },
        {
            "badge_counts": {
                "bronze": 34,
                "silver": 19,
                "gold": 0
            },
            "account_id": 1504187,
            "is_employee": false,
            "last_modified_date": 1656330000,
            "last_access_date": 1626571622,
            "reputation_change_year": 10,
            "reputation_change_quarter": 10,
            "reputation_change_month": 0,
            "reputation_change_week": 0,
            "reputation_change_day": 0,
            "reputation": 2514,
            "creation_date": 1337606853,
            "user_type": "registered",
            "user_id": 1407976,
            "accept_rate": 100,
            "location": "Manama, Bahrain",
            "website_url": "http://www.xkcd.com",
            "link": "https://stackoverflow.com/users/1407976/totero",
            "profile_image": "https://www.gravatar.com/avatar/11d8286baa5011ae2ce898b65ce5121a?s=256&d=identicon&r=PG",
            "display_name": "Totero"
        },
        {
            "badge_counts": {
                "bronze": 39,
                "silver": 19,
                "gold": 2
            },
            "account_id": 1565811,
            "is_employee": false,
            "last_modified_date": 1573682357,
            "last_access_date": 1665039683,
            "reputation_change_year": 20,
            "reputation_change_quarter": 20,
            "reputation_change_month": 10,
            "reputation_change_week": 10,
            "reputation_change_day": 10,
            "reputation": 2514,
            "creation_date": 1339617200,
            "user_type": "registered",
            "user_id": 1454653,
            "accept_rate": 87,
            "location": "Romania",
            "website_url": "",
            "link": "https://stackoverflow.com/users/1454653/dragostis",
            "profile_image": "https://i.stack.imgur.com/FvI1V.jpg?s=256&g=1",
            "display_name": "dragostis"
        },
        {
            "badge_counts": {
                "bronze": 39,
                "silver": 25,
                "gold": 8
            },
            "account_id": 1772710,
            "is_employee": false,
            "last_modified_date": 1573682136,
            "last_access_date": 1678200377,
            "reputation_change_year": 10,
            "reputation_change_quarter": 10,
            "reputation_change_month": 10,
            "reputation_change_week": 0,
            "reputation_change_day": 0,
            "reputation": 2514,
            "creation_date": 1345644174,
            "user_type": "registered",
            "user_id": 1617186,
            "accept_rate": 45,
            "location": "Czech Republic",
            "link": "https://stackoverflow.com/users/1617186/ngix",
            "profile_image": "https://i.stack.imgur.com/O9EWI.jpg?s=256&g=1",
            "display_name": "NGix"
        },
        {
            "badge_counts": {
                "bronze": 23,
                "silver": 16,
                "gold": 0
            },
            "account_id": 1795706,
            "is_employee": false,
            "last_modified_date": 1664196000,
            "last_access_date": 1642959151,
            "reputation_change_year": 0,
            "reputation_change_quarter": 0,
            "reputation_change_month": 0,
            "reputation_change_week": 0,
            "reputation_change_day": 0,
            "reputation": 2514,
            "creation_date": 1346307979,
            "user_type": "registered",
            "user_id": 1635144,
            "accept_rate": 50,
            "website_url": "http://orgchartasp.net",
            "link": "https://stackoverflow.com/users/1635144/chandra-sekhar-walajapet",
            "profile_image": "https://i.stack.imgur.com/Ia6Ej.jpg?s=256&g=1",
            "display_name": "Chandra Sekhar Walajapet"
        },
        {
            "badge_counts": {
                "bronze": 22,
                "silver": 13,
                "gold": 2
            },
            "account_id": 212435,
            "is_employee": false,
            "last_modified_date": 1573681998,
            "last_access_date": 1631082286,
            "reputation_change_year": 0,
            "reputation_change_quarter": 0,
            "reputation_change_month": 0,
            "reputation_change_week": 0,
            "reputation_change_day": 0,
            "reputation": 2514,
            "creation_date": 1349894272,
            "user_type": "registered",
            "user_id": 1735868,
            "link": "https://stackoverflow.com/users/1735868/dmytro-rudenko",
            "profile_image": "https://graph.facebook.com/800323031/picture?type=large",
            "display_name": "Dmytro Rudenko"
        },
        {
            "badge_counts": {
                "bronze": 78,
                "silver": 37,
                "gold": 8
            },
            "account_id": 2437176,
            "is_employee": false,
            "last_modified_date": 1652829300,
            "last_access_date": 1669041985,
            "reputation_change_year": 0,
            "reputation_change_quarter": 0,
            "reputation_change_month": 0,
            "reputation_change_week": 0,
            "reputation_change_day": 0,
            "reputation": 2514,
            "creation_date": 1362232280,
            "user_type": "registered",
            "user_id": 2126785,
            "accept_rate": 70,
            "location": "Plovdiv, Bulgaria",
            "website_url": "",
            "link": "https://stackoverflow.com/users/2126785/sartheris-stormhammer",
            "profile_image": "https://i.stack.imgur.com/q8cI8.jpg?s=256&g=1",
            "display_name": "Sartheris Stormhammer"
        },
        {
            "badge_counts": {
                "bronze": 67,
                "silver": 40,
                "gold": 7
            },
            "account_id": 2988612,
            "is_employee": false,
            "last_modified_date": 1667610013,
            "last_access_date": 1635480342,
            "reputation_change_year": 40,
            "reputation_change_quarter": 40,
            "reputation_change_month": 20,
            "reputation_change_week": 20,
            "reputation_change_day": 0,
            "reputation": 2514,
            "creation_date": 1376656555,
            "user_type": "registered",
            "user_id": 2689414,
            "accept_rate": 55,
            "location": "Hyderabad, India",
            "website_url": "http://gangaec.blogspot.com",
            "link": "https://stackoverflow.com/users/2689414/gangadhars",
            "profile_image": "https://www.gravatar.com/avatar/8e28a4933b4c91357385435ae72bebdb?s=256&d=identicon&r=PG",
            "display_name": "gangadhars"
        },
        {
            "badge_counts": {
                "bronze": 35,
                "silver": 26,
                "gold": 2
            },
            "account_id": 3472582,
            "is_employee": false,
            "last_modified_date": 1648654200,
            "last_access_date": 1678275006,
            "reputation_change_year": 20,
            "reputation_change_quarter": 20,
            "reputation_change_month": 0,
            "reputation_change_week": 0,
            "reputation_change_day": 0,
            "reputation": 2514,
            "creation_date": 1382436053,
            "user_type": "registered",
            "user_id": 2906559,
            "accept_rate": 50,
            "location": "Dubai DownTown",
            "website_url": "https://www.rakeshpd.com",
            "link": "https://stackoverflow.com/users/2906559/errakeshpd",
            "profile_image": "https://www.gravatar.com/avatar/dcfc0f9353431d8a74b4792d9e6cc6c5?s=256&d=identicon&r=PG",
            "display_name": "errakeshpd"
        },
        {
            "badge_counts": {
                "bronze": 82,
                "silver": 39,
                "gold": 4
            },
            "account_id": 3479586,
            "is_employee": false,
            "last_modified_date": 1671239400,
            "last_access_date": 1678374891,
            "reputation_change_year": -12,
            "reputation_change_quarter": -12,
            "reputation_change_month": -1,
            "reputation_change_week": 0,
            "reputation_change_day": 0,
            "reputation": 2514,
            "creation_date": 1382541288,
            "user_type": "registered",
            "user_id": 2912011,
            "accept_rate": 79,
            "location": "United States",
            "website_url": "",
            "link": "https://stackoverflow.com/users/2912011/david-rogers",
            "profile_image": "https://i.stack.imgur.com/pjwRu.png?s=256&g=1",
            "display_name": "David Rogers"
        },
        {
            "badge_counts": {
                "bronze": 73,
                "silver": 41,
                "gold": 4
            },
            "account_id": 3601615,
            "is_employee": false,
            "last_modified_date": 1668606900,
            "last_access_date": 1621876383,
            "reputation_change_year": 10,
            "reputation_change_quarter": 10,
            "reputation_change_month": 0,
            "reputation_change_week": 0,
            "reputation_change_day": 0,
            "reputation": 2514,
            "creation_date": 1384779877,
            "user_type": "registered",
            "user_id": 3004821,
            "accept_rate": 86,
            "location": "France",
            "website_url": "",
            "link": "https://stackoverflow.com/users/3004821/fralbo",
            "profile_image": "https://www.gravatar.com/avatar/77519448e6002723a9345b54d76870c9?s=256&d=identicon&r=PG&f=1",
            "display_name": "fralbo"
        },
        {
            "badge_counts": {
                "bronze": 25,
                "silver": 19,
                "gold": 1
            },
            "account_id": 3793035,
            "is_employee": false,
            "last_modified_date": 1573680820,
            "last_access_date": 1672898062,
            "reputation_change_year": 50,
            "reputation_change_quarter": 50,
            "reputation_change_month": 0,
            "reputation_change_week": 0,
            "reputation_change_day": 0,
            "reputation": 2514,
            "creation_date": 1388485459,
            "user_type": "registered",
            "user_id": 3149036,
            "location": "Brooklyn, NY",
            "website_url": "",
            "link": "https://stackoverflow.com/users/3149036/tavnab",
            "profile_image": "https://www.gravatar.com/avatar/aafbfdc08182b9b1f4ec74dea348050b?s=256&d=identicon&r=PG",
            "display_name": "tavnab"
        },
        {
            "badge_counts": {
                "bronze": 25,
                "silver": 18,
                "gold": 3
            },
            "account_id": 4339660,
            "is_employee": false,
            "last_modified_date": 1651678800,
            "last_access_date": 1677776601,
            "reputation_change_year": 50,
            "reputation_change_quarter": 50,
            "reputation_change_month": 0,
            "reputation_change_week": 0,
            "reputation_change_day": 0,
            "reputation": 2514,
            "creation_date": 1397689015,
            "user_type": "registered",
            "user_id": 3543254,
            "accept_rate": 67,
            "location": "bristol",
            "link": "https://stackoverflow.com/users/3543254/aheigins",
            "profile_image": "https://www.gravatar.com/avatar/8a06eda21e45a6c11537a24f905a48ec?s=256&d=identicon&r=PG&f=1",
            "display_name": "aheigins"
        },
        {
            "badge_counts": {
                "bronze": 42,
                "silver": 28,
                "gold": 4
            },
            "account_id": 4617097,
            "is_employee": false,
            "last_modified_date": 1658543700,
            "last_access_date": 1654278453,
            "reputation_change_year": 70,
            "reputation_change_quarter": 70,
            "reputation_change_month": 0,
            "reputation_change_week": 0,
            "reputation_change_day": 0,
            "reputation": 2514,
            "creation_date": 1402875110,
            "user_type": "registered",
            "user_id": 3743213,
            "accept_rate": 62,
            "location": "Charlottesville, VA",
            "website_url": "https://github.com/seth127",
            "link": "https://stackoverflow.com/users/3743213/seth127",
            "profile_image": "https://www.gravatar.com/avatar/474c5da76104df280c13b27d439fa39f?s=256&d=identicon&r=PG&f=1",
            "display_name": "seth127"
        },
        {
            "badge_counts": {
                "bronze": 59,
                "silver": 27,
                "gold": 3
            },
            "account_id": 5514778,
            "is_employee": false,
            "last_modified_date": 1666721485,
            "last_access_date": 1678099480,
            "reputation_change_year": 20,
            "reputation_change_quarter": 20,
            "reputation_change_month": 0,
            "reputation_change_week": 0,
            "reputation_change_day": 0,
            "reputation": 2514,
            "creation_date": 1419050299,
            "user_type": "registered",
            "user_id": 4379903,
            "accept_rate": 82,
            "location": "San Francisco Bay Area",
            "website_url": "",
            "link": "https://stackoverflow.com/users/4379903/abhishek-ghosh",
            "profile_image": "https://www.gravatar.com/avatar/69f10cedb8e97e3b5ffb9f2447dda350?s=256&d=identicon&r=PG&f=1",
            "display_name": "Abhishek Ghosh"
        },
        {
            "badge_counts": {
                "bronze": 32,
                "silver": 14,
                "gold": 1
            },
            "account_id": 6203392,
            "is_employee": false,
            "last_modified_date": 1662336001,
            "last_access_date": 1678347238,
            "reputation_change_year": 30,
            "reputation_change_quarter": 30,
            "reputation_change_month": 10,
            "reputation_change_week": 0,
            "reputation_change_day": 0,
            "reputation": 2514,
            "creation_date": 1429979970,
            "user_type": "registered",
            "user_id": 4832356,
            "location": "Tabriz, East Azerbaijan Province, Iran",
            "website_url": "",
            "link": "https://stackoverflow.com/users/4832356/sisa",
            "profile_image": "https://i.stack.imgur.com/0ujON.jpg?s=256&g=1",
            "display_name": "SiSa"
        },
        {
            "badge_counts": {
                "bronze": 35,
                "silver": 22,
                "gold": 6
            },
            "account_id": 6853899,
            "is_employee": false,
            "last_modified_date": 1612087800,
            "last_access_date": 1515679282,
            "reputation_change_year": 30,
            "reputation_change_quarter": 30,
            "reputation_change_month": 10,
            "reputation_change_week": 10,
            "reputation_change_day": 10,
            "reputation": 2514,
            "creation_date": 1440619361,
            "user_type": "registered",
            "user_id": 5270172,
            "accept_rate": 80,
            "location": "Rochester, MN",
            "website_url": "https://www.linkedin.com/in/kelly-keller-heikkila-91a7b93/",
            "link": "https://stackoverflow.com/users/5270172/kelly-keller-heikkila",
            "profile_image": "https://i.stack.imgur.com/2VVKW.jpg?s=256&g=1",
            "display_name": "Kelly Keller-Heikkila"
        },
        {
            "badge_counts": {
                "bronze": 49,
                "silver": 25,
                "gold": 3
            },
            "account_id": 7474155,
            "is_employee": false,
            "last_modified_date": 1670529302,
            "last_access_date": 1678366367,
            "reputation_change_year": 50,
            "reputation_change_quarter": 50,
            "reputation_change_month": 0,
            "reputation_change_week": 0,
            "reputation_change_day": 0,
            "reputation": 2514,
            "creation_date": 1468328787,
            "user_type": "registered",
            "user_id": 6579556,
            "accept_rate": 62,
            "website_url": "",
            "link": "https://stackoverflow.com/users/6579556/pavel-perevezencev",
            "profile_image": "https://www.gravatar.com/avatar/217df6dff1af8a5acf8593ccb56528b5?s=256&d=identicon&r=PG",
            "display_name": "Pavel Perevezencev"
        },
        {
            "badge_counts": {
                "bronze": 39,
                "silver": 19,
                "gold": 2
            },
            "account_id": 8014735,
            "is_employee": false,
            "last_modified_date": 1674973500,
            "last_access_date": 1678348368,
            "reputation_change_year": 103,
            "reputation_change_quarter": 103,
            "reputation_change_month": 10,
            "reputation_change_week": 0,
            "reputation_change_day": 0,
            "reputation": 2514,
            "creation_date": 1485918089,
            "user_type": "registered",
            "user_id": 7498328,
            "accept_rate": 92,
            "link": "https://stackoverflow.com/users/7498328/user321627",
            "profile_image": "https://www.gravatar.com/avatar/1c2dd368382879485b3e6b60a0c3ba65?s=256&d=identicon&r=PG&f=1",
            "display_name": "user321627"
        },
        {
            "badge_counts": {
                "bronze": 36,
                "silver": 26,
                "gold": 2
            },
            "account_id": 6805,
            "is_employee": false,
            "last_modified_date": 1607615590,
            "last_access_date": 1678209332,
            "reputation_change_year": 10,
            "reputation_change_quarter": 10,
            "reputation_change_month": 0,
            "reputation_change_week": 0,
            "reputation_change_day": 0,
            "reputation": 2513,
            "creation_date": 1221556217,
            "user_type": "registered",
            "user_id": 11562,
            "accept_rate": 77,
            "location": "Waltrop, Germany",
            "website_url": "http://www.lcorneliussen.com",
            "link": "https://stackoverflow.com/users/11562/lars-corneliussen",
            "profile_image": "https://www.gravatar.com/avatar/aaeebaaa6034c7566462cf2ae67e668a?s=256&d=identicon&r=PG",
            "display_name": "Lars Corneliussen"
        },
        {
            "badge_counts": {
                "bronze": 21,
                "silver": 19,
                "gold": 1
            },
            "account_id": 33205,
            "is_employee": false,
            "last_modified_date": 1607615449,
            "last_access_date": 1666461741,
            "reputation_change_year": 0,
            "reputation_change_quarter": 0,
            "reputation_change_month": 0,
            "reputation_change_week": 0,
            "reputation_change_day": 0,
            "reputation": 2513,
            "creation_date": 1240148985,
            "user_type": "registered",
            "user_id": 92763,
            "accept_rate": 86,
            "location": "Oradea, Romania",
            "website_url": "http://adrianmester.com",
            "link": "https://stackoverflow.com/users/92763/adrian-mester",
            "profile_image": "https://www.gravatar.com/avatar/17184445ee9560870a1f199907a5f3e0?s=256&d=identicon&r=PG",
            "display_name": "Adrian Mester"
        },
        {
            "badge_counts": {
                "bronze": 23,
                "silver": 20,
                "gold": 0
            },
            "account_id": 41445,
            "is_employee": false,
            "last_modified_date": 1661081100,
            "last_access_date": 1678122292,
            "reputation_change_year": 10,
            "reputation_change_quarter": 10,
            "reputation_change_month": 0,
            "reputation_change_week": 0,
            "reputation_change_day": 0,
            "reputation": 2513,
            "creation_date": 1244630702,
            "user_type": "registered",
            "user_id": 120448,
            "location": "Rotterdam, The Netherlands",
            "website_url": "http://www.magnafacta.nl",
            "link": "https://stackoverflow.com/users/120448/matijs",
            "profile_image": "https://www.gravatar.com/avatar/59824afa9a2944c565b336116ebcdde7?s=256&d=identicon&r=PG",
            "display_name": "Matijs"
        },
        {
            "badge_counts": {
                "bronze": 3,
                "silver": 14,
                "gold": 1
            },
            "account_id": 594311,
            "is_employee": false,
            "last_modified_date": 1593335100,
            "last_access_date": 1267786103,
            "reputation_change_year": 0,
            "reputation_change_quarter": 0,
            "reputation_change_month": 0,
            "reputation_change_week": 0,
            "reputation_change_day": 0,
            "reputation": 2513,
            "creation_date": 1267782780,
            "user_type": "unregistered",
            "user_id": 286998,
            "link": "https://stackoverflow.com/users/286998/tardis",
            "profile_image": "https://www.gravatar.com/avatar/a0bf422f2a5aed36f3924b4e09cf6d18?s=256&d=identicon&r=PG",
            "display_name": "Tardis"
        },
        {
            "badge_counts": {
                "bronze": 42,
                "silver": 28,
                "gold": 5
            },
            "account_id": 175479,
            "is_employee": false,
            "last_modified_date": 1668359100,
            "last_access_date": 1678350166,
            "reputation_change_year": 0,
            "reputation_change_quarter": 0,
            "reputation_change_month": 0,
            "reputation_change_week": 0,
            "reputation_change_day": 0,
            "reputation": 2513,
            "creation_date": 1280397658,
            "user_type": "registered",
            "user_id": 405525,
            "accept_rate": 81,
            "location": "Dublin, Ireland",
            "website_url": "",
            "link": "https://stackoverflow.com/users/405525/bangdel",
            "profile_image": "https://i.stack.imgur.com/6FKIe.jpg?s=256&g=1",
            "display_name": "Bangdel"
        },
        {
            "badge_counts": {
                "bronze": 34,
                "silver": 27,
                "gold": 2
            },
            "account_id": 176223,
            "is_employee": false,
            "last_modified_date": 1592408120,
            "last_access_date": 1678273844,
            "reputation_change_year": 30,
            "reputation_change_quarter": 30,
            "reputation_change_month": 10,
            "reputation_change_week": 0,
            "reputation_change_day": 0,
            "reputation": 2513,
            "creation_date": 1280497494,
            "user_type": "registered",
            "user_id": 406772,
            "website_url": "",
            "link": "https://stackoverflow.com/users/406772/sajjan-singh",
            "profile_image": "https://www.gravatar.com/avatar/ba0d0d320777853efcf861a5a7a1881d?s=256&d=identicon&r=PG",
            "display_name": "Sajjan Singh"
        },
        {
            "badge_counts": {
                "bronze": 42,
                "silver": 27,
                "gold": 5
            },
            "account_id": 201683,
            "is_employee": false,
            "last_modified_date": 1573684871,
            "last_access_date": 1427212156,
            "reputation_change_year": 0,
            "reputation_change_quarter": 0,
            "reputation_change_month": 0,
            "reputation_change_week": 0,
            "reputation_change_day": 0,
            "reputation": 2513,
            "creation_date": 1265709269,
            "user_type": "registered",
            "user_id": 448294,
            "accept_rate": 100,
            "location": "London, United Kingdom",
            "website_url": "http://alexefish.com",
            "link": "https://stackoverflow.com/users/448294/alex",
            "profile_image": "https://www.gravatar.com/avatar/873f1385e923dbe12d3f62e9d6c0f6ba?s=256&d=identicon&r=PG",
            "display_name": "Alex"
        },
        {
            "badge_counts": {
                "bronze": 54,
                "silver": 34,
                "gold": 6
            },
            "account_id": 219708,
            "is_employee": false,
            "last_modified_date": 1657877700,
            "last_access_date": 1436723073,
            "reputation_change_year": 10,
            "reputation_change_quarter": 10,
            "reputation_change_month": 0,
            "reputation_change_week": 0,
            "reputation_change_day": 0,
            "reputation": 2513,
            "creation_date": 1287137553,
            "user_type": "registered",
            "user_id": 476756,
            "accept_rate": 95,
            "location": "EU",
            "website_url": "",
            "link": "https://stackoverflow.com/users/476756/arnthor",
            "profile_image": "https://www.gravatar.com/avatar/cbfda527efbf427ad0abd89ab76d6193?s=256&d=identicon&r=PG",
            "display_name": "Arnthor"
        },
        {
            "badge_counts": {
                "bronze": 43,
                "silver": 29,
                "gold": 5
            },
            "account_id": 239740,
            "is_employee": false,
            "last_modified_date": 1589814817,
            "last_access_date": 1678372261,
            "reputation_change_year": 10,
            "reputation_change_quarter": 10,
            "reputation_change_month": 0,
            "reputation_change_week": 0,
            "reputation_change_day": 0,
            "reputation": 2513,
            "creation_date": 1289913685,
            "user_type": "registered",
            "user_id": 509555,
            "accept_rate": 88,
            "location": "Copenhagen, Danmark",
            "website_url": "http://www.gfindlay.co.uk",
            "link": "https://stackoverflow.com/users/509555/finoutlook",
            "profile_image": "https://i.stack.imgur.com/fQF8g.png?s=256&g=1",
            "display_name": "finoutlook"
        },
        {
            "badge_counts": {
                "bronze": 57,
                "silver": 40,
                "gold": 13
            },
            "account_id": 375363,
            "is_employee": false,
            "last_modified_date": 1618016401,
            "last_access_date": 1678295252,
            "reputation_change_year": 30,
            "reputation_change_quarter": 30,
            "reputation_change_month": 0,
            "reputation_change_week": 0,
            "reputation_change_day": 0,
            "reputation": 2513,
            "creation_date": 1303852490,
            "user_type": "registered",
            "user_id": 726150,
            "accept_rate": 85,
            "location": "United Kingdom",
            "website_url": "http://www.devilwah.com",
            "link": "https://stackoverflow.com/users/726150/devilwah",
            "profile_image": "https://www.gravatar.com/avatar/d93ef297f89c59c1df8878f80ce4c37b?s=256&d=identicon&r=PG",
            "display_name": "DevilWAH"
        },
        {
            "badge_counts": {
                "bronze": 34,
                "silver": 23,
                "gold": 0
            },
            "account_id": 452281,
            "is_employee": false,
            "last_modified_date": 1644229868,
            "last_access_date": 1678376093,
            "reputation_change_year": 0,
            "reputation_change_quarter": 0,
            "reputation_change_month": 0,
            "reputation_change_week": 0,
            "reputation_change_day": 0,
            "reputation": 2513,
            "creation_date": 1310904917,
            "user_type": "registered",
            "user_id": 848634,
            "location": "Paris, France",
            "website_url": "http://nowcoding.net",
            "link": "https://stackoverflow.com/users/848634/polkduran",
            "profile_image": "https://www.gravatar.com/avatar/9594239de591e6ea5c641a1f75ca350b?s=256&d=identicon&r=PG",
            "display_name": "polkduran"
        },
        {
            "badge_counts": {
                "bronze": 37,
                "silver": 25,
                "gold": 2
            },
            "account_id": 1037822,
            "is_employee": false,
            "last_modified_date": 1574470831,
            "last_access_date": 1493652566,
            "reputation_change_year": 0,
            "reputation_change_quarter": 0,
            "reputation_change_month": 0,
            "reputation_change_week": 0,
            "reputation_change_day": 0,
            "reputation": 2513,
            "creation_date": 1321215900,
            "user_type": "registered",
            "user_id": 1044561,
            "accept_rate": 100,
            "location": "Chicago, IL",
            "website_url": "http://gabegaster.com",
            "link": "https://stackoverflow.com/users/1044561/gabe",
            "profile_image": "https://i.stack.imgur.com/cOjPX.jpg?s=256&g=1",
            "display_name": "gabe"
        },
        {
            "badge_counts": {
                "bronze": 73,
                "silver": 31,
                "gold": 7
            },
            "account_id": 268882,
            "is_employee": false,
            "last_modified_date": 1676467200,
            "last_access_date": 1678367125,
            "reputation_change_year": 12,
            "reputation_change_quarter": 12,
            "reputation_change_month": 0,
            "reputation_change_week": 0,
            "reputation_change_day": 0,
            "reputation": 2513,
            "creation_date": 1293618657,
            "user_type": "registered",
            "user_id": 1133359,
            "accept_rate": 91,
            "location": "Pakistan",
            "website_url": "",
            "link": "https://stackoverflow.com/users/1133359/confusedmind",
            "profile_image": "https://i.stack.imgur.com/SlGDC.jpg?s=256&g=1",
            "display_name": "confusedMind"
        },
        {
            "badge_counts": {
                "bronze": 18,
                "silver": 18,
                "gold": 1
            },
            "account_id": 1207171,
            "is_employee": false,
            "last_modified_date": 1607614959,
            "last_access_date": 1678328424,
            "reputation_change_year": 10,
            "reputation_change_quarter": 10,
            "reputation_change_month": 0,
            "reputation_change_week": 0,
            "reputation_change_day": 0,
            "reputation": 2513,
            "creation_date": 1327845800,
            "user_type": "registered",
            "user_id": 1176526,
            "location": "Bangalore",
            "website_url": "",
            "link": "https://stackoverflow.com/users/1176526/shashank-hegde",
            "profile_image": "https://i.stack.imgur.com/eMVQ9.jpg?s=256&g=1",
            "display_name": "Shashank Hegde"
        },
        {
            "badge_counts": {
                "bronze": 19,
                "silver": 20,
                "gold": 2
            },
            "account_id": 1294691,
            "is_employee": false,
            "last_modified_date": 1607614941,
            "last_access_date": 1678365396,
            "reputation_change_year": 20,
            "reputation_change_quarter": 20,
            "reputation_change_month": 0,
            "reputation_change_week": 0,
            "reputation_change_day": 0,
            "reputation": 2513,
            "creation_date": 1330725704,
            "user_type": "registered",
            "user_id": 1246063,
            "location": "Moscow, Russia",
            "website_url": "",
            "link": "https://stackoverflow.com/users/1246063/mikhail-ponkin",
            "profile_image": "https://www.gravatar.com/avatar/055eb39bcdd0dbe79766a7ef5d4dae51?s=256&d=identicon&r=PG",
            "display_name": "Mikhail Ponkin"
        },
        {
            "badge_counts": {
                "bronze": 57,
                "silver": 33,
                "gold": 6
            },
            "account_id": 1302390,
            "is_employee": false,
            "last_modified_date": 1631387100,
            "last_access_date": 1650015223,
            "reputation_change_year": 10,
            "reputation_change_quarter": 10,
            "reputation_change_month": 0,
            "reputation_change_week": 0,
            "reputation_change_day": 0,
            "reputation": 2513,
            "creation_date": 1331033055,
            "user_type": "registered",
            "user_id": 1252040,
            "accept_rate": 91,
            "location": "Dublin, Ireland",
            "website_url": "http://www.unlimitedhost.ie/",
            "link": "https://stackoverflow.com/users/1252040/topcat3",
            "profile_image": "https://i.stack.imgur.com/xpGnU.jpg?s=256&g=1",
            "display_name": "topcat3"
        },
        {
            "badge_counts": {
                "bronze": 6,
                "silver": 14,
                "gold": 1
            },
            "account_id": 1353908,
            "is_employee": false,
            "last_modified_date": 1601117100,
            "last_access_date": 1677833858,
            "reputation_change_year": 30,
            "reputation_change_quarter": 30,
            "reputation_change_month": 10,
            "reputation_change_week": 10,
            "reputation_change_day": 0,
            "reputation": 2513,
            "creation_date": 1332756248,
            "user_type": "registered",
            "user_id": 1292707,
            "location": "Milton Keynes, United Kingdom",
            "website_url": "http://tjhunt.blogspot.co.uk/",
            "link": "https://stackoverflow.com/users/1292707/tim-hunt",
            "profile_image": "https://www.gravatar.com/avatar/49369f9759e484d6b76388ce9db34350?s=256&d=identicon&r=PG",
            "display_name": "Tim Hunt"
        },
        {
            "badge_counts": {
                "bronze": 59,
                "silver": 33,
                "gold": 3
            },
            "account_id": 1587504,
            "is_employee": false,
            "last_modified_date": 1573682338,
            "last_access_date": 1675262395,
            "reputation_change_year": 50,
            "reputation_change_quarter": 50,
            "reputation_change_month": 10,
            "reputation_change_week": 10,
            "reputation_change_day": 0,
            "reputation": 2513,
            "creation_date": 1340267678,
            "user_type": "registered",
            "user_id": 1471516,
            "accept_rate": 79,
            "website_url": "",
            "link": "https://stackoverflow.com/users/1471516/silex",
            "profile_image": "https://www.gravatar.com/avatar/81da05dd8a2f0d78ffd3005acf06f27f?s=256&d=identicon&r=PG",
            "display_name": "Silex"
        },
        {
            "badge_counts": {
                "bronze": 12,
                "silver": 12,
                "gold": 0
            },
            "account_id": 1632012,
            "is_employee": false,
            "last_modified_date": 1642088100,
            "last_access_date": 1438705627,
            "reputation_change_year": 0,
            "reputation_change_quarter": 0,
            "reputation_change_month": 0,
            "reputation_change_week": 0,
            "reputation_change_day": 0,
            "reputation": 2513,
            "creation_date": 1341568174,
            "user_type": "registered",
            "user_id": 1506358,
            "website_url": "",
            "link": "https://stackoverflow.com/users/1506358/bgi",
            "profile_image": "https://www.gravatar.com/avatar/44b4d4f8d8e04bff700a8dba8cb2a4f0?s=256&d=identicon&r=PG",
            "display_name": "Bgi"
        },
        {
            "badge_counts": {
                "bronze": 14,
                "silver": 12,
                "gold": 1
            },
            "account_id": 1895513,
            "is_employee": false,
            "last_modified_date": 1656972000,
            "last_access_date": 1479866268,
            "reputation_change_year": 10,
            "reputation_change_quarter": 10,
            "reputation_change_month": 0,
            "reputation_change_week": 0,
            "reputation_change_day": 0,
            "reputation": 2513,
            "creation_date": 1349115161,
            "user_type": "registered",
            "user_id": 1712580,
            "location": "USA",
            "website_url": "",
            "link": "https://stackoverflow.com/users/1712580/rottingham",
            "profile_image": "https://www.gravatar.com/avatar/ac40bbaf1f4460b5e85880aa58a39b82?s=256&d=identicon&r=PG",
            "display_name": "Rottingham"
        }
    ],
    "has_more": true,
    "backoff": 10,
    "quota_max": 10000,
    "quota_remaining": 6862
}